=== RUN   TestPerfHTTPActiveHistoryMatrix
=== RUN   TestPerfHTTPActiveHistoryMatrix/history_1000/clients_20
    perfdiag_test.go:279: PERF_REQUEST {"history":1000,"clients":20,"client":0,"repetition":0,"latency_ms":22.216491,"status":200}
    perfdiag_test.go:279: PERF_REQUEST {"history":1000,"clients":20,"client":0,"repetition":1,"latency_ms":25.456364,"status":200}
    perfdiag_test.go:279: PERF_REQUEST {"history":1000,"clients":20,"client":1,"repetition":0,"latency_ms":20.873482,"status":200}
    perfdiag_test.go:279: PERF_REQUEST {"history":1000,"clients":20,"client":1,"repetition":1,"latency_ms":25.587659,"status":200}
    perfdiag_test.go:279: PERF_REQUEST {"history":1000,"clients":20,"client":2,"repetition":0,"latency_ms":3.051271,"status":200}
    perfdiag_test.go:279: PERF_REQUEST {"history":1000,"clients":20,"client":2,"repetition":1,"latency_ms":1.357436,"status":200}
    perfdiag_test.go:279: PERF_REQUEST {"history":1000,"clients":20,"client":3,"repetition":0,"latency_ms":19.609519,"status":200}
    perfdiag_test.go:279: PERF_REQUEST {"history":1000,"clients":20,"client":3,"repetition":1,"latency_ms":25.627153,"status":200}
    perfdiag_test.go:279: PERF_REQUEST {"history":1000,"clients":20,"client":4,"repetition":0,"latency_ms":18.333876,"status":200}
    perfdiag_test.go:279: PERF_REQUEST {"history":1000,"clients":20,"client":4,"repetition":1,"latency_ms":25.666978,"status":200}
    perfdiag_test.go:279: PERF_REQUEST {"history":1000,"clients":20,"client":5,"repetition":0,"latency_ms":15.391128,"status":200}
    perfdiag_test.go:279: PERF_REQUEST {"history":1000,"clients":20,"client":5,"repetition":1,"latency_ms":25.403626,"status":200}
    perfdiag_test.go:279: PERF_REQUEST {"history":1000,"clients":20,"client":6,"repetition":0,"latency_ms":14.074728,"status":200}
    perfdiag_test.go:279: PERF_REQUEST {"history":1000,"clients":20,"client":6,"repetition":1,"latency_ms":25.919329,"status":200}
    perfdiag_test.go:279: PERF_REQUEST {"history":1000,"clients":20,"client":7,"repetition":0,"latency_ms":12.780039,"status":200}
    perfdiag_test.go:279: PERF_REQUEST {"history":1000,"clients":20,"client":7,"repetition":1,"latency_ms":25.965966,"status":200}
    perfdiag_test.go:279: PERF_REQUEST {"history":1000,"clients":20,"client":8,"repetition":0,"latency_ms":11.505718,"status":200}
    perfdiag_test.go:279: PERF_REQUEST {"history":1000,"clients":20,"client":8,"repetition":1,"latency_ms":26.038161,"status":200}
    perfdiag_test.go:279: PERF_REQUEST {"history":1000,"clients":20,"client":9,"repetition":0,"latency_ms":10.279888,"status":200}
    perfdiag_test.go:279: PERF_REQUEST {"history":1000,"clients":20,"client":9,"repetition":1,"latency_ms":25.902288,"status":200}
    perfdiag_test.go:279: PERF_REQUEST {"history":1000,"clients":20,"client":10,"repetition":0,"latency_ms":9.006569,"status":200}
    perfdiag_test.go:279: PERF_REQUEST {"history":1000,"clients":20,"client":10,"repetition":1,"latency_ms":25.912746,"status":200}
    perfdiag_test.go:279: PERF_REQUEST {"history":1000,"clients":20,"client":11,"repetition":0,"latency_ms":17.072529,"status":200}
    perfdiag_test.go:279: PERF_REQUEST {"history":1000,"clients":20,"client":11,"repetition":1,"latency_ms":25.701792,"status":200}
    perfdiag_test.go:279: PERF_REQUEST {"history":1000,"clients":20,"client":12,"repetition":0,"latency_ms":5.622946,"status":200}
    perfdiag_test.go:279: PERF_REQUEST {"history":1000,"clients":20,"client":12,"repetition":1,"latency_ms":25.518069,"status":200}
    perfdiag_test.go:279: PERF_REQUEST {"history":1000,"clients":20,"client":13,"repetition":0,"latency_ms":29.704522,"status":200}
    perfdiag_test.go:279: PERF_REQUEST {"history":1000,"clients":20,"client":13,"repetition":1,"latency_ms":24.850102,"status":200}
    perfdiag_test.go:279: PERF_REQUEST {"history":1000,"clients":20,"client":14,"repetition":0,"latency_ms":28.421074,"status":200}
    perfdiag_test.go:279: PERF_REQUEST {"history":1000,"clients":20,"client":14,"repetition":1,"latency_ms":24.848298,"status":200}
    perfdiag_test.go:279: PERF_REQUEST {"history":1000,"clients":20,"client":15,"repetition":0,"latency_ms":7.745352,"status":200}
    perfdiag_test.go:279: PERF_REQUEST {"history":1000,"clients":20,"client":15,"repetition":1,"latency_ms":25.963552,"status":200}
    perfdiag_test.go:279: PERF_REQUEST {"history":1000,"clients":20,"client":16,"repetition":0,"latency_ms":25.916144,"status":200}
    perfdiag_test.go:279: PERF_REQUEST {"history":1000,"clients":20,"client":16,"repetition":1,"latency_ms":24.585808,"status":200}
    perfdiag_test.go:279: PERF_REQUEST {"history":1000,"clients":20,"client":17,"repetition":0,"latency_ms":27.190214,"status":200}
    perfdiag_test.go:279: PERF_REQUEST {"history":1000,"clients":20,"client":17,"repetition":1,"latency_ms":24.934981,"status":200}
    perfdiag_test.go:279: PERF_REQUEST {"history":1000,"clients":20,"client":18,"repetition":0,"latency_ms":1.582016,"status":200}
    perfdiag_test.go:279: PERF_REQUEST {"history":1000,"clients":20,"client":18,"repetition":1,"latency_ms":29.480073,"status":200}
    perfdiag_test.go:279: PERF_REQUEST {"history":1000,"clients":20,"client":19,"repetition":0,"latency_ms":23.910446,"status":200}
    perfdiag_test.go:279: PERF_REQUEST {"history":1000,"clients":20,"client":19,"repetition":1,"latency_ms":25.100269,"status":200}
    perfdiag_test.go:291: PERF_PERSIST {"clients":20,"history":1000,"persist_index":0,"save_ms":1.480957,"snapshot_bytes":230157,"wchar_delta":230157,"write_bytes_delta":233472}
    perfdiag_test.go:291: PERF_PERSIST {"clients":20,"history":1000,"persist_index":1,"save_ms":1.389796,"snapshot_bytes":231580,"wchar_delta":231580,"write_bytes_delta":233472}
    perfdiag_test.go:291: PERF_PERSIST {"clients":20,"history":1000,"persist_index":2,"save_ms":1.291793,"snapshot_bytes":231635,"wchar_delta":231635,"write_bytes_delta":233472}
    perfdiag_test.go:291: PERF_PERSIST {"clients":20,"history":1000,"persist_index":3,"save_ms":1.288858,"snapshot_bytes":231635,"wchar_delta":231635,"write_bytes_delta":233472}
    perfdiag_test.go:291: PERF_PERSIST {"clients":20,"history":1000,"persist_index":4,"save_ms":2.113759,"snapshot_bytes":231635,"wchar_delta":231635,"write_bytes_delta":233472}
    perfdiag_test.go:291: PERF_PERSIST {"clients":20,"history":1000,"persist_index":5,"save_ms":1.255997,"snapshot_bytes":231690,"wchar_delta":231690,"write_bytes_delta":233472}
    perfdiag_test.go:291: PERF_PERSIST {"clients":20,"history":1000,"persist_index":6,"save_ms":1.291894,"snapshot_bytes":231745,"wchar_delta":231745,"write_bytes_delta":233472}
    perfdiag_test.go:291: PERF_PERSIST {"clients":20,"history":1000,"persist_index":7,"save_ms":1.218717,"snapshot_bytes":231800,"wchar_delta":231800,"write_bytes_delta":233472}
    perfdiag_test.go:291: PERF_PERSIST {"clients":20,"history":1000,"persist_index":8,"save_ms":1.265204,"snapshot_bytes":231855,"wchar_delta":231855,"write_bytes_delta":233472}
    perfdiag_test.go:291: PERF_PERSIST {"clients":20,"history":1000,"persist_index":9,"save_ms":1.291693,"snapshot_bytes":231910,"wchar_delta":231910,"write_bytes_delta":233472}
    perfdiag_test.go:291: PERF_PERSIST {"clients":20,"history":1000,"persist_index":10,"save_ms":1.216803,"snapshot_bytes":231965,"wchar_delta":231965,"write_bytes_delta":233472}
    perfdiag_test.go:291: PERF_PERSIST {"clients":20,"history":1000,"persist_index":11,"save_ms":1.759898,"snapshot_bytes":232020,"wchar_delta":232020,"write_bytes_delta":233472}
    perfdiag_test.go:291: PERF_PERSIST {"clients":20,"history":1000,"persist_index":12,"save_ms":1.252069,"snapshot_bytes":232075,"wchar_delta":232075,"write_bytes_delta":233472}
    perfdiag_test.go:291: PERF_PERSIST {"clients":20,"history":1000,"persist_index":13,"save_ms":1.274511,"snapshot_bytes":232130,"wchar_delta":232138,"write_bytes_delta":233472}
    perfdiag_test.go:291: PERF_PERSIST {"clients":20,"history":1000,"persist_index":14,"save_ms":1.255626,"snapshot_bytes":232185,"wchar_delta":232185,"write_bytes_delta":233472}
    perfdiag_test.go:291: PERF_PERSIST {"clients":20,"history":1000,"persist_index":15,"save_ms":1.340665,"snapshot_bytes":232240,"wchar_delta":232240,"write_bytes_delta":233472}
    perfdiag_test.go:291: PERF_PERSIST {"clients":20,"history":1000,"persist_index":16,"save_ms":1.275783,"snapshot_bytes":232295,"wchar_delta":232295,"write_bytes_delta":233472}
    perfdiag_test.go:291: PERF_PERSIST {"clients":20,"history":1000,"persist_index":17,"save_ms":1.984037,"snapshot_bytes":232350,"wchar_delta":232350,"write_bytes_delta":233472}
    perfdiag_test.go:291: PERF_PERSIST {"clients":20,"history":1000,"persist_index":18,"save_ms":1.270353,"snapshot_bytes":232405,"wchar_delta":232405,"write_bytes_delta":233472}
    perfdiag_test.go:291: PERF_PERSIST {"clients":20,"history":1000,"persist_index":19,"save_ms":1.222815,"snapshot_bytes":232460,"wchar_delta":232460,"write_bytes_delta":233472}
    perfdiag_test.go:291: PERF_PERSIST {"clients":20,"history":1000,"persist_index":20,"save_ms":1.271356,"snapshot_bytes":232515,"wchar_delta":232515,"write_bytes_delta":233472}
    perfdiag_test.go:291: PERF_PERSIST {"clients":20,"history":1000,"persist_index":21,"save_ms":1.22024,"snapshot_bytes":232570,"wchar_delta":232570,"write_bytes_delta":233472}
    perfdiag_test.go:291: PERF_PERSIST {"clients":20,"history":1000,"persist_index":22,"save_ms":1.26323,"snapshot_bytes":232625,"wchar_delta":232625,"write_bytes_delta":233472}
    perfdiag_test.go:291: PERF_PERSIST {"clients":20,"history":1000,"persist_index":23,"save_ms":1.555957,"snapshot_bytes":232625,"wchar_delta":232625,"write_bytes_delta":233472}
    perfdiag_test.go:291: PERF_PERSIST {"clients":20,"history":1000,"persist_index":24,"save_ms":1.238364,"snapshot_bytes":232625,"wchar_delta":232625,"write_bytes_delta":233472}
    perfdiag_test.go:291: PERF_PERSIST {"clients":20,"history":1000,"persist_index":25,"save_ms":1.222013,"snapshot_bytes":232625,"wchar_delta":232625,"write_bytes_delta":233472}
    perfdiag_test.go:291: PERF_PERSIST {"clients":20,"history":1000,"persist_index":26,"save_ms":1.333933,"snapshot_bytes":232625,"wchar_delta":232625,"write_bytes_delta":233472}
    perfdiag_test.go:291: PERF_PERSIST {"clients":20,"history":1000,"persist_index":27,"save_ms":1.225049,"snapshot_bytes":232625,"wchar_delta":232625,"write_bytes_delta":233472}
    perfdiag_test.go:291: PERF_PERSIST {"clients":20,"history":1000,"persist_index":28,"save_ms":1.256237,"snapshot_bytes":232625,"wchar_delta":232625,"write_bytes_delta":233472}
    perfdiag_test.go:291: PERF_PERSIST {"clients":20,"history":1000,"persist_index":29,"save_ms":1.227614,"snapshot_bytes":232625,"wchar_delta":232625,"write_bytes_delta":233472}
    perfdiag_test.go:291: PERF_PERSIST {"clients":20,"history":1000,"persist_index":30,"save_ms":1.512537,"snapshot_bytes":232625,"wchar_delta":232625,"write_bytes_delta":233472}
    perfdiag_test.go:291: PERF_PERSIST {"clients":20,"history":1000,"persist_index":31,"save_ms":1.231822,"snapshot_bytes":232625,"wchar_delta":232625,"write_bytes_delta":233472}
    perfdiag_test.go:291: PERF_PERSIST {"clients":20,"history":1000,"persist_index":32,"save_ms":1.223927,"snapshot_bytes":232625,"wchar_delta":232625,"write_bytes_delta":233472}
    perfdiag_test.go:291: PERF_PERSIST {"clients":20,"history":1000,"persist_index":33,"save_ms":1.210301,"snapshot_bytes":232625,"wchar_delta":232625,"write_bytes_delta":233472}
    perfdiag_test.go:291: PERF_PERSIST {"clients":20,"history":1000,"persist_index":34,"save_ms":1.220962,"snapshot_bytes":232625,"wchar_delta":232625,"write_bytes_delta":233472}
    perfdiag_test.go:291: PERF_PERSIST {"clients":20,"history":1000,"persist_index":35,"save_ms":1.209149,"snapshot_bytes":232625,"wchar_delta":232625,"write_bytes_delta":233472}
    perfdiag_test.go:291: PERF_PERSIST {"clients":20,"history":1000,"persist_index":36,"save_ms":1.190534,"snapshot_bytes":232625,"wchar_delta":232625,"write_bytes_delta":233472}
    perfdiag_test.go:291: PERF_PERSIST {"clients":20,"history":1000,"persist_index":37,"save_ms":1.599078,"snapshot_bytes":232625,"wchar_delta":232625,"write_bytes_delta":233472}
    perfdiag_test.go:291: PERF_PERSIST {"clients":20,"history":1000,"persist_index":38,"save_ms":1.201745,"snapshot_bytes":232625,"wchar_delta":232625,"write_bytes_delta":233472}
    perfdiag_test.go:291: PERF_PERSIST {"clients":20,"history":1000,"persist_index":39,"save_ms":1.205432,"snapshot_bytes":232625,"wchar_delta":232625,"write_bytes_delta":233472}
    perfdiag_test.go:291: PERF_IO_SUMMARY {"bytes_per_persist":232252.55,"clients":20,"elapsed_seconds":0.054820831,"emitted_to_net_file_growth_ratio":3545.8404580152674,"final_file_bytes":232625,"history":1000,"initial_file_bytes":230005,"net_file_growth_bytes":2620,"persist_calls":40,"persist_per_request":1,"persist_per_second":729.6496472299007,"proc_io_available":true,"ratio_denominator":"net snapshot file growth, not logical mutation bytes","snapshot_emitted_bytes":9290102,"wchar_delta":9290110,"write_bytes_delta":9338880,"write_bytes_per_second":170352762.43805936}
    perfdiag_test.go:292: PERF_SUMMARY {"audit_count":1040,"clients":20,"elapsed_seconds":0.054820831,"failures":0,"goroutines_after":3,"goroutines_before":23,"goroutines_delta":-20,"heap_after_bytes":2067208,"heap_before_bytes":1509984,"heap_delta_bytes":557224,"history":1000,"max_ms":29.704522,"numgc_delta":6,"p50_ms":24.850102,"p95_ms":28.421074,"p99_ms":29.704522,"pause_delta_ns":174745,"polls":2,"rate_requests_per_second":729.6496472299007,"requests":40,"snapshot_bytes":232625,"successes":40,"totalalloc_delta_bytes":15749840}
=== RUN   TestPerfHTTPActiveHistoryMatrix/history_1000/clients_40
    perfdiag_test.go:279: PERF_REQUEST {"history":1000,"clients":40,"client":0,"repetition":0,"latency_ms":24.915063,"status":200}
    perfdiag_test.go:279: PERF_REQUEST {"history":1000,"clients":40,"client":0,"repetition":1,"latency_ms":67.04995,"status":200}
    perfdiag_test.go:279: PERF_REQUEST {"history":1000,"clients":40,"client":1,"repetition":0,"latency_ms":23.301468,"status":200}
    perfdiag_test.go:279: PERF_REQUEST {"history":1000,"clients":40,"client":1,"repetition":1,"latency_ms":67.460988,"status":200}
    perfdiag_test.go:279: PERF_REQUEST {"history":1000,"clients":40,"client":2,"repetition":0,"latency_ms":21.77755,"status":200}
    perfdiag_test.go:279: PERF_REQUEST {"history":1000,"clients":40,"client":2,"repetition":1,"latency_ms":67.489161,"status":200}
    perfdiag_test.go:279: PERF_REQUEST {"history":1000,"clients":40,"client":3,"repetition":0,"latency_ms":19.637362,"status":200}
    perfdiag_test.go:279: PERF_REQUEST {"history":1000,"clients":40,"client":3,"repetition":1,"latency_ms":67.191745,"status":200}
    perfdiag_test.go:279: PERF_REQUEST {"history":1000,"clients":40,"client":4,"repetition":0,"latency_ms":18.083128,"status":200}
    perfdiag_test.go:279: PERF_REQUEST {"history":1000,"clients":40,"client":4,"repetition":1,"latency_ms":67.757152,"status":200}
    perfdiag_test.go:279: PERF_REQUEST {"history":1000,"clients":40,"client":5,"repetition":0,"latency_ms":2.332939,"status":200}
    perfdiag_test.go:279: PERF_REQUEST {"history":1000,"clients":40,"client":5,"repetition":1,"latency_ms":1.801836,"status":200}
    perfdiag_test.go:279: PERF_REQUEST {"history":1000,"clients":40,"client":6,"repetition":0,"latency_ms":14.552631,"status":200}
    perfdiag_test.go:279: PERF_REQUEST {"history":1000,"clients":40,"client":6,"repetition":1,"latency_ms":67.647297,"status":200}
    perfdiag_test.go:279: PERF_REQUEST {"history":1000,"clients":40,"client":7,"repetition":0,"latency_ms":12.92486,"status":200}
    perfdiag_test.go:279: PERF_REQUEST {"history":1000,"clients":40,"client":7,"repetition":1,"latency_ms":67.846439,"status":200}
    perfdiag_test.go:279: PERF_REQUEST {"history":1000,"clients":40,"client":8,"repetition":0,"latency_ms":11.284004,"status":200}
    perfdiag_test.go:279: PERF_REQUEST {"history":1000,"clients":40,"client":8,"repetition":1,"latency_ms":68.090644,"status":200}
    perfdiag_test.go:279: PERF_REQUEST {"history":1000,"clients":40,"client":9,"repetition":0,"latency_ms":9.174282,"status":200}
    perfdiag_test.go:279: PERF_REQUEST {"history":1000,"clients":40,"client":9,"repetition":1,"latency_ms":68.539212,"status":200}
    perfdiag_test.go:279: PERF_REQUEST {"history":1000,"clients":40,"client":10,"repetition":0,"latency_ms":7.623725,"status":200}
    perfdiag_test.go:279: PERF_REQUEST {"history":1000,"clients":40,"client":10,"repetition":1,"latency_ms":68.205179,"status":200}
    perfdiag_test.go:279: PERF_REQUEST {"history":1000,"clients":40,"client":11,"repetition":0,"latency_ms":16.514778,"status":200}
    perfdiag_test.go:279: PERF_REQUEST {"history":1000,"clients":40,"client":11,"repetition":1,"latency_ms":67.783611,"status":200}
    perfdiag_test.go:279: PERF_REQUEST {"history":1000,"clients":40,"client":12,"repetition":0,"latency_ms":69.085564,"status":200}
    perfdiag_test.go:279: PERF_REQUEST {"history":1000,"clients":40,"client":12,"repetition":1,"latency_ms":66.85715,"status":200}
    perfdiag_test.go:279: PERF_REQUEST {"history":1000,"clients":40,"client":13,"repetition":0,"latency_ms":67.549594,"status":200}
    perfdiag_test.go:279: PERF_REQUEST {"history":1000,"clients":40,"client":13,"repetition":1,"latency_ms":66.883399,"status":200}
    perfdiag_test.go:279: PERF_REQUEST {"history":1000,"clients":40,"client":14,"repetition":0,"latency_ms":65.719875,"status":200}
    perfdiag_test.go:279: PERF_REQUEST {"history":1000,"clients":40,"client":14,"repetition":1,"latency_ms":66.41792,"status":200}
    perfdiag_test.go:279: PERF_REQUEST {"history":1000,"clients":40,"client":15,"repetition":0,"latency_ms":70.619049,"status":200}
    perfdiag_test.go:279: PERF_REQUEST {"history":1000,"clients":40,"client":15,"repetition":1,"latency_ms":66.898017,"status":200}
    perfdiag_test.go:279: PERF_REQUEST {"history":1000,"clients":40,"client":16,"repetition":0,"latency_ms":62.437883,"status":200}
    perfdiag_test.go:279: PERF_REQUEST {"history":1000,"clients":40,"client":16,"repetition":1,"latency_ms":66.535779,"status":200}
    perfdiag_test.go:279: PERF_REQUEST {"history":1000,"clients":40,"client":17,"repetition":0,"latency_ms":39.04763,"status":200}
    perfdiag_test.go:279: PERF_REQUEST {"history":1000,"clients":40,"client":17,"repetition":1,"latency_ms":66.673608,"status":200}
    perfdiag_test.go:279: PERF_REQUEST {"history":1000,"clients":40,"client":18,"repetition":0,"latency_ms":64.170911,"status":200}
    perfdiag_test.go:279: PERF_REQUEST {"history":1000,"clients":40,"client":18,"repetition":1,"latency_ms":66.394716,"status":200}
    perfdiag_test.go:279: PERF_REQUEST {"history":1000,"clients":40,"client":19,"repetition":0,"latency_ms":60.522655,"status":200}
    perfdiag_test.go:279: PERF_REQUEST {"history":1000,"clients":40,"client":19,"repetition":1,"latency_ms":65.986053,"status":200}
    perfdiag_test.go:279: PERF_REQUEST {"history":1000,"clients":40,"client":20,"repetition":0,"latency_ms":57.70523,"status":200}
    perfdiag_test.go:279: PERF_REQUEST {"history":1000,"clients":40,"client":20,"repetition":1,"latency_ms":66.615929,"status":200}
    perfdiag_test.go:279: PERF_REQUEST {"history":1000,"clients":40,"client":21,"repetition":0,"latency_ms":72.910761,"status":200}
    perfdiag_test.go:279: PERF_REQUEST {"history":1000,"clients":40,"client":21,"repetition":1,"latency_ms":66.614176,"status":200}
    perfdiag_test.go:279: PERF_REQUEST {"history":1000,"clients":40,"client":22,"repetition":0,"latency_ms":54.175405,"status":200}
    perfdiag_test.go:279: PERF_REQUEST {"history":1000,"clients":40,"client":22,"repetition":1,"latency_ms":66.274371,"status":200}
    perfdiag_test.go:279: PERF_REQUEST {"history":1000,"clients":40,"client":23,"repetition":0,"latency_ms":52.666435,"status":200}
    perfdiag_test.go:279: PERF_REQUEST {"history":1000,"clients":40,"client":23,"repetition":1,"latency_ms":66.565255,"status":200}
    perfdiag_test.go:279: PERF_REQUEST {"history":1000,"clients":40,"client":24,"repetition":0,"latency_ms":56.172957,"status":200}
    perfdiag_test.go:279: PERF_REQUEST {"history":1000,"clients":40,"client":24,"repetition":1,"latency_ms":66.576085,"status":200}
    perfdiag_test.go:279: PERF_REQUEST {"history":1000,"clients":40,"client":25,"repetition":0,"latency_ms":47.525019,"status":200}
    perfdiag_test.go:279: PERF_REQUEST {"history":1000,"clients":40,"client":25,"repetition":1,"latency_ms":66.373297,"status":200}
    perfdiag_test.go:279: PERF_REQUEST {"history":1000,"clients":40,"client":26,"repetition":0,"latency_ms":45.949705,"status":200}
    perfdiag_test.go:279: PERF_REQUEST {"history":1000,"clients":40,"client":26,"repetition":1,"latency_ms":66.385679,"status":200}
    perfdiag_test.go:279: PERF_REQUEST {"history":1000,"clients":40,"client":27,"repetition":0,"latency_ms":42.310877,"status":200}
    perfdiag_test.go:279: PERF_REQUEST {"history":1000,"clients":40,"client":27,"repetition":1,"latency_ms":66.453295,"status":200}
    perfdiag_test.go:279: PERF_REQUEST {"history":1000,"clients":40,"client":28,"repetition":0,"latency_ms":51.094768,"status":200}
    perfdiag_test.go:279: PERF_REQUEST {"history":1000,"clients":40,"client":28,"repetition":1,"latency_ms":66.572849,"status":200}
    perfdiag_test.go:279: PERF_REQUEST {"history":1000,"clients":40,"client":29,"repetition":0,"latency_ms":49.108778,"status":200}
    perfdiag_test.go:279: PERF_REQUEST {"history":1000,"clients":40,"client":29,"repetition":1,"latency_ms":65.842684,"status":200}
    perfdiag_test.go:279: PERF_REQUEST {"history":1000,"clients":40,"client":30,"repetition":0,"latency_ms":26.85645,"status":200}
    perfdiag_test.go:279: PERF_REQUEST {"history":1000,"clients":40,"client":30,"repetition":1,"latency_ms":66.952088,"status":200}
    perfdiag_test.go:279: PERF_REQUEST {"history":1000,"clients":40,"client":31,"repetition":0,"latency_ms":6.007034,"status":200}
    perfdiag_test.go:279: PERF_REQUEST {"history":1000,"clients":40,"client":31,"repetition":1,"latency_ms":68.3825,"status":200}
    perfdiag_test.go:279: PERF_REQUEST {"history":1000,"clients":40,"client":32,"repetition":0,"latency_ms":28.369146,"status":200}
    perfdiag_test.go:279: PERF_REQUEST {"history":1000,"clients":40,"client":32,"repetition":1,"latency_ms":67.360752,"status":200}
    perfdiag_test.go:279: PERF_REQUEST {"history":1000,"clients":40,"client":33,"repetition":0,"latency_ms":29.834284,"status":200}
    perfdiag_test.go:279: PERF_REQUEST {"history":1000,"clients":40,"client":33,"repetition":1,"latency_ms":67.452663,"status":200}
    perfdiag_test.go:279: PERF_REQUEST {"history":1000,"clients":40,"client":34,"repetition":0,"latency_ms":31.418183,"status":200}
    perfdiag_test.go:279: PERF_REQUEST {"history":1000,"clients":40,"client":34,"repetition":1,"latency_ms":66.765048,"status":200}
    perfdiag_test.go:279: PERF_REQUEST {"history":1000,"clients":40,"client":35,"repetition":0,"latency_ms":33.638933,"status":200}
    perfdiag_test.go:279: PERF_REQUEST {"history":1000,"clients":40,"client":35,"repetition":1,"latency_ms":66.582457,"status":200}
    perfdiag_test.go:279: PERF_REQUEST {"history":1000,"clients":40,"client":36,"repetition":0,"latency_ms":35.115993,"status":200}
    perfdiag_test.go:279: PERF_REQUEST {"history":1000,"clients":40,"client":36,"repetition":1,"latency_ms":67.068165,"status":200}
    perfdiag_test.go:279: PERF_REQUEST {"history":1000,"clients":40,"client":37,"repetition":0,"latency_ms":36.621877,"status":200}
    perfdiag_test.go:279: PERF_REQUEST {"history":1000,"clients":40,"client":37,"repetition":1,"latency_ms":67.048898,"status":200}
    perfdiag_test.go:279: PERF_REQUEST {"history":1000,"clients":40,"client":38,"repetition":0,"latency_ms":40.784775,"status":200}
    perfdiag_test.go:279: PERF_REQUEST {"history":1000,"clients":40,"client":38,"repetition":1,"latency_ms":66.424402,"status":200}
    perfdiag_test.go:279: PERF_REQUEST {"history":1000,"clients":40,"client":39,"repetition":0,"latency_ms":43.932076,"status":200}
    perfdiag_test.go:279: PERF_REQUEST {"history":1000,"clients":40,"client":39,"repetition":1,"latency_ms":66.14038,"status":200}
    perfdiag_test.go:291: PERF_PERSIST {"clients":40,"history":1000,"persist_index":0,"save_ms":2.248301,"snapshot_bytes":300517,"wchar_delta":300517,"write_bytes_delta":303104}
    perfdiag_test.go:291: PERF_PERSIST {"clients":40,"history":1000,"persist_index":1,"save_ms":1.718691,"snapshot_bytes":303460,"wchar_delta":303460,"write_bytes_delta":307200}
    perfdiag_test.go:291: PERF_PERSIST {"clients":40,"history":1000,"persist_index":2,"save_ms":1.841521,"snapshot_bytes":303460,"wchar_delta":303460,"write_bytes_delta":307200}
    perfdiag_test.go:291: PERF_PERSIST {"clients":40,"history":1000,"persist_index":3,"save_ms":1.713862,"snapshot_bytes":303460,"wchar_delta":303460,"write_bytes_delta":307200}
    perfdiag_test.go:291: PERF_PERSIST {"clients":40,"history":1000,"persist_index":4,"save_ms":1.542031,"snapshot_bytes":303515,"wchar_delta":303515,"write_bytes_delta":307200}
    perfdiag_test.go:291: PERF_PERSIST {"clients":40,"history":1000,"persist_index":5,"save_ms":1.802718,"snapshot_bytes":303570,"wchar_delta":303570,"write_bytes_delta":307200}
    perfdiag_test.go:291: PERF_PERSIST {"clients":40,"history":1000,"persist_index":6,"save_ms":1.858082,"snapshot_bytes":303625,"wchar_delta":303625,"write_bytes_delta":307200}
    perfdiag_test.go:291: PERF_PERSIST {"clients":40,"history":1000,"persist_index":7,"save_ms":1.547712,"snapshot_bytes":303680,"wchar_delta":303680,"write_bytes_delta":307200}
    perfdiag_test.go:291: PERF_PERSIST {"clients":40,"history":1000,"persist_index":8,"save_ms":2.016488,"snapshot_bytes":303735,"wchar_delta":303735,"write_bytes_delta":307200}
    perfdiag_test.go:291: PERF_PERSIST {"clients":40,"history":1000,"persist_index":9,"save_ms":1.561247,"snapshot_bytes":303790,"wchar_delta":303790,"write_bytes_delta":307200}
    perfdiag_test.go:291: PERF_PERSIST {"clients":40,"history":1000,"persist_index":10,"save_ms":1.52541,"snapshot_bytes":303845,"wchar_delta":303845,"write_bytes_delta":307200}
    perfdiag_test.go:291: PERF_PERSIST {"clients":40,"history":1000,"persist_index":11,"save_ms":2.107077,"snapshot_bytes":303900,"wchar_delta":303900,"write_bytes_delta":307200}
    perfdiag_test.go:291: PERF_PERSIST {"clients":40,"history":1000,"persist_index":12,"save_ms":1.508839,"snapshot_bytes":303955,"wchar_delta":303955,"write_bytes_delta":307200}
    perfdiag_test.go:291: PERF_PERSIST {"clients":40,"history":1000,"persist_index":13,"save_ms":1.590922,"snapshot_bytes":304010,"wchar_delta":304010,"write_bytes_delta":307200}
    perfdiag_test.go:291: PERF_PERSIST {"clients":40,"history":1000,"persist_index":14,"save_ms":2.025665,"snapshot_bytes":304065,"wchar_delta":304065,"write_bytes_delta":307200}
    perfdiag_test.go:291: PERF_PERSIST {"clients":40,"history":1000,"persist_index":15,"save_ms":1.545998,"snapshot_bytes":304120,"wchar_delta":304120,"write_bytes_delta":307200}
    perfdiag_test.go:291: PERF_PERSIST {"clients":40,"history":1000,"persist_index":16,"save_ms":1.502628,"snapshot_bytes":304175,"wchar_delta":304175,"write_bytes_delta":307200}
    perfdiag_test.go:291: PERF_PERSIST {"clients":40,"history":1000,"persist_index":17,"save_ms":1.672996,"snapshot_bytes":304230,"wchar_delta":304230,"write_bytes_delta":307200}
    perfdiag_test.go:291: PERF_PERSIST {"clients":40,"history":1000,"persist_index":18,"save_ms":2.236208,"snapshot_bytes":304285,"wchar_delta":304285,"write_bytes_delta":307200}
    perfdiag_test.go:291: PERF_PERSIST {"clients":40,"history":1000,"persist_index":19,"save_ms":1.56292,"snapshot_bytes":304340,"wchar_delta":304340,"write_bytes_delta":307200}
    perfdiag_test.go:291: PERF_PERSIST {"clients":40,"history":1000,"persist_index":20,"save_ms":1.525711,"snapshot_bytes":304395,"wchar_delta":304395,"write_bytes_delta":307200}
    perfdiag_test.go:291: PERF_PERSIST {"clients":40,"history":1000,"persist_index":21,"save_ms":1.561899,"snapshot_bytes":304450,"wchar_delta":304450,"write_bytes_delta":307200}
    perfdiag_test.go:291: PERF_PERSIST {"clients":40,"history":1000,"persist_index":22,"save_ms":2.66009,"snapshot_bytes":304505,"wchar_delta":304505,"write_bytes_delta":307200}
    perfdiag_test.go:291: PERF_PERSIST {"clients":40,"history":1000,"persist_index":23,"save_ms":1.524348,"snapshot_bytes":304560,"wchar_delta":304560,"write_bytes_delta":307200}
    perfdiag_test.go:291: PERF_PERSIST {"clients":40,"history":1000,"persist_index":24,"save_ms":1.534608,"snapshot_bytes":304615,"wchar_delta":304615,"write_bytes_delta":307200}
    perfdiag_test.go:291: PERF_PERSIST {"clients":40,"history":1000,"persist_index":25,"save_ms":2.056613,"snapshot_bytes":304670,"wchar_delta":304670,"write_bytes_delta":307200}
    perfdiag_test.go:291: PERF_PERSIST {"clients":40,"history":1000,"persist_index":26,"save_ms":1.570635,"snapshot_bytes":304725,"wchar_delta":304725,"write_bytes_delta":307200}
    perfdiag_test.go:291: PERF_PERSIST {"clients":40,"history":1000,"persist_index":27,"save_ms":1.56286,"snapshot_bytes":304780,"wchar_delta":304780,"write_bytes_delta":307200}
    perfdiag_test.go:291: PERF_PERSIST {"clients":40,"history":1000,"persist_index":28,"save_ms":1.960664,"snapshot_bytes":304835,"wchar_delta":304835,"write_bytes_delta":307200}
    perfdiag_test.go:291: PERF_PERSIST {"clients":40,"history":1000,"persist_index":29,"save_ms":1.565616,"snapshot_bytes":304890,"wchar_delta":304890,"write_bytes_delta":307200}
    perfdiag_test.go:291: PERF_PERSIST {"clients":40,"history":1000,"persist_index":30,"save_ms":1.501245,"snapshot_bytes":304945,"wchar_delta":304945,"write_bytes_delta":307200}
    perfdiag_test.go:291: PERF_PERSIST {"clients":40,"history":1000,"persist_index":31,"save_ms":1.977054,"snapshot_bytes":305000,"wchar_delta":305000,"write_bytes_delta":307200}
    perfdiag_test.go:291: PERF_PERSIST {"clients":40,"history":1000,"persist_index":32,"save_ms":1.526593,"snapshot_bytes":305055,"wchar_delta":305055,"write_bytes_delta":307200}
    perfdiag_test.go:291: PERF_PERSIST {"clients":40,"history":1000,"persist_index":33,"save_ms":1.534938,"snapshot_bytes":305110,"wchar_delta":305110,"write_bytes_delta":307200}
    perfdiag_test.go:291: PERF_PERSIST {"clients":40,"history":1000,"persist_index":34,"save_ms":2.037407,"snapshot_bytes":305165,"wchar_delta":305165,"write_bytes_delta":307200}
    perfdiag_test.go:291: PERF_PERSIST {"clients":40,"history":1000,"persist_index":35,"save_ms":1.721436,"snapshot_bytes":305220,"wchar_delta":305220,"write_bytes_delta":307200}
    perfdiag_test.go:291: PERF_PERSIST {"clients":40,"history":1000,"persist_index":36,"save_ms":1.532954,"snapshot_bytes":305275,"wchar_delta":305275,"write_bytes_delta":307200}
    perfdiag_test.go:291: PERF_PERSIST {"clients":40,"history":1000,"persist_index":37,"save_ms":1.7717,"snapshot_bytes":305330,"wchar_delta":305330,"write_bytes_delta":307200}
    perfdiag_test.go:291: PERF_PERSIST {"clients":40,"history":1000,"persist_index":38,"save_ms":1.556889,"snapshot_bytes":305385,"wchar_delta":305385,"write_bytes_delta":307200}
    perfdiag_test.go:291: PERF_PERSIST {"clients":40,"history":1000,"persist_index":39,"save_ms":1.517887,"snapshot_bytes":305440,"wchar_delta":305440,"write_bytes_delta":307200}
    perfdiag_test.go:291: PERF_PERSIST {"clients":40,"history":1000,"persist_index":40,"save_ms":1.625768,"snapshot_bytes":305495,"wchar_delta":305495,"write_bytes_delta":307200}
    perfdiag_test.go:291: PERF_PERSIST {"clients":40,"history":1000,"persist_index":41,"save_ms":2.074776,"snapshot_bytes":305550,"wchar_delta":305550,"write_bytes_delta":307200}
    perfdiag_test.go:291: PERF_PERSIST {"clients":40,"history":1000,"persist_index":42,"save_ms":1.535259,"snapshot_bytes":305605,"wchar_delta":305605,"write_bytes_delta":307200}
    perfdiag_test.go:291: PERF_PERSIST {"clients":40,"history":1000,"persist_index":43,"save_ms":1.881135,"snapshot_bytes":305605,"wchar_delta":305605,"write_bytes_delta":307200}
    perfdiag_test.go:291: PERF_PERSIST {"clients":40,"history":1000,"persist_index":44,"save_ms":1.556197,"snapshot_bytes":305605,"wchar_delta":305605,"write_bytes_delta":307200}
    perfdiag_test.go:291: PERF_PERSIST {"clients":40,"history":1000,"persist_index":45,"save_ms":1.541491,"snapshot_bytes":305605,"wchar_delta":305605,"write_bytes_delta":307200}
    perfdiag_test.go:291: PERF_PERSIST {"clients":40,"history":1000,"persist_index":46,"save_ms":1.869994,"snapshot_bytes":305605,"wchar_delta":305605,"write_bytes_delta":307200}
    perfdiag_test.go:291: PERF_PERSIST {"clients":40,"history":1000,"persist_index":47,"save_ms":1.549836,"snapshot_bytes":305605,"wchar_delta":305605,"write_bytes_delta":307200}
    perfdiag_test.go:291: PERF_PERSIST {"clients":40,"history":1000,"persist_index":48,"save_ms":1.539977,"snapshot_bytes":305605,"wchar_delta":305605,"write_bytes_delta":307200}
    perfdiag_test.go:291: PERF_PERSIST {"clients":40,"history":1000,"persist_index":49,"save_ms":1.515721,"snapshot_bytes":305605,"wchar_delta":305605,"write_bytes_delta":307200}
    perfdiag_test.go:291: PERF_PERSIST {"clients":40,"history":1000,"persist_index":50,"save_ms":1.869002,"snapshot_bytes":305605,"wchar_delta":305605,"write_bytes_delta":307200}
    perfdiag_test.go:291: PERF_PERSIST {"clients":40,"history":1000,"persist_index":51,"save_ms":1.5311,"snapshot_bytes":305605,"wchar_delta":305605,"write_bytes_delta":307200}
    perfdiag_test.go:291: PERF_PERSIST {"clients":40,"history":1000,"persist_index":52,"save_ms":1.539587,"snapshot_bytes":305605,"wchar_delta":305605,"write_bytes_delta":307200}
    perfdiag_test.go:291: PERF_PERSIST {"clients":40,"history":1000,"persist_index":53,"save_ms":1.545538,"snapshot_bytes":305605,"wchar_delta":305605,"write_bytes_delta":307200}
    perfdiag_test.go:291: PERF_PERSIST {"clients":40,"history":1000,"persist_index":54,"save_ms":1.940255,"snapshot_bytes":305605,"wchar_delta":305605,"write_bytes_delta":307200}
    perfdiag_test.go:291: PERF_PERSIST {"clients":40,"history":1000,"persist_index":55,"save_ms":1.561046,"snapshot_bytes":305605,"wchar_delta":305605,"write_bytes_delta":307200}
    perfdiag_test.go:291: PERF_PERSIST {"clients":40,"history":1000,"persist_index":56,"save_ms":1.559053,"snapshot_bytes":305605,"wchar_delta":305605,"write_bytes_delta":307200}
    perfdiag_test.go:291: PERF_PERSIST {"clients":40,"history":1000,"persist_index":57,"save_ms":1.507838,"snapshot_bytes":305605,"wchar_delta":305605,"write_bytes_delta":307200}
    perfdiag_test.go:291: PERF_PERSIST {"clients":40,"history":1000,"persist_index":58,"save_ms":2.01743,"snapshot_bytes":305605,"wchar_delta":305605,"write_bytes_delta":307200}
    perfdiag_test.go:291: PERF_PERSIST {"clients":40,"history":1000,"persist_index":59,"save_ms":1.516634,"snapshot_bytes":305605,"wchar_delta":305605,"write_bytes_delta":307200}
    perfdiag_test.go:291: PERF_PERSIST {"clients":40,"history":1000,"persist_index":60,"save_ms":1.531872,"snapshot_bytes":305605,"wchar_delta":305605,"write_bytes_delta":307200}
    perfdiag_test.go:291: PERF_PERSIST {"clients":40,"history":1000,"persist_index":61,"save_ms":2.075999,"snapshot_bytes":305605,"wchar_delta":305605,"write_bytes_delta":307200}
    perfdiag_test.go:291: PERF_PERSIST {"clients":40,"history":1000,"persist_index":62,"save_ms":1.551519,"snapshot_bytes":305605,"wchar_delta":305605,"write_bytes_delta":307200}
    perfdiag_test.go:291: PERF_PERSIST {"clients":40,"history":1000,"persist_index":63,"save_ms":1.683986,"snapshot_bytes":305605,"wchar_delta":305605,"write_bytes_delta":307200}
    perfdiag_test.go:291: PERF_PERSIST {"clients":40,"history":1000,"persist_index":64,"save_ms":1.672766,"snapshot_bytes":305605,"wchar_delta":305605,"write_bytes_delta":307200}
    perfdiag_test.go:291: PERF_PERSIST {"clients":40,"history":1000,"persist_index":65,"save_ms":1.554735,"snapshot_bytes":305605,"wchar_delta":305605,"write_bytes_delta":307200}
    perfdiag_test.go:291: PERF_PERSIST {"clients":40,"history":1000,"persist_index":66,"save_ms":1.509571,"snapshot_bytes":305605,"wchar_delta":305605,"write_bytes_delta":307200}
    perfdiag_test.go:291: PERF_PERSIST {"clients":40,"history":1000,"persist_index":67,"save_ms":2.218084,"snapshot_bytes":305605,"wchar_delta":305605,"write_bytes_delta":307200}
    perfdiag_test.go:291: PERF_PERSIST {"clients":40,"history":1000,"persist_index":68,"save_ms":1.542622,"snapshot_bytes":305605,"wchar_delta":305605,"write_bytes_delta":307200}
    perfdiag_test.go:291: PERF_PERSIST {"clients":40,"history":1000,"persist_index":69,"save_ms":1.518989,"snapshot_bytes":305605,"wchar_delta":305605,"write_bytes_delta":307200}
    perfdiag_test.go:291: PERF_PERSIST {"clients":40,"history":1000,"persist_index":70,"save_ms":1.983566,"snapshot_bytes":305605,"wchar_delta":305605,"write_bytes_delta":307200}
    perfdiag_test.go:291: PERF_PERSIST {"clients":40,"history":1000,"persist_index":71,"save_ms":1.574481,"snapshot_bytes":305605,"wchar_delta":305605,"write_bytes_delta":307200}
    perfdiag_test.go:291: PERF_PERSIST {"clients":40,"history":1000,"persist_index":72,"save_ms":1.546199,"snapshot_bytes":305605,"wchar_delta":305605,"write_bytes_delta":307200}
    perfdiag_test.go:291: PERF_PERSIST {"clients":40,"history":1000,"persist_index":73,"save_ms":1.92624,"snapshot_bytes":305605,"wchar_delta":305605,"write_bytes_delta":307200}
    perfdiag_test.go:291: PERF_PERSIST {"clients":40,"history":1000,"persist_index":74,"save_ms":1.58427,"snapshot_bytes":305605,"wchar_delta":305605,"write_bytes_delta":307200}
    perfdiag_test.go:291: PERF_PERSIST {"clients":40,"history":1000,"persist_index":75,"save_ms":1.577698,"snapshot_bytes":305605,"wchar_delta":305605,"write_bytes_delta":307200}
    perfdiag_test.go:291: PERF_PERSIST {"clients":40,"history":1000,"persist_index":76,"save_ms":2.216782,"snapshot_bytes":305605,"wchar_delta":305605,"write_bytes_delta":307200}
    perfdiag_test.go:291: PERF_PERSIST {"clients":40,"history":1000,"persist_index":77,"save_ms":1.523727,"snapshot_bytes":305605,"wchar_delta":305605,"write_bytes_delta":307200}
    perfdiag_test.go:291: PERF_PERSIST {"clients":40,"history":1000,"persist_index":78,"save_ms":1.557781,"snapshot_bytes":305605,"wchar_delta":305605,"write_bytes_delta":307200}
    perfdiag_test.go:291: PERF_PERSIST {"clients":40,"history":1000,"persist_index":79,"save_ms":1.82466,"snapshot_bytes":305605,"wchar_delta":305605,"write_bytes_delta":307200}
    perfdiag_test.go:291: PERF_IO_SUMMARY {"bytes_per_persist":304951.525,"clients":40,"elapsed_seconds":0.139656002,"emitted_to_net_file_growth_ratio":4655.748473282442,"final_file_bytes":305605,"history":1000,"initial_file_bytes":300365,"net_file_growth_bytes":5240,"persist_calls":80,"persist_per_request":1,"persist_per_second":572.8361033849444,"proc_io_available":true,"ratio_denominator":"net snapshot file growth, not logical mutation bytes","snapshot_emitted_bytes":24396122,"wchar_delta":24396122,"write_bytes_delta":24571904,"write_bytes_per_second":175945921.7513616}
    perfdiag_test.go:292: PERF_SUMMARY {"audit_count":1080,"clients":40,"elapsed_seconds":0.139656002,"failures":0,"goroutines_after":3,"goroutines_before":43,"goroutines_delta":-40,"heap_after_bytes":1951664,"heap_before_bytes":2917336,"heap_delta_bytes":-965672,"history":1000,"max_ms":72.910761,"numgc_delta":26,"p50_ms":66.14038,"p95_ms":68.3825,"p99_ms":72.910761,"pause_delta_ns":686195,"polls":2,"rate_requests_per_second":572.8361033849444,"requests":80,"snapshot_bytes":305605,"successes":80,"totalalloc_delta_bytes":42644376}
=== RUN   TestPerfHTTPActiveHistoryMatrix/history_10000/clients_20
    perfdiag_test.go:279: PERF_REQUEST {"history":10000,"clients":20,"client":0,"repetition":0,"latency_ms":190.867299,"status":200}
    perfdiag_test.go:279: PERF_REQUEST {"history":10000,"clients":20,"client":0,"repetition":1,"latency_ms":178.019663,"status":200}
    perfdiag_test.go:279: PERF_REQUEST {"history":10000,"clients":20,"client":1,"repetition":0,"latency_ms":39.323885,"status":200}
    perfdiag_test.go:279: PERF_REQUEST {"history":10000,"clients":20,"client":1,"repetition":1,"latency_ms":181.077867,"status":200}
    perfdiag_test.go:279: PERF_REQUEST {"history":10000,"clients":20,"client":2,"repetition":0,"latency_ms":180.281239,"status":200}
    perfdiag_test.go:279: PERF_REQUEST {"history":10000,"clients":20,"client":2,"repetition":1,"latency_ms":175.489155,"status":200}
    perfdiag_test.go:279: PERF_REQUEST {"history":10000,"clients":20,"client":3,"repetition":0,"latency_ms":171.880663,"status":200}
    perfdiag_test.go:279: PERF_REQUEST {"history":10000,"clients":20,"client":3,"repetition":1,"latency_ms":177.678255,"status":200}
    perfdiag_test.go:279: PERF_REQUEST {"history":10000,"clients":20,"client":4,"repetition":0,"latency_ms":80.736093,"status":200}
    perfdiag_test.go:279: PERF_REQUEST {"history":10000,"clients":20,"client":4,"repetition":1,"latency_ms":181.148149,"status":200}
    perfdiag_test.go:279: PERF_REQUEST {"history":10000,"clients":20,"client":5,"repetition":0,"latency_ms":162.587058,"status":200}
    perfdiag_test.go:279: PERF_REQUEST {"history":10000,"clients":20,"client":5,"repetition":1,"latency_ms":177.908395,"status":200}
    perfdiag_test.go:279: PERF_REQUEST {"history":10000,"clients":20,"client":6,"repetition":0,"latency_ms":61.603103,"status":200}
    perfdiag_test.go:279: PERF_REQUEST {"history":10000,"clients":20,"client":6,"repetition":1,"latency_ms":179.486243,"status":200}
    perfdiag_test.go:279: PERF_REQUEST {"history":10000,"clients":20,"client":7,"repetition":0,"latency_ms":51.51266,"status":200}
    perfdiag_test.go:279: PERF_REQUEST {"history":10000,"clients":20,"client":7,"repetition":1,"latency_ms":180.992438,"status":200}
    perfdiag_test.go:279: PERF_REQUEST {"history":10000,"clients":20,"client":8,"repetition":0,"latency_ms":70.028586,"status":200}
    perfdiag_test.go:279: PERF_REQUEST {"history":10000,"clients":20,"client":8,"repetition":1,"latency_ms":179.914203,"status":200}
    perfdiag_test.go:279: PERF_REQUEST {"history":10000,"clients":20,"client":9,"repetition":0,"latency_ms":10.064946,"status":200}
    perfdiag_test.go:279: PERF_REQUEST {"history":10000,"clients":20,"client":9,"repetition":1,"latency_ms":10.634831,"status":200}
    perfdiag_test.go:279: PERF_REQUEST {"history":10000,"clients":20,"client":10,"repetition":0,"latency_ms":154.815377,"status":200}
    perfdiag_test.go:279: PERF_REQUEST {"history":10000,"clients":20,"client":10,"repetition":1,"latency_ms":178.348288,"status":200}
    perfdiag_test.go:279: PERF_REQUEST {"history":10000,"clients":20,"client":11,"repetition":0,"latency_ms":30.88085,"status":200}
    perfdiag_test.go:279: PERF_REQUEST {"history":10000,"clients":20,"client":11,"repetition":1,"latency_ms":181.2934,"status":200}
    perfdiag_test.go:279: PERF_REQUEST {"history":10000,"clients":20,"client":12,"repetition":0,"latency_ms":135.932706,"status":200}
    perfdiag_test.go:279: PERF_REQUEST {"history":10000,"clients":20,"client":12,"repetition":1,"latency_ms":177.378936,"status":200}
    perfdiag_test.go:279: PERF_REQUEST {"history":10000,"clients":20,"client":13,"repetition":0,"latency_ms":145.589328,"status":200}
    perfdiag_test.go:279: PERF_REQUEST {"history":10000,"clients":20,"client":13,"repetition":1,"latency_ms":178.526801,"status":200}
    perfdiag_test.go:279: PERF_REQUEST {"history":10000,"clients":20,"client":14,"repetition":0,"latency_ms":127.36134,"status":200}
    perfdiag_test.go:279: PERF_REQUEST {"history":10000,"clients":20,"client":14,"repetition":1,"latency_ms":178.511523,"status":200}
    perfdiag_test.go:279: PERF_REQUEST {"history":10000,"clients":20,"client":15,"repetition":0,"latency_ms":201.36863,"status":200}
    perfdiag_test.go:279: PERF_REQUEST {"history":10000,"clients":20,"client":15,"repetition":1,"latency_ms":176.645345,"status":200}
    perfdiag_test.go:279: PERF_REQUEST {"history":10000,"clients":20,"client":16,"repetition":0,"latency_ms":117.971245,"status":200}
    perfdiag_test.go:279: PERF_REQUEST {"history":10000,"clients":20,"client":16,"repetition":1,"latency_ms":178.794531,"status":200}
    perfdiag_test.go:279: PERF_REQUEST {"history":10000,"clients":20,"client":17,"repetition":0,"latency_ms":108.714279,"status":200}
    perfdiag_test.go:279: PERF_REQUEST {"history":10000,"clients":20,"client":17,"repetition":1,"latency_ms":179.409871,"status":200}
    perfdiag_test.go:279: PERF_REQUEST {"history":10000,"clients":20,"client":18,"repetition":0,"latency_ms":98.638392,"status":200}
    perfdiag_test.go:279: PERF_REQUEST {"history":10000,"clients":20,"client":18,"repetition":1,"latency_ms":178.502646,"status":200}
    perfdiag_test.go:279: PERF_REQUEST {"history":10000,"clients":20,"client":19,"repetition":0,"latency_ms":90.108144,"status":200}
    perfdiag_test.go:279: PERF_REQUEST {"history":10000,"clients":20,"client":19,"repetition":1,"latency_ms":179.658205,"status":200}
    perfdiag_test.go:291: PERF_PERSIST {"clients":20,"history":10000,"persist_index":0,"save_ms":9.972052,"snapshot_bytes":1670274,"wchar_delta":1670274,"write_bytes_delta":1671168}
    perfdiag_test.go:291: PERF_PERSIST {"clients":20,"history":10000,"persist_index":1,"save_ms":10.5432,"snapshot_bytes":1671621,"wchar_delta":1671621,"write_bytes_delta":1675264}
    perfdiag_test.go:291: PERF_PERSIST {"clients":20,"history":10000,"persist_index":2,"save_ms":10.140778,"snapshot_bytes":1671621,"wchar_delta":1671621,"write_bytes_delta":1675264}
    perfdiag_test.go:291: PERF_PERSIST {"clients":20,"history":10000,"persist_index":3,"save_ms":8.387512,"snapshot_bytes":1671621,"wchar_delta":1671621,"write_bytes_delta":1675264}
    perfdiag_test.go:291: PERF_PERSIST {"clients":20,"history":10000,"persist_index":4,"save_ms":12.184877,"snapshot_bytes":1671676,"wchar_delta":1671676,"write_bytes_delta":1675264}
    perfdiag_test.go:291: PERF_PERSIST {"clients":20,"history":10000,"persist_index":5,"save_ms":10.213533,"snapshot_bytes":1671731,"wchar_delta":1671731,"write_bytes_delta":1675264}
    perfdiag_test.go:291: PERF_PERSIST {"clients":20,"history":10000,"persist_index":6,"save_ms":8.405916,"snapshot_bytes":1671786,"wchar_delta":1671786,"write_bytes_delta":1675264}
    perfdiag_test.go:291: PERF_PERSIST {"clients":20,"history":10000,"persist_index":7,"save_ms":10.758682,"snapshot_bytes":1671841,"wchar_delta":1671841,"write_bytes_delta":1675264}
    perfdiag_test.go:291: PERF_PERSIST {"clients":20,"history":10000,"persist_index":8,"save_ms":10.042764,"snapshot_bytes":1671896,"wchar_delta":1671896,"write_bytes_delta":1675264}
    perfdiag_test.go:291: PERF_PERSIST {"clients":20,"history":10000,"persist_index":9,"save_ms":8.521402,"snapshot_bytes":1671951,"wchar_delta":1671951,"write_bytes_delta":1675264}
    perfdiag_test.go:291: PERF_PERSIST {"clients":20,"history":10000,"persist_index":10,"save_ms":10.050519,"snapshot_bytes":1672006,"wchar_delta":1672006,"write_bytes_delta":1675264}
    perfdiag_test.go:291: PERF_PERSIST {"clients":20,"history":10000,"persist_index":11,"save_ms":9.245285,"snapshot_bytes":1672061,"wchar_delta":1672061,"write_bytes_delta":1675264}
    perfdiag_test.go:291: PERF_PERSIST {"clients":20,"history":10000,"persist_index":12,"save_ms":9.379686,"snapshot_bytes":1672116,"wchar_delta":1672116,"write_bytes_delta":1675264}
    perfdiag_test.go:291: PERF_PERSIST {"clients":20,"history":10000,"persist_index":13,"save_ms":8.56337,"snapshot_bytes":1672171,"wchar_delta":1672171,"write_bytes_delta":1675264}
    perfdiag_test.go:291: PERF_PERSIST {"clients":20,"history":10000,"persist_index":14,"save_ms":9.625134,"snapshot_bytes":1672226,"wchar_delta":1672226,"write_bytes_delta":1675264}
    perfdiag_test.go:291: PERF_PERSIST {"clients":20,"history":10000,"persist_index":15,"save_ms":8.92713,"snapshot_bytes":1672281,"wchar_delta":1672281,"write_bytes_delta":1675264}
    perfdiag_test.go:291: PERF_PERSIST {"clients":20,"history":10000,"persist_index":16,"save_ms":8.682784,"snapshot_bytes":1672336,"wchar_delta":1672336,"write_bytes_delta":1675264}
    perfdiag_test.go:291: PERF_PERSIST {"clients":20,"history":10000,"persist_index":17,"save_ms":9.324352,"snapshot_bytes":1672391,"wchar_delta":1672391,"write_bytes_delta":1675264}
    perfdiag_test.go:291: PERF_PERSIST {"clients":20,"history":10000,"persist_index":18,"save_ms":8.417367,"snapshot_bytes":1672446,"wchar_delta":1672446,"write_bytes_delta":1675264}
    perfdiag_test.go:291: PERF_PERSIST {"clients":20,"history":10000,"persist_index":19,"save_ms":10.797345,"snapshot_bytes":1672501,"wchar_delta":1672501,"write_bytes_delta":1675264}
    perfdiag_test.go:291: PERF_PERSIST {"clients":20,"history":10000,"persist_index":20,"save_ms":10.50095,"snapshot_bytes":1672556,"wchar_delta":1672556,"write_bytes_delta":1675264}
    perfdiag_test.go:291: PERF_PERSIST {"clients":20,"history":10000,"persist_index":21,"save_ms":8.69122,"snapshot_bytes":1672611,"wchar_delta":1672611,"write_bytes_delta":1675264}
    perfdiag_test.go:291: PERF_PERSIST {"clients":20,"history":10000,"persist_index":22,"save_ms":10.970368,"snapshot_bytes":1672666,"wchar_delta":1672666,"write_bytes_delta":1675264}
    perfdiag_test.go:291: PERF_PERSIST {"clients":20,"history":10000,"persist_index":23,"save_ms":9.36598,"snapshot_bytes":1672666,"wchar_delta":1672666,"write_bytes_delta":1675264}
    perfdiag_test.go:291: PERF_PERSIST {"clients":20,"history":10000,"persist_index":24,"save_ms":8.553732,"snapshot_bytes":1672666,"wchar_delta":1672666,"write_bytes_delta":1675264}
    perfdiag_test.go:291: PERF_PERSIST {"clients":20,"history":10000,"persist_index":25,"save_ms":10.8434,"snapshot_bytes":1672666,"wchar_delta":1672666,"write_bytes_delta":1675264}
    perfdiag_test.go:291: PERF_PERSIST {"clients":20,"history":10000,"persist_index":26,"save_ms":10.073532,"snapshot_bytes":1672666,"wchar_delta":1672666,"write_bytes_delta":1675264}
    perfdiag_test.go:291: PERF_PERSIST {"clients":20,"history":10000,"persist_index":27,"save_ms":8.554303,"snapshot_bytes":1672666,"wchar_delta":1672666,"write_bytes_delta":1675264}
    perfdiag_test.go:291: PERF_PERSIST {"clients":20,"history":10000,"persist_index":28,"save_ms":9.315316,"snapshot_bytes":1672666,"wchar_delta":1672666,"write_bytes_delta":1675264}
    perfdiag_test.go:291: PERF_PERSIST {"clients":20,"history":10000,"persist_index":29,"save_ms":8.908735,"snapshot_bytes":1672666,"wchar_delta":1672666,"write_bytes_delta":1675264}
    perfdiag_test.go:291: PERF_PERSIST {"clients":20,"history":10000,"persist_index":30,"save_ms":8.54724,"snapshot_bytes":1672666,"wchar_delta":1672666,"write_bytes_delta":1675264}
    perfdiag_test.go:291: PERF_PERSIST {"clients":20,"history":10000,"persist_index":31,"save_ms":9.034711,"snapshot_bytes":1672666,"wchar_delta":1672666,"write_bytes_delta":1675264}
    perfdiag_test.go:291: PERF_PERSIST {"clients":20,"history":10000,"persist_index":32,"save_ms":8.460769,"snapshot_bytes":1672666,"wchar_delta":1672666,"write_bytes_delta":1675264}
    perfdiag_test.go:291: PERF_PERSIST {"clients":20,"history":10000,"persist_index":33,"save_ms":9.760927,"snapshot_bytes":1672666,"wchar_delta":1672666,"write_bytes_delta":1675264}
    perfdiag_test.go:291: PERF_PERSIST {"clients":20,"history":10000,"persist_index":34,"save_ms":8.985328,"snapshot_bytes":1672666,"wchar_delta":1672666,"write_bytes_delta":1675264}
    perfdiag_test.go:291: PERF_PERSIST {"clients":20,"history":10000,"persist_index":35,"save_ms":8.374047,"snapshot_bytes":1672666,"wchar_delta":1672666,"write_bytes_delta":1675264}
    perfdiag_test.go:291: PERF_PERSIST {"clients":20,"history":10000,"persist_index":36,"save_ms":8.800654,"snapshot_bytes":1672666,"wchar_delta":1672666,"write_bytes_delta":1675264}
    perfdiag_test.go:291: PERF_PERSIST {"clients":20,"history":10000,"persist_index":37,"save_ms":8.40802,"snapshot_bytes":1672666,"wchar_delta":1672666,"write_bytes_delta":1675264}
    perfdiag_test.go:291: PERF_PERSIST {"clients":20,"history":10000,"persist_index":38,"save_ms":11.134886,"snapshot_bytes":1672666,"wchar_delta":1672666,"write_bytes_delta":1675264}
    perfdiag_test.go:291: PERF_PERSIST {"clients":20,"history":10000,"persist_index":39,"save_ms":9.227491,"snapshot_bytes":1672666,"wchar_delta":1672666,"write_bytes_delta":1675264}
    perfdiag_test.go:291: PERF_IO_SUMMARY {"bytes_per_persist":1672292.7,"clients":20,"elapsed_seconds":0.380554131,"emitted_to_net_file_growth_ratio":25531.186259541984,"final_file_bytes":1672666,"history":10000,"initial_file_bytes":1670046,"net_file_growth_bytes":2620,"persist_calls":40,"persist_per_request":1,"persist_per_second":105.10988251497919,"proc_io_available":true,"ratio_denominator":"net snapshot file growth, not logical mutation bytes","snapshot_emitted_bytes":66891708,"wchar_delta":66891708,"write_bytes_delta":67006464,"write_bytes_per_second":176076038.96960455}
    perfdiag_test.go:292: PERF_SUMMARY {"audit_count":10040,"clients":20,"elapsed_seconds":0.380554131,"failures":0,"goroutines_after":3,"goroutines_before":23,"goroutines_delta":-20,"heap_after_bytes":4745976,"heap_before_bytes":4672480,"heap_delta_bytes":73496,"history":10000,"max_ms":201.36863,"numgc_delta":27,"p50_ms":176.645345,"p95_ms":181.2934,"p99_ms":201.36863,"pause_delta_ns":717759,"polls":2,"rate_requests_per_second":105.10988251497919,"requests":40,"snapshot_bytes":1672666,"successes":40,"totalalloc_delta_bytes":103458136}
=== RUN   TestPerfHTTPActiveHistoryMatrix/history_10000/clients_40
    perfdiag_test.go:279: PERF_REQUEST {"history":10000,"clients":40,"client":0,"repetition":0,"latency_ms":196.869063,"status":200}
    perfdiag_test.go:279: PERF_REQUEST {"history":10000,"clients":40,"client":0,"repetition":1,"latency_ms":382.411302,"status":200}
    perfdiag_test.go:279: PERF_REQUEST {"history":10000,"clients":40,"client":1,"repetition":0,"latency_ms":186.170774,"status":200}
    perfdiag_test.go:279: PERF_REQUEST {"history":10000,"clients":40,"client":1,"repetition":1,"latency_ms":384.102301,"status":200}
    perfdiag_test.go:279: PERF_REQUEST {"history":10000,"clients":40,"client":2,"repetition":0,"latency_ms":173.952944,"status":200}
    perfdiag_test.go:279: PERF_REQUEST {"history":10000,"clients":40,"client":2,"repetition":1,"latency_ms":381.790241,"status":200}
    perfdiag_test.go:279: PERF_REQUEST {"history":10000,"clients":40,"client":3,"repetition":0,"latency_ms":276.585129,"status":200}
    perfdiag_test.go:279: PERF_REQUEST {"history":10000,"clients":40,"client":3,"repetition":1,"latency_ms":389.648254,"status":200}
    perfdiag_test.go:279: PERF_REQUEST {"history":10000,"clients":40,"client":4,"repetition":0,"latency_ms":155.257462,"status":200}
    perfdiag_test.go:279: PERF_REQUEST {"history":10000,"clients":40,"client":4,"repetition":1,"latency_ms":384.20825,"status":200}
    perfdiag_test.go:279: PERF_REQUEST {"history":10000,"clients":40,"client":5,"repetition":0,"latency_ms":146.353126,"status":200}
    perfdiag_test.go:279: PERF_REQUEST {"history":10000,"clients":40,"client":5,"repetition":1,"latency_ms":382.941362,"status":200}
    perfdiag_test.go:279: PERF_REQUEST {"history":10000,"clients":40,"client":6,"repetition":0,"latency_ms":135.914862,"status":200}
    perfdiag_test.go:279: PERF_REQUEST {"history":10000,"clients":40,"client":6,"repetition":1,"latency_ms":384.837194,"status":200}
    perfdiag_test.go:279: PERF_REQUEST {"history":10000,"clients":40,"client":7,"repetition":0,"latency_ms":164.988014,"status":200}
    perfdiag_test.go:279: PERF_REQUEST {"history":10000,"clients":40,"client":7,"repetition":1,"latency_ms":385.657106,"status":200}
    perfdiag_test.go:279: PERF_REQUEST {"history":10000,"clients":40,"client":8,"repetition":0,"latency_ms":115.65656,"status":200}
    perfdiag_test.go:279: PERF_REQUEST {"history":10000,"clients":40,"client":8,"repetition":1,"latency_ms":384.153507,"status":200}
    perfdiag_test.go:279: PERF_REQUEST {"history":10000,"clients":40,"client":9,"repetition":0,"latency_ms":105.947669,"status":200}
    perfdiag_test.go:279: PERF_REQUEST {"history":10000,"clients":40,"client":9,"repetition":1,"latency_ms":383.110528,"status":200}
    perfdiag_test.go:279: PERF_REQUEST {"history":10000,"clients":40,"client":10,"repetition":0,"latency_ms":124.810384,"status":200}
    perfdiag_test.go:279: PERF_REQUEST {"history":10000,"clients":40,"client":10,"repetition":1,"latency_ms":383.248696,"status":200}
    perfdiag_test.go:279: PERF_REQUEST {"history":10000,"clients":40,"client":11,"repetition":0,"latency_ms":85.625589,"status":200}
    perfdiag_test.go:279: PERF_REQUEST {"history":10000,"clients":40,"client":11,"repetition":1,"latency_ms":386.336676,"status":200}
    perfdiag_test.go:279: PERF_REQUEST {"history":10000,"clients":40,"client":12,"repetition":0,"latency_ms":96.438261,"status":200}
    perfdiag_test.go:279: PERF_REQUEST {"history":10000,"clients":40,"client":12,"repetition":1,"latency_ms":384.418081,"status":200}
    perfdiag_test.go:279: PERF_REQUEST {"history":10000,"clients":40,"client":13,"repetition":0,"latency_ms":65.151333,"status":200}
    perfdiag_test.go:279: PERF_REQUEST {"history":10000,"clients":40,"client":13,"repetition":1,"latency_ms":386.806765,"status":200}
    perfdiag_test.go:279: PERF_REQUEST {"history":10000,"clients":40,"client":14,"repetition":0,"latency_ms":74.169342,"status":200}
    perfdiag_test.go:279: PERF_REQUEST {"history":10000,"clients":40,"client":14,"repetition":1,"latency_ms":386.326778,"status":200}
    perfdiag_test.go:279: PERF_REQUEST {"history":10000,"clients":40,"client":15,"repetition":0,"latency_ms":43.947554,"status":200}
    perfdiag_test.go:279: PERF_REQUEST {"history":10000,"clients":40,"client":15,"repetition":1,"latency_ms":389.660076,"status":200}
    perfdiag_test.go:279: PERF_REQUEST {"history":10000,"clients":40,"client":16,"repetition":0,"latency_ms":54.500763,"status":200}
    perfdiag_test.go:279: PERF_REQUEST {"history":10000,"clients":40,"client":16,"repetition":1,"latency_ms":388.589104,"status":200}
    perfdiag_test.go:279: PERF_REQUEST {"history":10000,"clients":40,"client":17,"repetition":0,"latency_ms":413.81602,"status":200}
    perfdiag_test.go:279: PERF_REQUEST {"history":10000,"clients":40,"client":17,"repetition":1,"latency_ms":396.590234,"status":200}
    perfdiag_test.go:279: PERF_REQUEST {"history":10000,"clients":40,"client":18,"repetition":0,"latency_ms":404.62112,"status":200}
    perfdiag_test.go:279: PERF_REQUEST {"history":10000,"clients":40,"client":18,"repetition":1,"latency_ms":395.045048,"status":200}
    perfdiag_test.go:279: PERF_REQUEST {"history":10000,"clients":40,"client":19,"repetition":0,"latency_ms":396.035518,"status":200}
    perfdiag_test.go:279: PERF_REQUEST {"history":10000,"clients":40,"client":19,"repetition":1,"latency_ms":390.999439,"status":200}
    perfdiag_test.go:279: PERF_REQUEST {"history":10000,"clients":40,"client":20,"repetition":0,"latency_ms":384.971595,"status":200}
    perfdiag_test.go:279: PERF_REQUEST {"history":10000,"clients":40,"client":20,"repetition":1,"latency_ms":393.220769,"status":200}
    perfdiag_test.go:279: PERF_REQUEST {"history":10000,"clients":40,"client":21,"repetition":0,"latency_ms":374.765916,"status":200}
    perfdiag_test.go:279: PERF_REQUEST {"history":10000,"clients":40,"client":21,"repetition":1,"latency_ms":392.716236,"status":200}
    perfdiag_test.go:279: PERF_REQUEST {"history":10000,"clients":40,"client":22,"repetition":0,"latency_ms":11.969255,"status":200}
    perfdiag_test.go:279: PERF_REQUEST {"history":10000,"clients":40,"client":22,"repetition":1,"latency_ms":11.463068,"status":200}
    perfdiag_test.go:279: PERF_REQUEST {"history":10000,"clients":40,"client":23,"repetition":0,"latency_ms":215.011661,"status":200}
    perfdiag_test.go:279: PERF_REQUEST {"history":10000,"clients":40,"client":23,"repetition":1,"latency_ms":386.374967,"status":200}
    perfdiag_test.go:279: PERF_REQUEST {"history":10000,"clients":40,"client":24,"repetition":0,"latency_ms":224.321487,"status":200}
    perfdiag_test.go:279: PERF_REQUEST {"history":10000,"clients":40,"client":24,"repetition":1,"latency_ms":384.175367,"status":200}
    perfdiag_test.go:279: PERF_REQUEST {"history":10000,"clients":40,"client":25,"repetition":0,"latency_ms":235.400618,"status":200}
    perfdiag_test.go:279: PERF_REQUEST {"history":10000,"clients":40,"client":25,"repetition":1,"latency_ms":386.553251,"status":200}
    perfdiag_test.go:279: PERF_REQUEST {"history":10000,"clients":40,"client":26,"repetition":0,"latency_ms":205.567746,"status":200}
    perfdiag_test.go:279: PERF_REQUEST {"history":10000,"clients":40,"client":26,"repetition":1,"latency_ms":385.424541,"status":200}
    perfdiag_test.go:279: PERF_REQUEST {"history":10000,"clients":40,"client":27,"repetition":0,"latency_ms":254.445001,"status":200}
    perfdiag_test.go:279: PERF_REQUEST {"history":10000,"clients":40,"client":27,"repetition":1,"latency_ms":387.533162,"status":200}
    perfdiag_test.go:279: PERF_REQUEST {"history":10000,"clients":40,"client":28,"repetition":0,"latency_ms":244.260392,"status":200}
    perfdiag_test.go:279: PERF_REQUEST {"history":10000,"clients":40,"client":28,"repetition":1,"latency_ms":384.937171,"status":200}
    perfdiag_test.go:279: PERF_REQUEST {"history":10000,"clients":40,"client":29,"repetition":0,"latency_ms":263.868499,"status":200}
    perfdiag_test.go:279: PERF_REQUEST {"history":10000,"clients":40,"client":29,"repetition":1,"latency_ms":388.148482,"status":200}
    perfdiag_test.go:279: PERF_REQUEST {"history":10000,"clients":40,"client":30,"repetition":0,"latency_ms":365.943893,"status":200}
    perfdiag_test.go:279: PERF_REQUEST {"history":10000,"clients":40,"client":30,"repetition":1,"latency_ms":393.310356,"status":200}
    perfdiag_test.go:279: PERF_REQUEST {"history":10000,"clients":40,"client":31,"repetition":0,"latency_ms":32.270065,"status":200}
    perfdiag_test.go:279: PERF_REQUEST {"history":10000,"clients":40,"client":31,"repetition":1,"latency_ms":388.568225,"status":200}
    perfdiag_test.go:279: PERF_REQUEST {"history":10000,"clients":40,"client":32,"repetition":0,"latency_ms":286.126207,"status":200}
    perfdiag_test.go:279: PERF_REQUEST {"history":10000,"clients":40,"client":32,"repetition":1,"latency_ms":388.579467,"status":200}
    perfdiag_test.go:279: PERF_REQUEST {"history":10000,"clients":40,"client":33,"repetition":0,"latency_ms":295.072272,"status":200}
    perfdiag_test.go:279: PERF_REQUEST {"history":10000,"clients":40,"client":33,"repetition":1,"latency_ms":385.869002,"status":200}
    perfdiag_test.go:279: PERF_REQUEST {"history":10000,"clients":40,"client":34,"repetition":0,"latency_ms":307.382413,"status":200}
    perfdiag_test.go:279: PERF_REQUEST {"history":10000,"clients":40,"client":34,"repetition":1,"latency_ms":386.584189,"status":200}
    perfdiag_test.go:279: PERF_REQUEST {"history":10000,"clients":40,"client":35,"repetition":0,"latency_ms":318.010992,"status":200}
    perfdiag_test.go:279: PERF_REQUEST {"history":10000,"clients":40,"client":35,"repetition":1,"latency_ms":386.963527,"status":200}
    perfdiag_test.go:279: PERF_REQUEST {"history":10000,"clients":40,"client":36,"repetition":0,"latency_ms":326.951136,"status":200}
    perfdiag_test.go:279: PERF_REQUEST {"history":10000,"clients":40,"client":36,"repetition":1,"latency_ms":389.10529,"status":200}
    perfdiag_test.go:279: PERF_REQUEST {"history":10000,"clients":40,"client":37,"repetition":0,"latency_ms":336.726942,"status":200}
    perfdiag_test.go:279: PERF_REQUEST {"history":10000,"clients":40,"client":37,"repetition":1,"latency_ms":390.872952,"status":200}
    perfdiag_test.go:279: PERF_REQUEST {"history":10000,"clients":40,"client":38,"repetition":0,"latency_ms":345.756643,"status":200}
    perfdiag_test.go:279: PERF_REQUEST {"history":10000,"clients":40,"client":38,"repetition":1,"latency_ms":388.914893,"status":200}
    perfdiag_test.go:279: PERF_REQUEST {"history":10000,"clients":40,"client":39,"repetition":0,"latency_ms":356.447279,"status":200}
    perfdiag_test.go:279: PERF_REQUEST {"history":10000,"clients":40,"client":39,"repetition":1,"latency_ms":390.70077,"status":200}
    perfdiag_test.go:291: PERF_PERSIST {"clients":40,"history":10000,"persist_index":0,"save_ms":11.860942,"snapshot_bytes":1740598,"wchar_delta":1740598,"write_bytes_delta":1740800}
    perfdiag_test.go:291: PERF_PERSIST {"clients":40,"history":10000,"persist_index":1,"save_ms":11.354244,"snapshot_bytes":1743541,"wchar_delta":1743541,"write_bytes_delta":1744896}
    perfdiag_test.go:291: PERF_PERSIST {"clients":40,"history":10000,"persist_index":2,"save_ms":8.845758,"snapshot_bytes":1743541,"wchar_delta":1743541,"write_bytes_delta":1744896}
    perfdiag_test.go:291: PERF_PERSIST {"clients":40,"history":10000,"persist_index":3,"save_ms":12.742409,"snapshot_bytes":1743541,"wchar_delta":1743541,"write_bytes_delta":1744896}
    perfdiag_test.go:291: PERF_PERSIST {"clients":40,"history":10000,"persist_index":4,"save_ms":10.672591,"snapshot_bytes":1743596,"wchar_delta":1743596,"write_bytes_delta":1744896}
    perfdiag_test.go:291: PERF_PERSIST {"clients":40,"history":10000,"persist_index":5,"save_ms":10.71479,"snapshot_bytes":1743651,"wchar_delta":1743651,"write_bytes_delta":1744896}
    perfdiag_test.go:291: PERF_PERSIST {"clients":40,"history":10000,"persist_index":6,"save_ms":9.225808,"snapshot_bytes":1743706,"wchar_delta":1743706,"write_bytes_delta":1744896}
    perfdiag_test.go:291: PERF_PERSIST {"clients":40,"history":10000,"persist_index":7,"save_ms":11.441608,"snapshot_bytes":1743761,"wchar_delta":1743761,"write_bytes_delta":1744896}
    perfdiag_test.go:291: PERF_PERSIST {"clients":40,"history":10000,"persist_index":8,"save_ms":10.226127,"snapshot_bytes":1743816,"wchar_delta":1743816,"write_bytes_delta":1744896}
    perfdiag_test.go:291: PERF_PERSIST {"clients":40,"history":10000,"persist_index":9,"save_ms":9.38166,"snapshot_bytes":1743871,"wchar_delta":1743871,"write_bytes_delta":1744896}
    perfdiag_test.go:291: PERF_PERSIST {"clients":40,"history":10000,"persist_index":10,"save_ms":9.996929,"snapshot_bytes":1743926,"wchar_delta":1743926,"write_bytes_delta":1744896}
    perfdiag_test.go:291: PERF_PERSIST {"clients":40,"history":10000,"persist_index":11,"save_ms":9.209829,"snapshot_bytes":1743981,"wchar_delta":1743981,"write_bytes_delta":1744896}
    perfdiag_test.go:291: PERF_PERSIST {"clients":40,"history":10000,"persist_index":12,"save_ms":11.30905,"snapshot_bytes":1744036,"wchar_delta":1744036,"write_bytes_delta":1744896}
    perfdiag_test.go:291: PERF_PERSIST {"clients":40,"history":10000,"persist_index":13,"save_ms":10.141308,"snapshot_bytes":1744091,"wchar_delta":1744091,"write_bytes_delta":1744896}
    perfdiag_test.go:291: PERF_PERSIST {"clients":40,"history":10000,"persist_index":14,"save_ms":8.892826,"snapshot_bytes":1744146,"wchar_delta":1744146,"write_bytes_delta":1744896}
    perfdiag_test.go:291: PERF_PERSIST {"clients":40,"history":10000,"persist_index":15,"save_ms":9.729649,"snapshot_bytes":1744201,"wchar_delta":1744201,"write_bytes_delta":1744896}
    perfdiag_test.go:291: PERF_PERSIST {"clients":40,"history":10000,"persist_index":16,"save_ms":8.972425,"snapshot_bytes":1744256,"wchar_delta":1744256,"write_bytes_delta":1744896}
    perfdiag_test.go:291: PERF_PERSIST {"clients":40,"history":10000,"persist_index":17,"save_ms":12.422872,"snapshot_bytes":1744311,"wchar_delta":1744311,"write_bytes_delta":1744896}
    perfdiag_test.go:291: PERF_PERSIST {"clients":40,"history":10000,"persist_index":18,"save_ms":10.82214,"snapshot_bytes":1744366,"wchar_delta":1744366,"write_bytes_delta":1744896}
    perfdiag_test.go:291: PERF_PERSIST {"clients":40,"history":10000,"persist_index":19,"save_ms":8.968197,"snapshot_bytes":1744421,"wchar_delta":1744421,"write_bytes_delta":1744896}
    perfdiag_test.go:291: PERF_PERSIST {"clients":40,"history":10000,"persist_index":20,"save_ms":9.458753,"snapshot_bytes":1744476,"wchar_delta":1744476,"write_bytes_delta":1744896}
    perfdiag_test.go:291: PERF_PERSIST {"clients":40,"history":10000,"persist_index":21,"save_ms":9.364517,"snapshot_bytes":1744531,"wchar_delta":1744531,"write_bytes_delta":1744896}
    perfdiag_test.go:291: PERF_PERSIST {"clients":40,"history":10000,"persist_index":22,"save_ms":11.08416,"snapshot_bytes":1744586,"wchar_delta":1744586,"write_bytes_delta":1744896}
    perfdiag_test.go:291: PERF_PERSIST {"clients":40,"history":10000,"persist_index":23,"save_ms":8.90591,"snapshot_bytes":1744641,"wchar_delta":1744641,"write_bytes_delta":1744896}
    perfdiag_test.go:291: PERF_PERSIST {"clients":40,"history":10000,"persist_index":24,"save_ms":10.267183,"snapshot_bytes":1744696,"wchar_delta":1744696,"write_bytes_delta":1744896}
    perfdiag_test.go:291: PERF_PERSIST {"clients":40,"history":10000,"persist_index":25,"save_ms":9.492767,"snapshot_bytes":1744751,"wchar_delta":1744751,"write_bytes_delta":1744896}
    perfdiag_test.go:291: PERF_PERSIST {"clients":40,"history":10000,"persist_index":26,"save_ms":8.899629,"snapshot_bytes":1744806,"wchar_delta":1744806,"write_bytes_delta":1744896}
    perfdiag_test.go:291: PERF_PERSIST {"clients":40,"history":10000,"persist_index":27,"save_ms":9.564211,"snapshot_bytes":1744861,"wchar_delta":1744861,"write_bytes_delta":1744896}
    perfdiag_test.go:291: PERF_PERSIST {"clients":40,"history":10000,"persist_index":28,"save_ms":8.949582,"snapshot_bytes":1744916,"wchar_delta":1744916,"write_bytes_delta":1748992}
    perfdiag_test.go:291: PERF_PERSIST {"clients":40,"history":10000,"persist_index":29,"save_ms":12.291527,"snapshot_bytes":1744971,"wchar_delta":1744971,"write_bytes_delta":1748992}
    perfdiag_test.go:291: PERF_PERSIST {"clients":40,"history":10000,"persist_index":30,"save_ms":10.617799,"snapshot_bytes":1745026,"wchar_delta":1745026,"write_bytes_delta":1748992}
    perfdiag_test.go:291: PERF_PERSIST {"clients":40,"history":10000,"persist_index":31,"save_ms":8.9376,"snapshot_bytes":1745081,"wchar_delta":1745081,"write_bytes_delta":1748992}
    perfdiag_test.go:291: PERF_PERSIST {"clients":40,"history":10000,"persist_index":32,"save_ms":9.749537,"snapshot_bytes":1745136,"wchar_delta":1745136,"write_bytes_delta":1748992}
    perfdiag_test.go:291: PERF_PERSIST {"clients":40,"history":10000,"persist_index":33,"save_ms":9.026826,"snapshot_bytes":1745191,"wchar_delta":1745191,"write_bytes_delta":1748992}
    perfdiag_test.go:291: PERF_PERSIST {"clients":40,"history":10000,"persist_index":34,"save_ms":10.681378,"snapshot_bytes":1745246,"wchar_delta":1745246,"write_bytes_delta":1748992}
    perfdiag_test.go:291: PERF_PERSIST {"clients":40,"history":10000,"persist_index":35,"save_ms":9.489961,"snapshot_bytes":1745301,"wchar_delta":1745301,"write_bytes_delta":1748992}
    perfdiag_test.go:291: PERF_PERSIST {"clients":40,"history":10000,"persist_index":36,"save_ms":9.075508,"snapshot_bytes":1745356,"wchar_delta":1745356,"write_bytes_delta":1748992}
    perfdiag_test.go:291: PERF_PERSIST {"clients":40,"history":10000,"persist_index":37,"save_ms":10.196121,"snapshot_bytes":1745411,"wchar_delta":1745411,"write_bytes_delta":1748992}
    perfdiag_test.go:291: PERF_PERSIST {"clients":40,"history":10000,"persist_index":38,"save_ms":9.585109,"snapshot_bytes":1745466,"wchar_delta":1745466,"write_bytes_delta":1748992}
    perfdiag_test.go:291: PERF_PERSIST {"clients":40,"history":10000,"persist_index":39,"save_ms":10.31346,"snapshot_bytes":1745521,"wchar_delta":1745521,"write_bytes_delta":1748992}
    perfdiag_test.go:291: PERF_PERSIST {"clients":40,"history":10000,"persist_index":40,"save_ms":9.277365,"snapshot_bytes":1745576,"wchar_delta":1745576,"write_bytes_delta":1748992}
    perfdiag_test.go:291: PERF_PERSIST {"clients":40,"history":10000,"persist_index":41,"save_ms":9.124128,"snapshot_bytes":1745631,"wchar_delta":1745631,"write_bytes_delta":1748992}
    perfdiag_test.go:291: PERF_PERSIST {"clients":40,"history":10000,"persist_index":42,"save_ms":10.948647,"snapshot_bytes":1745686,"wchar_delta":1745694,"write_bytes_delta":1748992}
    perfdiag_test.go:291: PERF_PERSIST {"clients":40,"history":10000,"persist_index":43,"save_ms":9.625465,"snapshot_bytes":1745686,"wchar_delta":1745686,"write_bytes_delta":1748992}
    perfdiag_test.go:291: PERF_PERSIST {"clients":40,"history":10000,"persist_index":44,"save_ms":9.150798,"snapshot_bytes":1745686,"wchar_delta":1745686,"write_bytes_delta":1748992}
    perfdiag_test.go:291: PERF_PERSIST {"clients":40,"history":10000,"persist_index":45,"save_ms":10.907871,"snapshot_bytes":1745686,"wchar_delta":1745686,"write_bytes_delta":1748992}
    perfdiag_test.go:291: PERF_PERSIST {"clients":40,"history":10000,"persist_index":46,"save_ms":9.377521,"snapshot_bytes":1745686,"wchar_delta":1745686,"write_bytes_delta":1748992}
    perfdiag_test.go:291: PERF_PERSIST {"clients":40,"history":10000,"persist_index":47,"save_ms":8.981882,"snapshot_bytes":1745686,"wchar_delta":1745686,"write_bytes_delta":1748992}
    perfdiag_test.go:291: PERF_PERSIST {"clients":40,"history":10000,"persist_index":48,"save_ms":9.807465,"snapshot_bytes":1745686,"wchar_delta":1745686,"write_bytes_delta":1748992}
    perfdiag_test.go:291: PERF_PERSIST {"clients":40,"history":10000,"persist_index":49,"save_ms":8.983475,"snapshot_bytes":1745686,"wchar_delta":1745686,"write_bytes_delta":1748992}
    perfdiag_test.go:291: PERF_PERSIST {"clients":40,"history":10000,"persist_index":50,"save_ms":11.109347,"snapshot_bytes":1745686,"wchar_delta":1745686,"write_bytes_delta":1748992}
    perfdiag_test.go:291: PERF_PERSIST {"clients":40,"history":10000,"persist_index":51,"save_ms":10.183668,"snapshot_bytes":1745686,"wchar_delta":1745686,"write_bytes_delta":1748992}
    perfdiag_test.go:291: PERF_PERSIST {"clients":40,"history":10000,"persist_index":52,"save_ms":8.707629,"snapshot_bytes":1745686,"wchar_delta":1745686,"write_bytes_delta":1748992}
    perfdiag_test.go:291: PERF_PERSIST {"clients":40,"history":10000,"persist_index":53,"save_ms":10.201872,"snapshot_bytes":1745686,"wchar_delta":1745686,"write_bytes_delta":1748992}
    perfdiag_test.go:291: PERF_PERSIST {"clients":40,"history":10000,"persist_index":54,"save_ms":10.967422,"snapshot_bytes":1745686,"wchar_delta":1745686,"write_bytes_delta":1748992}
    perfdiag_test.go:291: PERF_PERSIST {"clients":40,"history":10000,"persist_index":55,"save_ms":8.959661,"snapshot_bytes":1745686,"wchar_delta":1745686,"write_bytes_delta":1748992}
    perfdiag_test.go:291: PERF_PERSIST {"clients":40,"history":10000,"persist_index":56,"save_ms":10.583575,"snapshot_bytes":1745686,"wchar_delta":1745686,"write_bytes_delta":1748992}
    perfdiag_test.go:291: PERF_PERSIST {"clients":40,"history":10000,"persist_index":57,"save_ms":9.245575,"snapshot_bytes":1745686,"wchar_delta":1745686,"write_bytes_delta":1748992}
    perfdiag_test.go:291: PERF_PERSIST {"clients":40,"history":10000,"persist_index":58,"save_ms":12.299341,"snapshot_bytes":1745686,"wchar_delta":1745686,"write_bytes_delta":1748992}
    perfdiag_test.go:291: PERF_PERSIST {"clients":40,"history":10000,"persist_index":59,"save_ms":9.466408,"snapshot_bytes":1745686,"wchar_delta":1745686,"write_bytes_delta":1748992}
    perfdiag_test.go:291: PERF_PERSIST {"clients":40,"history":10000,"persist_index":60,"save_ms":9.626427,"snapshot_bytes":1745686,"wchar_delta":1745686,"write_bytes_delta":1748992}
    perfdiag_test.go:291: PERF_PERSIST {"clients":40,"history":10000,"persist_index":61,"save_ms":11.322215,"snapshot_bytes":1745686,"wchar_delta":1745686,"write_bytes_delta":1748992}
    perfdiag_test.go:291: PERF_PERSIST {"clients":40,"history":10000,"persist_index":62,"save_ms":8.872849,"snapshot_bytes":1745686,"wchar_delta":1745686,"write_bytes_delta":1748992}
    perfdiag_test.go:291: PERF_PERSIST {"clients":40,"history":10000,"persist_index":63,"save_ms":11.329368,"snapshot_bytes":1745686,"wchar_delta":1745686,"write_bytes_delta":1748992}
    perfdiag_test.go:291: PERF_PERSIST {"clients":40,"history":10000,"persist_index":64,"save_ms":10.244251,"snapshot_bytes":1745686,"wchar_delta":1745686,"write_bytes_delta":1748992}
    perfdiag_test.go:291: PERF_PERSIST {"clients":40,"history":10000,"persist_index":65,"save_ms":9.417367,"snapshot_bytes":1745686,"wchar_delta":1745686,"write_bytes_delta":1748992}
    perfdiag_test.go:291: PERF_PERSIST {"clients":40,"history":10000,"persist_index":66,"save_ms":9.331806,"snapshot_bytes":1745686,"wchar_delta":1745686,"write_bytes_delta":1748992}
    perfdiag_test.go:291: PERF_PERSIST {"clients":40,"history":10000,"persist_index":67,"save_ms":9.819658,"snapshot_bytes":1745686,"wchar_delta":1745686,"write_bytes_delta":1748992}
    perfdiag_test.go:291: PERF_PERSIST {"clients":40,"history":10000,"persist_index":68,"save_ms":9.389003,"snapshot_bytes":1745686,"wchar_delta":1745686,"write_bytes_delta":1748992}
    perfdiag_test.go:291: PERF_PERSIST {"clients":40,"history":10000,"persist_index":69,"save_ms":10.991748,"snapshot_bytes":1745686,"wchar_delta":1745686,"write_bytes_delta":1748992}
    perfdiag_test.go:291: PERF_PERSIST {"clients":40,"history":10000,"persist_index":70,"save_ms":11.492624,"snapshot_bytes":1745686,"wchar_delta":1745686,"write_bytes_delta":1748992}
    perfdiag_test.go:291: PERF_PERSIST {"clients":40,"history":10000,"persist_index":71,"save_ms":9.557508,"snapshot_bytes":1745686,"wchar_delta":1745686,"write_bytes_delta":1748992}
    perfdiag_test.go:291: PERF_PERSIST {"clients":40,"history":10000,"persist_index":72,"save_ms":10.030271,"snapshot_bytes":1745686,"wchar_delta":1745686,"write_bytes_delta":1748992}
    perfdiag_test.go:291: PERF_PERSIST {"clients":40,"history":10000,"persist_index":73,"save_ms":10.826639,"snapshot_bytes":1745686,"wchar_delta":1745686,"write_bytes_delta":1748992}
    perfdiag_test.go:291: PERF_PERSIST {"clients":40,"history":10000,"persist_index":74,"save_ms":10.014502,"snapshot_bytes":1745686,"wchar_delta":1745686,"write_bytes_delta":1748992}
    perfdiag_test.go:291: PERF_PERSIST {"clients":40,"history":10000,"persist_index":75,"save_ms":10.080706,"snapshot_bytes":1745686,"wchar_delta":1745686,"write_bytes_delta":1748992}
    perfdiag_test.go:291: PERF_PERSIST {"clients":40,"history":10000,"persist_index":76,"save_ms":10.699171,"snapshot_bytes":1745686,"wchar_delta":1745686,"write_bytes_delta":1748992}
    perfdiag_test.go:291: PERF_PERSIST {"clients":40,"history":10000,"persist_index":77,"save_ms":8.885602,"snapshot_bytes":1745686,"wchar_delta":1745686,"write_bytes_delta":1748992}
    perfdiag_test.go:291: PERF_PERSIST {"clients":40,"history":10000,"persist_index":78,"save_ms":12.622124,"snapshot_bytes":1745686,"wchar_delta":1745686,"write_bytes_delta":1748992}
    perfdiag_test.go:291: PERF_PERSIST {"clients":40,"history":10000,"persist_index":79,"save_ms":10.873086,"snapshot_bytes":1745686,"wchar_delta":1745686,"write_bytes_delta":1748992}
    perfdiag_test.go:291: PERF_IO_SUMMARY {"bytes_per_persist":1745032.525,"clients":40,"elapsed_seconds":0.811680676,"emitted_to_net_file_growth_ratio":26641.7179389313,"final_file_bytes":1745686,"history":10000,"initial_file_bytes":1740446,"net_file_growth_bytes":5240,"persist_calls":80,"persist_per_request":1,"persist_per_second":98.5609271792002,"proc_io_available":true,"ratio_denominator":"net snapshot file growth, not logical mutation bytes","snapshot_emitted_bytes":139602602,"wchar_delta":139602610,"write_bytes_delta":139800576,"write_bytes_per_second":172235929.88432804}
    perfdiag_test.go:292: PERF_SUMMARY {"audit_count":10080,"clients":40,"elapsed_seconds":0.811680676,"failures":0,"goroutines_after":3,"goroutines_before":43,"goroutines_delta":-40,"heap_after_bytes":5531304,"heap_before_bytes":4749760,"heap_delta_bytes":781544,"history":10000,"max_ms":413.81602,"numgc_delta":51,"p50_ms":382.941362,"p95_ms":395.045048,"p99_ms":413.81602,"pause_delta_ns":1512144,"polls":2,"rate_requests_per_second":98.5609271792002,"requests":80,"snapshot_bytes":1745686,"successes":80,"totalalloc_delta_bytes":218451344}
=== RUN   TestPerfHTTPActiveHistoryMatrix/history_20000/clients_20
    perfdiag_test.go:279: PERF_REQUEST {"history":20000,"clients":20,"client":0,"repetition":0,"latency_ms":379.62225,"status":200}
    perfdiag_test.go:279: PERF_REQUEST {"history":20000,"clients":20,"client":0,"repetition":1,"latency_ms":348.865943,"status":200}
    perfdiag_test.go:279: PERF_REQUEST {"history":20000,"clients":20,"client":1,"repetition":0,"latency_ms":358.884442,"status":200}
    perfdiag_test.go:279: PERF_REQUEST {"history":20000,"clients":20,"client":1,"repetition":1,"latency_ms":345.848876,"status":200}
    perfdiag_test.go:279: PERF_REQUEST {"history":20000,"clients":20,"client":2,"repetition":0,"latency_ms":322.739487,"status":200}
    perfdiag_test.go:279: PERF_REQUEST {"history":20000,"clients":20,"client":2,"repetition":1,"latency_ms":350.289213,"status":200}
    perfdiag_test.go:279: PERF_REQUEST {"history":20000,"clients":20,"client":3,"repetition":0,"latency_ms":18.36312,"status":200}
    perfdiag_test.go:279: PERF_REQUEST {"history":20000,"clients":20,"client":3,"repetition":1,"latency_ms":17.232228,"status":200}
    perfdiag_test.go:279: PERF_REQUEST {"history":20000,"clients":20,"client":4,"repetition":0,"latency_ms":247.833367,"status":200}
    perfdiag_test.go:279: PERF_REQUEST {"history":20000,"clients":20,"client":4,"repetition":1,"latency_ms":352.247512,"status":200}
    perfdiag_test.go:279: PERF_REQUEST {"history":20000,"clients":20,"client":5,"repetition":0,"latency_ms":303.112215,"status":200}
    perfdiag_test.go:279: PERF_REQUEST {"history":20000,"clients":20,"client":5,"repetition":1,"latency_ms":348.921137,"status":200}
    perfdiag_test.go:279: PERF_REQUEST {"history":20000,"clients":20,"client":6,"repetition":0,"latency_ms":286.082335,"status":200}
    perfdiag_test.go:279: PERF_REQUEST {"history":20000,"clients":20,"client":6,"repetition":1,"latency_ms":349.818293,"status":200}
    perfdiag_test.go:279: PERF_REQUEST {"history":20000,"clients":20,"client":7,"repetition":0,"latency_ms":266.354173,"status":200}
    perfdiag_test.go:279: PERF_REQUEST {"history":20000,"clients":20,"client":7,"repetition":1,"latency_ms":353.28449,"status":200}
    perfdiag_test.go:279: PERF_REQUEST {"history":20000,"clients":20,"client":8,"repetition":0,"latency_ms":342.225967,"status":200}
    perfdiag_test.go:279: PERF_REQUEST {"history":20000,"clients":20,"client":8,"repetition":1,"latency_ms":348.185683,"status":200}
    perfdiag_test.go:279: PERF_REQUEST {"history":20000,"clients":20,"client":9,"repetition":0,"latency_ms":231.07229,"status":200}
    perfdiag_test.go:279: PERF_REQUEST {"history":20000,"clients":20,"client":9,"repetition":1,"latency_ms":352.656827,"status":200}
    perfdiag_test.go:279: PERF_REQUEST {"history":20000,"clients":20,"client":10,"repetition":0,"latency_ms":53.800224,"status":200}
    perfdiag_test.go:279: PERF_REQUEST {"history":20000,"clients":20,"client":10,"repetition":1,"latency_ms":345.177962,"status":200}
    perfdiag_test.go:279: PERF_REQUEST {"history":20000,"clients":20,"client":11,"repetition":0,"latency_ms":70.944247,"status":200}
    perfdiag_test.go:279: PERF_REQUEST {"history":20000,"clients":20,"client":11,"repetition":1,"latency_ms":344.87148,"status":200}
    perfdiag_test.go:279: PERF_REQUEST {"history":20000,"clients":20,"client":12,"repetition":0,"latency_ms":87.771809,"status":200}
    perfdiag_test.go:279: PERF_REQUEST {"history":20000,"clients":20,"client":12,"repetition":1,"latency_ms":347.197535,"status":200}
    perfdiag_test.go:279: PERF_REQUEST {"history":20000,"clients":20,"client":13,"repetition":0,"latency_ms":106.165446,"status":200}
    perfdiag_test.go:279: PERF_REQUEST {"history":20000,"clients":20,"client":13,"repetition":1,"latency_ms":349.80087,"status":200}
    perfdiag_test.go:279: PERF_REQUEST {"history":20000,"clients":20,"client":14,"repetition":0,"latency_ms":123.4384,"status":200}
    perfdiag_test.go:279: PERF_REQUEST {"history":20000,"clients":20,"client":14,"repetition":1,"latency_ms":348.84852,"status":200}
    perfdiag_test.go:279: PERF_REQUEST {"history":20000,"clients":20,"client":15,"repetition":0,"latency_ms":140.455176,"status":200}
    perfdiag_test.go:279: PERF_REQUEST {"history":20000,"clients":20,"client":15,"repetition":1,"latency_ms":348.302701,"status":200}
    perfdiag_test.go:279: PERF_REQUEST {"history":20000,"clients":20,"client":16,"repetition":0,"latency_ms":161.090312,"status":200}
    perfdiag_test.go:279: PERF_REQUEST {"history":20000,"clients":20,"client":16,"repetition":1,"latency_ms":351.362999,"status":200}
    perfdiag_test.go:279: PERF_REQUEST {"history":20000,"clients":20,"client":17,"repetition":0,"latency_ms":178.709862,"status":200}
    perfdiag_test.go:279: PERF_REQUEST {"history":20000,"clients":20,"client":17,"repetition":1,"latency_ms":350.553967,"status":200}
    perfdiag_test.go:279: PERF_REQUEST {"history":20000,"clients":20,"client":18,"repetition":0,"latency_ms":195.162063,"status":200}
    perfdiag_test.go:279: PERF_REQUEST {"history":20000,"clients":20,"client":18,"repetition":1,"latency_ms":353.365291,"status":200}
    perfdiag_test.go:279: PERF_REQUEST {"history":20000,"clients":20,"client":19,"repetition":0,"latency_ms":213.749533,"status":200}
    perfdiag_test.go:279: PERF_REQUEST {"history":20000,"clients":20,"client":19,"repetition":1,"latency_ms":353.35983,"status":200}
    perfdiag_test.go:291: PERF_PERSIST {"clients":20,"history":20000,"persist_index":0,"save_ms":18.27202,"snapshot_bytes":3280198,"wchar_delta":3280198,"write_bytes_delta":3280896}
    perfdiag_test.go:291: PERF_PERSIST {"clients":20,"history":20000,"persist_index":1,"save_ms":17.041402,"snapshot_bytes":3281621,"wchar_delta":3281621,"write_bytes_delta":3284992}
    perfdiag_test.go:291: PERF_PERSIST {"clients":20,"history":20000,"persist_index":2,"save_ms":18.270587,"snapshot_bytes":3281621,"wchar_delta":3281621,"write_bytes_delta":3284992}
    perfdiag_test.go:291: PERF_PERSIST {"clients":20,"history":20000,"persist_index":3,"save_ms":17.159431,"snapshot_bytes":3281621,"wchar_delta":3281621,"write_bytes_delta":3284992}
    perfdiag_test.go:291: PERF_PERSIST {"clients":20,"history":20000,"persist_index":4,"save_ms":16.81055,"snapshot_bytes":3281676,"wchar_delta":3281676,"write_bytes_delta":3284992}
    perfdiag_test.go:291: PERF_PERSIST {"clients":20,"history":20000,"persist_index":5,"save_ms":18.365415,"snapshot_bytes":3281731,"wchar_delta":3281731,"write_bytes_delta":3284992}
    perfdiag_test.go:291: PERF_PERSIST {"clients":20,"history":20000,"persist_index":6,"save_ms":17.259468,"snapshot_bytes":3281786,"wchar_delta":3281786,"write_bytes_delta":3284992}
    perfdiag_test.go:291: PERF_PERSIST {"clients":20,"history":20000,"persist_index":7,"save_ms":17.001266,"snapshot_bytes":3281841,"wchar_delta":3281841,"write_bytes_delta":3284992}
    perfdiag_test.go:291: PERF_PERSIST {"clients":20,"history":20000,"persist_index":8,"save_ms":20.604689,"snapshot_bytes":3281896,"wchar_delta":3281896,"write_bytes_delta":3284992}
    perfdiag_test.go:291: PERF_PERSIST {"clients":20,"history":20000,"persist_index":9,"save_ms":17.616426,"snapshot_bytes":3281951,"wchar_delta":3281951,"write_bytes_delta":3284992}
    perfdiag_test.go:291: PERF_PERSIST {"clients":20,"history":20000,"persist_index":10,"save_ms":16.426332,"snapshot_bytes":3282006,"wchar_delta":3282006,"write_bytes_delta":3284992}
    perfdiag_test.go:291: PERF_PERSIST {"clients":20,"history":20000,"persist_index":11,"save_ms":18.561431,"snapshot_bytes":3282061,"wchar_delta":3282061,"write_bytes_delta":3284992}
    perfdiag_test.go:291: PERF_PERSIST {"clients":20,"history":20000,"persist_index":12,"save_ms":17.300786,"snapshot_bytes":3282116,"wchar_delta":3282116,"write_bytes_delta":3284992}
    perfdiag_test.go:291: PERF_PERSIST {"clients":20,"history":20000,"persist_index":13,"save_ms":16.67115,"snapshot_bytes":3282171,"wchar_delta":3282171,"write_bytes_delta":3284992}
    perfdiag_test.go:291: PERF_PERSIST {"clients":20,"history":20000,"persist_index":14,"save_ms":18.56618,"snapshot_bytes":3282226,"wchar_delta":3282226,"write_bytes_delta":3284992}
    perfdiag_test.go:291: PERF_PERSIST {"clients":20,"history":20000,"persist_index":15,"save_ms":19.693176,"snapshot_bytes":3282281,"wchar_delta":3282281,"write_bytes_delta":3284992}
    perfdiag_test.go:291: PERF_PERSIST {"clients":20,"history":20000,"persist_index":16,"save_ms":16.887914,"snapshot_bytes":3282336,"wchar_delta":3282336,"write_bytes_delta":3284992}
    perfdiag_test.go:291: PERF_PERSIST {"clients":20,"history":20000,"persist_index":17,"save_ms":19.712111,"snapshot_bytes":3282391,"wchar_delta":3282391,"write_bytes_delta":3284992}
    perfdiag_test.go:291: PERF_PERSIST {"clients":20,"history":20000,"persist_index":18,"save_ms":19.455412,"snapshot_bytes":3282446,"wchar_delta":3282446,"write_bytes_delta":3284992}
    perfdiag_test.go:291: PERF_PERSIST {"clients":20,"history":20000,"persist_index":19,"save_ms":16.633229,"snapshot_bytes":3282501,"wchar_delta":3282501,"write_bytes_delta":3284992}
    perfdiag_test.go:291: PERF_PERSIST {"clients":20,"history":20000,"persist_index":20,"save_ms":20.720646,"snapshot_bytes":3282556,"wchar_delta":3282556,"write_bytes_delta":3284992}
    perfdiag_test.go:291: PERF_PERSIST {"clients":20,"history":20000,"persist_index":21,"save_ms":19.409375,"snapshot_bytes":3282611,"wchar_delta":3282611,"write_bytes_delta":3284992}
    perfdiag_test.go:291: PERF_PERSIST {"clients":20,"history":20000,"persist_index":22,"save_ms":16.817032,"snapshot_bytes":3282666,"wchar_delta":3282666,"write_bytes_delta":3284992}
    perfdiag_test.go:291: PERF_PERSIST {"clients":20,"history":20000,"persist_index":23,"save_ms":20.683737,"snapshot_bytes":3282666,"wchar_delta":3282666,"write_bytes_delta":3284992}
    perfdiag_test.go:291: PERF_PERSIST {"clients":20,"history":20000,"persist_index":24,"save_ms":19.383588,"snapshot_bytes":3282666,"wchar_delta":3282666,"write_bytes_delta":3284992}
    perfdiag_test.go:291: PERF_PERSIST {"clients":20,"history":20000,"persist_index":25,"save_ms":16.398199,"snapshot_bytes":3282666,"wchar_delta":3282666,"write_bytes_delta":3284992}
    perfdiag_test.go:291: PERF_PERSIST {"clients":20,"history":20000,"persist_index":26,"save_ms":20.608697,"snapshot_bytes":3282666,"wchar_delta":3282666,"write_bytes_delta":3284992}
    perfdiag_test.go:291: PERF_PERSIST {"clients":20,"history":20000,"persist_index":27,"save_ms":19.412232,"snapshot_bytes":3282666,"wchar_delta":3282666,"write_bytes_delta":3284992}
    perfdiag_test.go:291: PERF_PERSIST {"clients":20,"history":20000,"persist_index":28,"save_ms":16.791094,"snapshot_bytes":3282666,"wchar_delta":3282666,"write_bytes_delta":3284992}
    perfdiag_test.go:291: PERF_PERSIST {"clients":20,"history":20000,"persist_index":29,"save_ms":20.699076,"snapshot_bytes":3282666,"wchar_delta":3282666,"write_bytes_delta":3284992}
    perfdiag_test.go:291: PERF_PERSIST {"clients":20,"history":20000,"persist_index":30,"save_ms":17.090563,"snapshot_bytes":3282666,"wchar_delta":3282666,"write_bytes_delta":3284992}
    perfdiag_test.go:291: PERF_PERSIST {"clients":20,"history":20000,"persist_index":31,"save_ms":16.614113,"snapshot_bytes":3282666,"wchar_delta":3282666,"write_bytes_delta":3284992}
    perfdiag_test.go:291: PERF_PERSIST {"clients":20,"history":20000,"persist_index":32,"save_ms":18.29319,"snapshot_bytes":3282666,"wchar_delta":3282666,"write_bytes_delta":3284992}
    perfdiag_test.go:291: PERF_PERSIST {"clients":20,"history":20000,"persist_index":33,"save_ms":17.583795,"snapshot_bytes":3282666,"wchar_delta":3282666,"write_bytes_delta":3284992}
    perfdiag_test.go:291: PERF_PERSIST {"clients":20,"history":20000,"persist_index":34,"save_ms":16.394442,"snapshot_bytes":3282666,"wchar_delta":3282674,"write_bytes_delta":3284992}
    perfdiag_test.go:291: PERF_PERSIST {"clients":20,"history":20000,"persist_index":35,"save_ms":19.24052,"snapshot_bytes":3282666,"wchar_delta":3282666,"write_bytes_delta":3284992}
    perfdiag_test.go:291: PERF_PERSIST {"clients":20,"history":20000,"persist_index":36,"save_ms":17.764522,"snapshot_bytes":3282666,"wchar_delta":3282666,"write_bytes_delta":3284992}
    perfdiag_test.go:291: PERF_PERSIST {"clients":20,"history":20000,"persist_index":37,"save_ms":17.3831,"snapshot_bytes":3282666,"wchar_delta":3282666,"write_bytes_delta":3284992}
    perfdiag_test.go:291: PERF_PERSIST {"clients":20,"history":20000,"persist_index":38,"save_ms":18.409217,"snapshot_bytes":3282666,"wchar_delta":3282666,"write_bytes_delta":3284992}
    perfdiag_test.go:291: PERF_PERSIST {"clients":20,"history":20000,"persist_index":39,"save_ms":19.53459,"snapshot_bytes":3282666,"wchar_delta":3282666,"write_bytes_delta":3284992}
    perfdiag_test.go:291: PERF_IO_SUMMARY {"bytes_per_persist":3282290.8,"clients":20,"elapsed_seconds":0.72913892,"emitted_to_net_file_growth_ratio":50111.30992366412,"final_file_bytes":3282666,"history":20000,"initial_file_bytes":3280046,"net_file_growth_bytes":2620,"persist_calls":40,"persist_per_request":1,"persist_per_second":54.85923039192586,"proc_io_available":true,"ratio_denominator":"net snapshot file growth, not logical mutation bytes","snapshot_emitted_bytes":131291632,"wchar_delta":131291640,"write_bytes_delta":131395584,"write_bytes_per_second":180206515.37844118}
    perfdiag_test.go:292: PERF_SUMMARY {"audit_count":20040,"clients":20,"elapsed_seconds":0.72913892,"failures":0,"goroutines_after":3,"goroutines_before":23,"goroutines_delta":-20,"heap_after_bytes":8771640,"heap_before_bytes":6661664,"heap_delta_bytes":2109976,"history":20000,"max_ms":379.62225,"numgc_delta":27,"p50_ms":344.87148,"p95_ms":353.365291,"p99_ms":379.62225,"pause_delta_ns":715867,"polls":2,"rate_requests_per_second":54.85923039192586,"requests":40,"snapshot_bytes":3282666,"successes":40,"totalalloc_delta_bytes":199006840}
=== RUN   TestPerfHTTPActiveHistoryMatrix/history_20000/clients_40
    perfdiag_test.go:279: PERF_REQUEST {"history":20000,"clients":40,"client":0,"repetition":0,"latency_ms":754.424825,"status":200}
    perfdiag_test.go:279: PERF_REQUEST {"history":20000,"clients":40,"client":0,"repetition":1,"latency_ms":879.220151,"status":200}
    perfdiag_test.go:279: PERF_REQUEST {"history":20000,"clients":40,"client":1,"repetition":0,"latency_ms":714.390172,"status":200}
    perfdiag_test.go:279: PERF_REQUEST {"history":20000,"clients":40,"client":1,"repetition":1,"latency_ms":866.033943,"status":200}
    perfdiag_test.go:279: PERF_REQUEST {"history":20000,"clients":40,"client":2,"repetition":0,"latency_ms":735.613567,"status":200}
    perfdiag_test.go:279: PERF_REQUEST {"history":20000,"clients":40,"client":2,"repetition":1,"latency_ms":877.799326,"status":200}
    perfdiag_test.go:279: PERF_REQUEST {"history":20000,"clients":40,"client":3,"repetition":0,"latency_ms":639.250096,"status":200}
    perfdiag_test.go:279: PERF_REQUEST {"history":20000,"clients":40,"client":3,"repetition":1,"latency_ms":836.078411,"status":200}
    perfdiag_test.go:279: PERF_REQUEST {"history":20000,"clients":40,"client":4,"repetition":0,"latency_ms":697.002614,"status":200}
    perfdiag_test.go:279: PERF_REQUEST {"history":20000,"clients":40,"client":4,"repetition":1,"latency_ms":857.617807,"status":200}
    perfdiag_test.go:279: PERF_REQUEST {"history":20000,"clients":40,"client":5,"repetition":0,"latency_ms":17.848329,"status":200}
    perfdiag_test.go:279: PERF_REQUEST {"history":20000,"clients":40,"client":5,"repetition":1,"latency_ms":17.747651,"status":200}
    perfdiag_test.go:279: PERF_REQUEST {"history":20000,"clients":40,"client":6,"repetition":0,"latency_ms":656.131488,"status":200}
    perfdiag_test.go:279: PERF_REQUEST {"history":20000,"clients":40,"client":6,"repetition":1,"latency_ms":844.765494,"status":200}
    perfdiag_test.go:279: PERF_REQUEST {"history":20000,"clients":40,"client":7,"repetition":0,"latency_ms":491.69273,"status":200}
    perfdiag_test.go:279: PERF_REQUEST {"history":20000,"clients":40,"client":7,"repetition":1,"latency_ms":772.918449,"status":200}
    perfdiag_test.go:279: PERF_REQUEST {"history":20000,"clients":40,"client":8,"repetition":0,"latency_ms":618.817979,"status":200}
    perfdiag_test.go:279: PERF_REQUEST {"history":20000,"clients":40,"client":8,"repetition":1,"latency_ms":835.582917,"status":200}
    perfdiag_test.go:279: PERF_REQUEST {"history":20000,"clients":40,"client":9,"repetition":0,"latency_ms":599.995941,"status":200}
    perfdiag_test.go:279: PERF_REQUEST {"history":20000,"clients":40,"client":9,"repetition":1,"latency_ms":822.33302,"status":200}
    perfdiag_test.go:279: PERF_REQUEST {"history":20000,"clients":40,"client":10,"repetition":0,"latency_ms":582.975989,"status":200}
    perfdiag_test.go:279: PERF_REQUEST {"history":20000,"clients":40,"client":10,"repetition":1,"latency_ms":812.489887,"status":200}
    perfdiag_test.go:279: PERF_REQUEST {"history":20000,"clients":40,"client":11,"repetition":0,"latency_ms":564.645399,"status":200}
    perfdiag_test.go:279: PERF_REQUEST {"history":20000,"clients":40,"client":11,"repetition":1,"latency_ms":809.690607,"status":200}
    perfdiag_test.go:279: PERF_REQUEST {"history":20000,"clients":40,"client":12,"repetition":0,"latency_ms":546.146244,"status":200}
    perfdiag_test.go:279: PERF_REQUEST {"history":20000,"clients":40,"client":12,"repetition":1,"latency_ms":798.491772,"status":200}
    perfdiag_test.go:279: PERF_REQUEST {"history":20000,"clients":40,"client":13,"repetition":0,"latency_ms":676.963662,"status":200}
    perfdiag_test.go:279: PERF_REQUEST {"history":20000,"clients":40,"client":13,"repetition":1,"latency_ms":857.498695,"status":200}
    perfdiag_test.go:279: PERF_REQUEST {"history":20000,"clients":40,"client":14,"repetition":0,"latency_ms":509.784825,"status":200}
    perfdiag_test.go:279: PERF_REQUEST {"history":20000,"clients":40,"client":14,"repetition":1,"latency_ms":784.716955,"status":200}
    perfdiag_test.go:279: PERF_REQUEST {"history":20000,"clients":40,"client":15,"repetition":0,"latency_ms":75.011647,"status":200}
    perfdiag_test.go:279: PERF_REQUEST {"history":20000,"clients":40,"client":15,"repetition":1,"latency_ms":715.934167,"status":200}
    perfdiag_test.go:279: PERF_REQUEST {"history":20000,"clients":40,"client":16,"repetition":0,"latency_ms":57.217079,"status":200}
    perfdiag_test.go:279: PERF_REQUEST {"history":20000,"clients":40,"client":16,"repetition":1,"latency_ms":715.028304,"status":200}
    perfdiag_test.go:279: PERF_REQUEST {"history":20000,"clients":40,"client":17,"repetition":0,"latency_ms":92.255536,"status":200}
    perfdiag_test.go:279: PERF_REQUEST {"history":20000,"clients":40,"client":17,"repetition":1,"latency_ms":713.552216,"status":200}
    perfdiag_test.go:279: PERF_REQUEST {"history":20000,"clients":40,"client":18,"repetition":0,"latency_ms":111.084326,"status":200}
    perfdiag_test.go:279: PERF_REQUEST {"history":20000,"clients":40,"client":18,"repetition":1,"latency_ms":715.019147,"status":200}
    perfdiag_test.go:279: PERF_REQUEST {"history":20000,"clients":40,"client":19,"repetition":0,"latency_ms":128.724717,"status":200}
    perfdiag_test.go:279: PERF_REQUEST {"history":20000,"clients":40,"client":19,"repetition":1,"latency_ms":716.333212,"status":200}
    perfdiag_test.go:279: PERF_REQUEST {"history":20000,"clients":40,"client":20,"repetition":0,"latency_ms":145.740792,"status":200}
    perfdiag_test.go:279: PERF_REQUEST {"history":20000,"clients":40,"client":20,"repetition":1,"latency_ms":714.924971,"status":200}
    perfdiag_test.go:279: PERF_REQUEST {"history":20000,"clients":40,"client":21,"repetition":0,"latency_ms":164.202987,"status":200}
    perfdiag_test.go:279: PERF_REQUEST {"history":20000,"clients":40,"client":21,"repetition":1,"latency_ms":716.072956,"status":200}
    perfdiag_test.go:279: PERF_REQUEST {"history":20000,"clients":40,"client":22,"repetition":0,"latency_ms":181.90899,"status":200}
    perfdiag_test.go:279: PERF_REQUEST {"history":20000,"clients":40,"client":22,"repetition":1,"latency_ms":716.550218,"status":200}
    perfdiag_test.go:279: PERF_REQUEST {"history":20000,"clients":40,"client":23,"repetition":0,"latency_ms":199.960388,"status":200}
    perfdiag_test.go:279: PERF_REQUEST {"history":20000,"clients":40,"client":23,"repetition":1,"latency_ms":713.146849,"status":200}
    perfdiag_test.go:279: PERF_REQUEST {"history":20000,"clients":40,"client":24,"repetition":0,"latency_ms":526.939387,"status":200}
    perfdiag_test.go:279: PERF_REQUEST {"history":20000,"clients":40,"client":24,"repetition":1,"latency_ms":785.808645,"status":200}
    perfdiag_test.go:279: PERF_REQUEST {"history":20000,"clients":40,"client":25,"repetition":0,"latency_ms":239.363091,"status":200}
    perfdiag_test.go:279: PERF_REQUEST {"history":20000,"clients":40,"client":25,"repetition":1,"latency_ms":711.495894,"status":200}
    perfdiag_test.go:279: PERF_REQUEST {"history":20000,"clients":40,"client":26,"repetition":0,"latency_ms":257.517983,"status":200}
    perfdiag_test.go:279: PERF_REQUEST {"history":20000,"clients":40,"client":26,"repetition":1,"latency_ms":708.893903,"status":200}
    perfdiag_test.go:279: PERF_REQUEST {"history":20000,"clients":40,"client":27,"repetition":0,"latency_ms":276.508025,"status":200}
    perfdiag_test.go:279: PERF_REQUEST {"history":20000,"clients":40,"client":27,"repetition":1,"latency_ms":711.691549,"status":200}
    perfdiag_test.go:279: PERF_REQUEST {"history":20000,"clients":40,"client":28,"repetition":0,"latency_ms":294.930227,"status":200}
    perfdiag_test.go:279: PERF_REQUEST {"history":20000,"clients":40,"client":28,"repetition":1,"latency_ms":710.079487,"status":200}
    perfdiag_test.go:279: PERF_REQUEST {"history":20000,"clients":40,"client":29,"repetition":0,"latency_ms":312.044443,"status":200}
    perfdiag_test.go:279: PERF_REQUEST {"history":20000,"clients":40,"client":29,"repetition":1,"latency_ms":710.265234,"status":200}
    perfdiag_test.go:279: PERF_REQUEST {"history":20000,"clients":40,"client":30,"repetition":0,"latency_ms":330.194887,"status":200}
    perfdiag_test.go:279: PERF_REQUEST {"history":20000,"clients":40,"client":30,"repetition":1,"latency_ms":712.321396,"status":200}
    perfdiag_test.go:279: PERF_REQUEST {"history":20000,"clients":40,"client":31,"repetition":0,"latency_ms":348.001659,"status":200}
    perfdiag_test.go:279: PERF_REQUEST {"history":20000,"clients":40,"client":31,"repetition":1,"latency_ms":711.318693,"status":200}
    perfdiag_test.go:279: PERF_REQUEST {"history":20000,"clients":40,"client":32,"repetition":0,"latency_ms":365.13437,"status":200}
    perfdiag_test.go:279: PERF_REQUEST {"history":20000,"clients":40,"client":32,"repetition":1,"latency_ms":712.774073,"status":200}
    perfdiag_test.go:279: PERF_REQUEST {"history":20000,"clients":40,"client":33,"repetition":0,"latency_ms":384.026168,"status":200}
    perfdiag_test.go:279: PERF_REQUEST {"history":20000,"clients":40,"client":33,"repetition":1,"latency_ms":720.546084,"status":200}
    perfdiag_test.go:279: PERF_REQUEST {"history":20000,"clients":40,"client":34,"repetition":0,"latency_ms":401.662471,"status":200}
    perfdiag_test.go:279: PERF_REQUEST {"history":20000,"clients":40,"client":34,"repetition":1,"latency_ms":723.08069,"status":200}
    perfdiag_test.go:279: PERF_REQUEST {"history":20000,"clients":40,"client":35,"repetition":0,"latency_ms":418.860455,"status":200}
    perfdiag_test.go:279: PERF_REQUEST {"history":20000,"clients":40,"client":35,"repetition":1,"latency_ms":732.246196,"status":200}
    perfdiag_test.go:279: PERF_REQUEST {"history":20000,"clients":40,"client":36,"repetition":0,"latency_ms":437.833066,"status":200}
    perfdiag_test.go:279: PERF_REQUEST {"history":20000,"clients":40,"client":36,"repetition":1,"latency_ms":746.87514,"status":200}
    perfdiag_test.go:279: PERF_REQUEST {"history":20000,"clients":40,"client":37,"repetition":0,"latency_ms":455.291135,"status":200}
    perfdiag_test.go:279: PERF_REQUEST {"history":20000,"clients":40,"client":37,"repetition":1,"latency_ms":758.986659,"status":200}
    perfdiag_test.go:279: PERF_REQUEST {"history":20000,"clients":40,"client":38,"repetition":0,"latency_ms":472.810479,"status":200}
    perfdiag_test.go:279: PERF_REQUEST {"history":20000,"clients":40,"client":38,"repetition":1,"latency_ms":759.013017,"status":200}
    perfdiag_test.go:279: PERF_REQUEST {"history":20000,"clients":40,"client":39,"repetition":0,"latency_ms":219.004392,"status":200}
    perfdiag_test.go:279: PERF_REQUEST {"history":20000,"clients":40,"client":39,"repetition":1,"latency_ms":715.415728,"status":200}
    perfdiag_test.go:291: PERF_PERSIST {"clients":40,"history":20000,"persist_index":0,"save_ms":17.752671,"snapshot_bytes":3350674,"wchar_delta":3350674,"write_bytes_delta":3354624}
    perfdiag_test.go:291: PERF_PERSIST {"clients":40,"history":20000,"persist_index":1,"save_ms":17.551224,"snapshot_bytes":3353541,"wchar_delta":3353541,"write_bytes_delta":3354624}
    perfdiag_test.go:291: PERF_PERSIST {"clients":40,"history":20000,"persist_index":2,"save_ms":21.702019,"snapshot_bytes":3353541,"wchar_delta":3353541,"write_bytes_delta":3354624}
    perfdiag_test.go:291: PERF_PERSIST {"clients":40,"history":20000,"persist_index":3,"save_ms":17.734576,"snapshot_bytes":3353541,"wchar_delta":3353541,"write_bytes_delta":3354624}
    perfdiag_test.go:291: PERF_PERSIST {"clients":40,"history":20000,"persist_index":4,"save_ms":17.173878,"snapshot_bytes":3353596,"wchar_delta":3353596,"write_bytes_delta":3354624}
    perfdiag_test.go:291: PERF_PERSIST {"clients":40,"history":20000,"persist_index":5,"save_ms":18.890416,"snapshot_bytes":3353651,"wchar_delta":3353651,"write_bytes_delta":3354624}
    perfdiag_test.go:291: PERF_PERSIST {"clients":40,"history":20000,"persist_index":6,"save_ms":17.612218,"snapshot_bytes":3353706,"wchar_delta":3353706,"write_bytes_delta":3354624}
    perfdiag_test.go:291: PERF_PERSIST {"clients":40,"history":20000,"persist_index":7,"save_ms":17.003891,"snapshot_bytes":3353761,"wchar_delta":3353761,"write_bytes_delta":3354624}
    perfdiag_test.go:291: PERF_PERSIST {"clients":40,"history":20000,"persist_index":8,"save_ms":18.420669,"snapshot_bytes":3353816,"wchar_delta":3353816,"write_bytes_delta":3354624}
    perfdiag_test.go:291: PERF_PERSIST {"clients":40,"history":20000,"persist_index":9,"save_ms":17.700914,"snapshot_bytes":3353871,"wchar_delta":3353871,"write_bytes_delta":3354624}
    perfdiag_test.go:291: PERF_PERSIST {"clients":40,"history":20000,"persist_index":10,"save_ms":17.952293,"snapshot_bytes":3353926,"wchar_delta":3353926,"write_bytes_delta":3354624}
    perfdiag_test.go:291: PERF_PERSIST {"clients":40,"history":20000,"persist_index":11,"save_ms":19.090049,"snapshot_bytes":3353981,"wchar_delta":3353981,"write_bytes_delta":3354624}
    perfdiag_test.go:291: PERF_PERSIST {"clients":40,"history":20000,"persist_index":12,"save_ms":20.332951,"snapshot_bytes":3354036,"wchar_delta":3354036,"write_bytes_delta":3354624}
    perfdiag_test.go:291: PERF_PERSIST {"clients":40,"history":20000,"persist_index":13,"save_ms":18.138852,"snapshot_bytes":3354091,"wchar_delta":3354091,"write_bytes_delta":3354624}
    perfdiag_test.go:291: PERF_PERSIST {"clients":40,"history":20000,"persist_index":14,"save_ms":18.964204,"snapshot_bytes":3354146,"wchar_delta":3354146,"write_bytes_delta":3354624}
    perfdiag_test.go:291: PERF_PERSIST {"clients":40,"history":20000,"persist_index":15,"save_ms":18.398667,"snapshot_bytes":3354201,"wchar_delta":3354201,"write_bytes_delta":3354624}
    perfdiag_test.go:291: PERF_PERSIST {"clients":40,"history":20000,"persist_index":16,"save_ms":17.090573,"snapshot_bytes":3354256,"wchar_delta":3354256,"write_bytes_delta":3354624}
    perfdiag_test.go:291: PERF_PERSIST {"clients":40,"history":20000,"persist_index":17,"save_ms":18.117582,"snapshot_bytes":3354311,"wchar_delta":3354311,"write_bytes_delta":3354624}
    perfdiag_test.go:291: PERF_PERSIST {"clients":40,"history":20000,"persist_index":18,"save_ms":17.777016,"snapshot_bytes":3354366,"wchar_delta":3354366,"write_bytes_delta":3354624}
    perfdiag_test.go:291: PERF_PERSIST {"clients":40,"history":20000,"persist_index":19,"save_ms":17.093409,"snapshot_bytes":3354421,"wchar_delta":3354421,"write_bytes_delta":3354624}
    perfdiag_test.go:291: PERF_PERSIST {"clients":40,"history":20000,"persist_index":20,"save_ms":18.861382,"snapshot_bytes":3354476,"wchar_delta":3354476,"write_bytes_delta":3354624}
    perfdiag_test.go:291: PERF_PERSIST {"clients":40,"history":20000,"persist_index":21,"save_ms":17.615965,"snapshot_bytes":3354531,"wchar_delta":3354531,"write_bytes_delta":3354624}
    perfdiag_test.go:291: PERF_PERSIST {"clients":40,"history":20000,"persist_index":22,"save_ms":17.181092,"snapshot_bytes":3354586,"wchar_delta":3354586,"write_bytes_delta":3354624}
    perfdiag_test.go:291: PERF_PERSIST {"clients":40,"history":20000,"persist_index":23,"save_ms":18.941572,"snapshot_bytes":3354641,"wchar_delta":3354641,"write_bytes_delta":3358720}
    perfdiag_test.go:291: PERF_PERSIST {"clients":40,"history":20000,"persist_index":24,"save_ms":17.434686,"snapshot_bytes":3354696,"wchar_delta":3354696,"write_bytes_delta":3358720}
    perfdiag_test.go:291: PERF_PERSIST {"clients":40,"history":20000,"persist_index":25,"save_ms":17.49529,"snapshot_bytes":3354751,"wchar_delta":3354751,"write_bytes_delta":3358720}
    perfdiag_test.go:291: PERF_PERSIST {"clients":40,"history":20000,"persist_index":26,"save_ms":18.858176,"snapshot_bytes":3354806,"wchar_delta":3354806,"write_bytes_delta":3358720}
    perfdiag_test.go:291: PERF_PERSIST {"clients":40,"history":20000,"persist_index":27,"save_ms":18.059794,"snapshot_bytes":3354861,"wchar_delta":3354861,"write_bytes_delta":3358720}
    perfdiag_test.go:291: PERF_PERSIST {"clients":40,"history":20000,"persist_index":28,"save_ms":17.153901,"snapshot_bytes":3354916,"wchar_delta":3354916,"write_bytes_delta":3358720}
    perfdiag_test.go:291: PERF_PERSIST {"clients":40,"history":20000,"persist_index":29,"save_ms":19.174637,"snapshot_bytes":3354971,"wchar_delta":3354971,"write_bytes_delta":3358720}
    perfdiag_test.go:291: PERF_PERSIST {"clients":40,"history":20000,"persist_index":30,"save_ms":18.478636,"snapshot_bytes":3355026,"wchar_delta":3355026,"write_bytes_delta":3358720}
    perfdiag_test.go:291: PERF_PERSIST {"clients":40,"history":20000,"persist_index":31,"save_ms":18.285857,"snapshot_bytes":3355081,"wchar_delta":3355081,"write_bytes_delta":3358720}
    perfdiag_test.go:291: PERF_PERSIST {"clients":40,"history":20000,"persist_index":32,"save_ms":17.011777,"snapshot_bytes":3355136,"wchar_delta":3355136,"write_bytes_delta":3358720}
    perfdiag_test.go:291: PERF_PERSIST {"clients":40,"history":20000,"persist_index":33,"save_ms":18.786692,"snapshot_bytes":3355191,"wchar_delta":3355191,"write_bytes_delta":3358720}
    perfdiag_test.go:291: PERF_PERSIST {"clients":40,"history":20000,"persist_index":34,"save_ms":20.402701,"snapshot_bytes":3355246,"wchar_delta":3355246,"write_bytes_delta":3358720}
    perfdiag_test.go:291: PERF_PERSIST {"clients":40,"history":20000,"persist_index":35,"save_ms":16.853299,"snapshot_bytes":3355301,"wchar_delta":3355301,"write_bytes_delta":3358720}
    perfdiag_test.go:291: PERF_PERSIST {"clients":40,"history":20000,"persist_index":36,"save_ms":20.776661,"snapshot_bytes":3355356,"wchar_delta":3355356,"write_bytes_delta":3358720}
    perfdiag_test.go:291: PERF_PERSIST {"clients":40,"history":20000,"persist_index":37,"save_ms":20.007433,"snapshot_bytes":3355411,"wchar_delta":3355411,"write_bytes_delta":3358720}
    perfdiag_test.go:291: PERF_PERSIST {"clients":40,"history":20000,"persist_index":38,"save_ms":17.358424,"snapshot_bytes":3355466,"wchar_delta":3355466,"write_bytes_delta":3358720}
    perfdiag_test.go:291: PERF_PERSIST {"clients":40,"history":20000,"persist_index":39,"save_ms":21.188891,"snapshot_bytes":3355521,"wchar_delta":3355521,"write_bytes_delta":3358720}
    perfdiag_test.go:291: PERF_PERSIST {"clients":40,"history":20000,"persist_index":40,"save_ms":18.792904,"snapshot_bytes":3355576,"wchar_delta":3355576,"write_bytes_delta":3358720}
    perfdiag_test.go:291: PERF_PERSIST {"clients":40,"history":20000,"persist_index":41,"save_ms":17.77383,"snapshot_bytes":3355631,"wchar_delta":3355631,"write_bytes_delta":3358720}
    perfdiag_test.go:291: PERF_PERSIST {"clients":40,"history":20000,"persist_index":42,"save_ms":18.641291,"snapshot_bytes":3355686,"wchar_delta":3355686,"write_bytes_delta":3358720}
    perfdiag_test.go:291: PERF_PERSIST {"clients":40,"history":20000,"persist_index":43,"save_ms":17.817131,"snapshot_bytes":3355686,"wchar_delta":3355686,"write_bytes_delta":3358720}
    perfdiag_test.go:291: PERF_PERSIST {"clients":40,"history":20000,"persist_index":44,"save_ms":17.321074,"snapshot_bytes":3355686,"wchar_delta":3355686,"write_bytes_delta":3358720}
    perfdiag_test.go:291: PERF_PERSIST {"clients":40,"history":20000,"persist_index":45,"save_ms":18.897199,"snapshot_bytes":3355686,"wchar_delta":3355686,"write_bytes_delta":3358720}
    perfdiag_test.go:291: PERF_PERSIST {"clients":40,"history":20000,"persist_index":46,"save_ms":17.707827,"snapshot_bytes":3355686,"wchar_delta":3355686,"write_bytes_delta":3358720}
    perfdiag_test.go:291: PERF_PERSIST {"clients":40,"history":20000,"persist_index":47,"save_ms":17.475823,"snapshot_bytes":3355686,"wchar_delta":3355686,"write_bytes_delta":3358720}
    perfdiag_test.go:291: PERF_PERSIST {"clients":40,"history":20000,"persist_index":48,"save_ms":18.729225,"snapshot_bytes":3355686,"wchar_delta":3355686,"write_bytes_delta":3358720}
    perfdiag_test.go:291: PERF_PERSIST {"clients":40,"history":20000,"persist_index":49,"save_ms":17.494308,"snapshot_bytes":3355686,"wchar_delta":3355686,"write_bytes_delta":3358720}
    perfdiag_test.go:291: PERF_PERSIST {"clients":40,"history":20000,"persist_index":50,"save_ms":17.943848,"snapshot_bytes":3355686,"wchar_delta":3355686,"write_bytes_delta":3358720}
    perfdiag_test.go:291: PERF_PERSIST {"clients":40,"history":20000,"persist_index":51,"save_ms":16.687741,"snapshot_bytes":3355686,"wchar_delta":3355686,"write_bytes_delta":3358720}
    perfdiag_test.go:291: PERF_PERSIST {"clients":40,"history":20000,"persist_index":52,"save_ms":18.623037,"snapshot_bytes":3355686,"wchar_delta":3355686,"write_bytes_delta":3358720}
    perfdiag_test.go:291: PERF_PERSIST {"clients":40,"history":20000,"persist_index":53,"save_ms":18.271669,"snapshot_bytes":3355686,"wchar_delta":3355686,"write_bytes_delta":3358720}
    perfdiag_test.go:291: PERF_PERSIST {"clients":40,"history":20000,"persist_index":54,"save_ms":16.886742,"snapshot_bytes":3355686,"wchar_delta":3355686,"write_bytes_delta":3358720}
    perfdiag_test.go:291: PERF_PERSIST {"clients":40,"history":20000,"persist_index":55,"save_ms":18.658553,"snapshot_bytes":3355686,"wchar_delta":3355686,"write_bytes_delta":3358720}
    perfdiag_test.go:291: PERF_PERSIST {"clients":40,"history":20000,"persist_index":56,"save_ms":18.68386,"snapshot_bytes":3355686,"wchar_delta":3355686,"write_bytes_delta":3358720}
    perfdiag_test.go:291: PERF_PERSIST {"clients":40,"history":20000,"persist_index":57,"save_ms":16.911719,"snapshot_bytes":3355686,"wchar_delta":3355686,"write_bytes_delta":3358720}
    perfdiag_test.go:291: PERF_PERSIST {"clients":40,"history":20000,"persist_index":58,"save_ms":20.875455,"snapshot_bytes":3355686,"wchar_delta":3355686,"write_bytes_delta":3358720}
    perfdiag_test.go:291: PERF_PERSIST {"clients":40,"history":20000,"persist_index":59,"save_ms":24.187574,"snapshot_bytes":3355686,"wchar_delta":3355686,"write_bytes_delta":3358720}
    perfdiag_test.go:291: PERF_PERSIST {"clients":40,"history":20000,"persist_index":60,"save_ms":20.558343,"snapshot_bytes":3355686,"wchar_delta":3355686,"write_bytes_delta":3358720}
    perfdiag_test.go:291: PERF_PERSIST {"clients":40,"history":20000,"persist_index":61,"save_ms":29.668535,"snapshot_bytes":3355686,"wchar_delta":3355686,"write_bytes_delta":3358720}
    perfdiag_test.go:291: PERF_PERSIST {"clients":40,"history":20000,"persist_index":62,"save_ms":29.812744,"snapshot_bytes":3355686,"wchar_delta":3355686,"write_bytes_delta":3358720}
    perfdiag_test.go:291: PERF_PERSIST {"clients":40,"history":20000,"persist_index":63,"save_ms":29.680427,"snapshot_bytes":3355686,"wchar_delta":3355686,"write_bytes_delta":3358720}
    perfdiag_test.go:291: PERF_PERSIST {"clients":40,"history":20000,"persist_index":64,"save_ms":20.613736,"snapshot_bytes":3355686,"wchar_delta":3355686,"write_bytes_delta":3358720}
    perfdiag_test.go:291: PERF_PERSIST {"clients":40,"history":20000,"persist_index":65,"save_ms":29.507153,"snapshot_bytes":3355686,"wchar_delta":3355686,"write_bytes_delta":3358720}
    perfdiag_test.go:291: PERF_PERSIST {"clients":40,"history":20000,"persist_index":66,"save_ms":29.898585,"snapshot_bytes":3355686,"wchar_delta":3355686,"write_bytes_delta":3358720}
    perfdiag_test.go:291: PERF_PERSIST {"clients":40,"history":20000,"persist_index":67,"save_ms":20.365061,"snapshot_bytes":3355686,"wchar_delta":3355686,"write_bytes_delta":3358720}
    perfdiag_test.go:291: PERF_PERSIST {"clients":40,"history":20000,"persist_index":68,"save_ms":29.682491,"snapshot_bytes":3355686,"wchar_delta":3355686,"write_bytes_delta":3358720}
    perfdiag_test.go:291: PERF_PERSIST {"clients":40,"history":20000,"persist_index":69,"save_ms":29.711234,"snapshot_bytes":3355686,"wchar_delta":3355686,"write_bytes_delta":3358720}
    perfdiag_test.go:291: PERF_PERSIST {"clients":40,"history":20000,"persist_index":70,"save_ms":21.070389,"snapshot_bytes":3355686,"wchar_delta":3355686,"write_bytes_delta":3358720}
    perfdiag_test.go:291: PERF_PERSIST {"clients":40,"history":20000,"persist_index":71,"save_ms":29.121713,"snapshot_bytes":3355686,"wchar_delta":3355686,"write_bytes_delta":3358720}
    perfdiag_test.go:291: PERF_PERSIST {"clients":40,"history":20000,"persist_index":72,"save_ms":29.739127,"snapshot_bytes":3355686,"wchar_delta":3355694,"write_bytes_delta":3358720}
    perfdiag_test.go:291: PERF_PERSIST {"clients":40,"history":20000,"persist_index":73,"save_ms":20.850929,"snapshot_bytes":3355686,"wchar_delta":3355686,"write_bytes_delta":3358720}
    perfdiag_test.go:291: PERF_PERSIST {"clients":40,"history":20000,"persist_index":74,"save_ms":29.465795,"snapshot_bytes":3355686,"wchar_delta":3355686,"write_bytes_delta":3358720}
    perfdiag_test.go:291: PERF_PERSIST {"clients":40,"history":20000,"persist_index":75,"save_ms":29.712858,"snapshot_bytes":3355686,"wchar_delta":3355686,"write_bytes_delta":3358720}
    perfdiag_test.go:291: PERF_PERSIST {"clients":40,"history":20000,"persist_index":76,"save_ms":20.495505,"snapshot_bytes":3355686,"wchar_delta":3355686,"write_bytes_delta":3358720}
    perfdiag_test.go:291: PERF_PERSIST {"clients":40,"history":20000,"persist_index":77,"save_ms":31.477425,"snapshot_bytes":3355686,"wchar_delta":3355686,"write_bytes_delta":3358720}
    perfdiag_test.go:291: PERF_PERSIST {"clients":40,"history":20000,"persist_index":78,"save_ms":26.843175,"snapshot_bytes":3355686,"wchar_delta":3355686,"write_bytes_delta":3358720}
    perfdiag_test.go:291: PERF_PERSIST {"clients":40,"history":20000,"persist_index":79,"save_ms":20.376573,"snapshot_bytes":3355686,"wchar_delta":3355686,"write_bytes_delta":3358720}
    perfdiag_test.go:291: PERF_IO_SUMMARY {"bytes_per_persist":3355033.475,"clients":40,"elapsed_seconds":1.634606663,"emitted_to_net_file_growth_ratio":51221.88511450381,"final_file_bytes":3355686,"history":20000,"initial_file_bytes":3350446,"net_file_growth_bytes":5240,"persist_calls":80,"persist_per_request":1,"persist_per_second":48.941437601371135,"proc_io_available":true,"ratio_denominator":"net snapshot file growth, not logical mutation bytes","snapshot_emitted_bytes":268402678,"wchar_delta":268402686,"write_bytes_delta":268603392,"write_bytes_per_second":164322951.8635579}
    perfdiag_test.go:292: PERF_SUMMARY {"audit_count":20080,"clients":40,"elapsed_seconds":1.634606663,"failures":0,"goroutines_after":3,"goroutines_before":43,"goroutines_delta":-40,"heap_after_bytes":14227240,"heap_before_bytes":7127632,"heap_delta_bytes":7099608,"history":20000,"max_ms":879.220151,"numgc_delta":54,"p50_ms":710.079487,"p95_ms":857.498695,"p99_ms":879.220151,"pause_delta_ns":1513040,"polls":2,"rate_requests_per_second":48.941437601371135,"requests":80,"snapshot_bytes":3355686,"successes":80,"totalalloc_delta_bytes":410597032}
--- PASS: TestPerfHTTPActiveHistoryMatrix (4.06s)
    --- PASS: TestPerfHTTPActiveHistoryMatrix/history_1000/clients_20 (0.06s)
    --- PASS: TestPerfHTTPActiveHistoryMatrix/history_1000/clients_40 (0.15s)
    --- PASS: TestPerfHTTPActiveHistoryMatrix/history_10000/clients_20 (0.43s)
    --- PASS: TestPerfHTTPActiveHistoryMatrix/history_10000/clients_40 (0.86s)
    --- PASS: TestPerfHTTPActiveHistoryMatrix/history_20000/clients_20 (0.83s)
    --- PASS: TestPerfHTTPActiveHistoryMatrix/history_20000/clients_40 (1.73s)
=== RUN   TestPerfHTTPActiveHistoryMatrix
=== RUN   TestPerfHTTPActiveHistoryMatrix/history_1000/clients_20
    perfdiag_test.go:279: PERF_REQUEST {"history":1000,"clients":20,"client":0,"repetition":0,"latency_ms":24.141176,"status":200}
    perfdiag_test.go:279: PERF_REQUEST {"history":1000,"clients":20,"client":0,"repetition":1,"latency_ms":25.56121,"status":200}
    perfdiag_test.go:279: PERF_REQUEST {"history":1000,"clients":20,"client":1,"repetition":0,"latency_ms":1.323522,"status":200}
    perfdiag_test.go:279: PERF_REQUEST {"history":1000,"clients":20,"client":1,"repetition":1,"latency_ms":1.39173,"status":200}
    perfdiag_test.go:279: PERF_REQUEST {"history":1000,"clients":20,"client":2,"repetition":0,"latency_ms":22.909235,"status":200}
    perfdiag_test.go:279: PERF_REQUEST {"history":1000,"clients":20,"client":2,"repetition":1,"latency_ms":25.576799,"status":200}
    perfdiag_test.go:279: PERF_REQUEST {"history":1000,"clients":20,"client":3,"repetition":0,"latency_ms":11.033315,"status":200}
    perfdiag_test.go:279: PERF_REQUEST {"history":1000,"clients":20,"client":3,"repetition":1,"latency_ms":29.531488,"status":200}
    perfdiag_test.go:279: PERF_REQUEST {"history":1000,"clients":20,"client":4,"repetition":0,"latency_ms":20.111958,"status":200}
    perfdiag_test.go:279: PERF_REQUEST {"history":1000,"clients":20,"client":4,"repetition":1,"latency_ms":25.936982,"status":200}
    perfdiag_test.go:279: PERF_REQUEST {"history":1000,"clients":20,"client":5,"repetition":0,"latency_ms":21.398733,"status":200}
    perfdiag_test.go:279: PERF_REQUEST {"history":1000,"clients":20,"client":5,"repetition":1,"latency_ms":25.874375,"status":200}
    perfdiag_test.go:279: PERF_REQUEST {"history":1000,"clients":20,"client":6,"repetition":0,"latency_ms":16.93926,"status":200}
    perfdiag_test.go:279: PERF_REQUEST {"history":1000,"clients":20,"client":6,"repetition":1,"latency_ms":26.605782,"status":200}
    perfdiag_test.go:279: PERF_REQUEST {"history":1000,"clients":20,"client":7,"repetition":0,"latency_ms":12.543928,"status":200}
    perfdiag_test.go:279: PERF_REQUEST {"history":1000,"clients":20,"client":7,"repetition":1,"latency_ms":29.366049,"status":200}
    perfdiag_test.go:279: PERF_REQUEST {"history":1000,"clients":20,"client":8,"repetition":0,"latency_ms":18.837407,"status":200}
    perfdiag_test.go:279: PERF_REQUEST {"history":1000,"clients":20,"client":8,"repetition":1,"latency_ms":25.935489,"status":200}
    perfdiag_test.go:279: PERF_REQUEST {"history":1000,"clients":20,"client":9,"repetition":0,"latency_ms":9.815179,"status":200}
    perfdiag_test.go:279: PERF_REQUEST {"history":1000,"clients":20,"client":9,"repetition":1,"latency_ms":29.502264,"status":200}
    perfdiag_test.go:279: PERF_REQUEST {"history":1000,"clients":20,"client":10,"repetition":0,"latency_ms":8.576835,"status":200}
    perfdiag_test.go:279: PERF_REQUEST {"history":1000,"clients":20,"client":10,"repetition":1,"latency_ms":29.421433,"status":200}
    perfdiag_test.go:279: PERF_REQUEST {"history":1000,"clients":20,"client":11,"repetition":0,"latency_ms":28.679397,"status":200}
    perfdiag_test.go:279: PERF_REQUEST {"history":1000,"clients":20,"client":11,"repetition":1,"latency_ms":25.371856,"status":200}
    perfdiag_test.go:279: PERF_REQUEST {"history":1000,"clients":20,"client":12,"repetition":0,"latency_ms":26.103603,"status":200}
    perfdiag_test.go:279: PERF_REQUEST {"history":1000,"clients":20,"client":12,"repetition":1,"latency_ms":25.464289,"status":200}
    perfdiag_test.go:279: PERF_REQUEST {"history":1000,"clients":20,"client":13,"repetition":0,"latency_ms":4.6084,"status":200}
    perfdiag_test.go:279: PERF_REQUEST {"history":1000,"clients":20,"client":13,"repetition":1,"latency_ms":29.624272,"status":200}
    perfdiag_test.go:279: PERF_REQUEST {"history":1000,"clients":20,"client":14,"repetition":0,"latency_ms":27.352417,"status":200}
    perfdiag_test.go:279: PERF_REQUEST {"history":1000,"clients":20,"client":14,"repetition":1,"latency_ms":25.449401,"status":200}
    perfdiag_test.go:279: PERF_REQUEST {"history":1000,"clients":20,"client":15,"repetition":0,"latency_ms":7.346367,"status":200}
    perfdiag_test.go:279: PERF_REQUEST {"history":1000,"clients":20,"client":15,"repetition":1,"latency_ms":29.397408,"status":200}
    perfdiag_test.go:279: PERF_REQUEST {"history":1000,"clients":20,"client":16,"repetition":0,"latency_ms":29.949119,"status":200}
    perfdiag_test.go:279: PERF_REQUEST {"history":1000,"clients":20,"client":16,"repetition":1,"latency_ms":25.315171,"status":200}
    perfdiag_test.go:279: PERF_REQUEST {"history":1000,"clients":20,"client":17,"repetition":0,"latency_ms":31.218741,"status":200}
    perfdiag_test.go:279: PERF_REQUEST {"history":1000,"clients":20,"client":17,"repetition":1,"latency_ms":25.279163,"status":200}
    perfdiag_test.go:279: PERF_REQUEST {"history":1000,"clients":20,"client":18,"repetition":0,"latency_ms":32.64697,"status":200}
    perfdiag_test.go:279: PERF_REQUEST {"history":1000,"clients":20,"client":18,"repetition":1,"latency_ms":25.078227,"status":200}
    perfdiag_test.go:279: PERF_REQUEST {"history":1000,"clients":20,"client":19,"repetition":0,"latency_ms":6.103054,"status":200}
    perfdiag_test.go:279: PERF_REQUEST {"history":1000,"clients":20,"client":19,"repetition":1,"latency_ms":29.380035,"status":200}
    perfdiag_test.go:291: PERF_PERSIST {"clients":20,"history":1000,"persist_index":0,"save_ms":1.232273,"snapshot_bytes":230157,"wchar_delta":230157,"write_bytes_delta":233472}
    perfdiag_test.go:291: PERF_PERSIST {"clients":20,"history":1000,"persist_index":1,"save_ms":1.319425,"snapshot_bytes":231580,"wchar_delta":231580,"write_bytes_delta":233472}
    perfdiag_test.go:291: PERF_PERSIST {"clients":20,"history":1000,"persist_index":2,"save_ms":1.875545,"snapshot_bytes":231580,"wchar_delta":231580,"write_bytes_delta":233472}
    perfdiag_test.go:291: PERF_PERSIST {"clients":20,"history":1000,"persist_index":3,"save_ms":1.540839,"snapshot_bytes":231580,"wchar_delta":231580,"write_bytes_delta":233472}
    perfdiag_test.go:291: PERF_PERSIST {"clients":20,"history":1000,"persist_index":4,"save_ms":1.22525,"snapshot_bytes":231635,"wchar_delta":231635,"write_bytes_delta":233472}
    perfdiag_test.go:291: PERF_PERSIST {"clients":20,"history":1000,"persist_index":5,"save_ms":1.215281,"snapshot_bytes":231690,"wchar_delta":231690,"write_bytes_delta":233472}
    perfdiag_test.go:291: PERF_PERSIST {"clients":20,"history":1000,"persist_index":6,"save_ms":1.228164,"snapshot_bytes":231745,"wchar_delta":231745,"write_bytes_delta":233472}
    perfdiag_test.go:291: PERF_PERSIST {"clients":20,"history":1000,"persist_index":7,"save_ms":1.209099,"snapshot_bytes":231800,"wchar_delta":231800,"write_bytes_delta":233472}
    perfdiag_test.go:291: PERF_PERSIST {"clients":20,"history":1000,"persist_index":8,"save_ms":1.494132,"snapshot_bytes":231855,"wchar_delta":231855,"write_bytes_delta":233472}
    perfdiag_test.go:291: PERF_PERSIST {"clients":20,"history":1000,"persist_index":9,"save_ms":4.371919,"snapshot_bytes":231910,"wchar_delta":231910,"write_bytes_delta":233472}
    perfdiag_test.go:291: PERF_PERSIST {"clients":20,"history":1000,"persist_index":10,"save_ms":1.874172,"snapshot_bytes":231965,"wchar_delta":231965,"write_bytes_delta":233472}
    perfdiag_test.go:291: PERF_PERSIST {"clients":20,"history":1000,"persist_index":11,"save_ms":1.256558,"snapshot_bytes":232020,"wchar_delta":232020,"write_bytes_delta":233472}
    perfdiag_test.go:291: PERF_PERSIST {"clients":20,"history":1000,"persist_index":12,"save_ms":1.264623,"snapshot_bytes":232075,"wchar_delta":232075,"write_bytes_delta":233472}
    perfdiag_test.go:291: PERF_PERSIST {"clients":20,"history":1000,"persist_index":13,"save_ms":1.498991,"snapshot_bytes":232130,"wchar_delta":232130,"write_bytes_delta":233472}
    perfdiag_test.go:291: PERF_PERSIST {"clients":20,"history":1000,"persist_index":14,"save_ms":1.226661,"snapshot_bytes":232185,"wchar_delta":232185,"write_bytes_delta":233472}
    perfdiag_test.go:291: PERF_PERSIST {"clients":20,"history":1000,"persist_index":15,"save_ms":1.631909,"snapshot_bytes":232240,"wchar_delta":232240,"write_bytes_delta":233472}
    perfdiag_test.go:291: PERF_PERSIST {"clients":20,"history":1000,"persist_index":16,"save_ms":1.276024,"snapshot_bytes":232295,"wchar_delta":232295,"write_bytes_delta":233472}
    perfdiag_test.go:291: PERF_PERSIST {"clients":20,"history":1000,"persist_index":17,"save_ms":1.312021,"snapshot_bytes":232350,"wchar_delta":232350,"write_bytes_delta":233472}
    perfdiag_test.go:291: PERF_PERSIST {"clients":20,"history":1000,"persist_index":18,"save_ms":1.255065,"snapshot_bytes":232405,"wchar_delta":232405,"write_bytes_delta":233472}
    perfdiag_test.go:291: PERF_PERSIST {"clients":20,"history":1000,"persist_index":19,"save_ms":1.259484,"snapshot_bytes":232460,"wchar_delta":232460,"write_bytes_delta":233472}
    perfdiag_test.go:291: PERF_PERSIST {"clients":20,"history":1000,"persist_index":20,"save_ms":1.404845,"snapshot_bytes":232515,"wchar_delta":232515,"write_bytes_delta":233472}
    perfdiag_test.go:291: PERF_PERSIST {"clients":20,"history":1000,"persist_index":21,"save_ms":1.553413,"snapshot_bytes":232570,"wchar_delta":232570,"write_bytes_delta":233472}
    perfdiag_test.go:291: PERF_PERSIST {"clients":20,"history":1000,"persist_index":22,"save_ms":1.291063,"snapshot_bytes":232625,"wchar_delta":232625,"write_bytes_delta":233472}
    perfdiag_test.go:291: PERF_PERSIST {"clients":20,"history":1000,"persist_index":23,"save_ms":1.255325,"snapshot_bytes":232625,"wchar_delta":232625,"write_bytes_delta":233472}
    perfdiag_test.go:291: PERF_PERSIST {"clients":20,"history":1000,"persist_index":24,"save_ms":1.240978,"snapshot_bytes":232625,"wchar_delta":232625,"write_bytes_delta":233472}
    perfdiag_test.go:291: PERF_PERSIST {"clients":20,"history":1000,"persist_index":25,"save_ms":1.303034,"snapshot_bytes":232625,"wchar_delta":232625,"write_bytes_delta":233472}
    perfdiag_test.go:291: PERF_PERSIST {"clients":20,"history":1000,"persist_index":26,"save_ms":1.231591,"snapshot_bytes":232625,"wchar_delta":232625,"write_bytes_delta":233472}
    perfdiag_test.go:291: PERF_PERSIST {"clients":20,"history":1000,"persist_index":27,"save_ms":1.221282,"snapshot_bytes":232625,"wchar_delta":232625,"write_bytes_delta":233472}
    perfdiag_test.go:291: PERF_PERSIST {"clients":20,"history":1000,"persist_index":28,"save_ms":1.742836,"snapshot_bytes":232625,"wchar_delta":232625,"write_bytes_delta":233472}
    perfdiag_test.go:291: PERF_PERSIST {"clients":20,"history":1000,"persist_index":29,"save_ms":1.221322,"snapshot_bytes":232625,"wchar_delta":232625,"write_bytes_delta":233472}
    perfdiag_test.go:291: PERF_PERSIST {"clients":20,"history":1000,"persist_index":30,"save_ms":1.257941,"snapshot_bytes":232625,"wchar_delta":232625,"write_bytes_delta":233472}
    perfdiag_test.go:291: PERF_PERSIST {"clients":20,"history":1000,"persist_index":31,"save_ms":1.20985,"snapshot_bytes":232625,"wchar_delta":232625,"write_bytes_delta":233472}
    perfdiag_test.go:291: PERF_PERSIST {"clients":20,"history":1000,"persist_index":32,"save_ms":1.200092,"snapshot_bytes":232625,"wchar_delta":232625,"write_bytes_delta":233472}
    perfdiag_test.go:291: PERF_PERSIST {"clients":20,"history":1000,"persist_index":33,"save_ms":1.216623,"snapshot_bytes":232625,"wchar_delta":232625,"write_bytes_delta":233472}
    perfdiag_test.go:291: PERF_PERSIST {"clients":20,"history":1000,"persist_index":34,"save_ms":1.507156,"snapshot_bytes":232625,"wchar_delta":232625,"write_bytes_delta":233472}
    perfdiag_test.go:291: PERF_PERSIST {"clients":20,"history":1000,"persist_index":35,"save_ms":1.278519,"snapshot_bytes":232625,"wchar_delta":232625,"write_bytes_delta":233472}
    perfdiag_test.go:291: PERF_PERSIST {"clients":20,"history":1000,"persist_index":36,"save_ms":1.22037,"snapshot_bytes":232625,"wchar_delta":232625,"write_bytes_delta":233472}
    perfdiag_test.go:291: PERF_PERSIST {"clients":20,"history":1000,"persist_index":37,"save_ms":1.205563,"snapshot_bytes":232625,"wchar_delta":232625,"write_bytes_delta":233472}
    perfdiag_test.go:291: PERF_PERSIST {"clients":20,"history":1000,"persist_index":38,"save_ms":1.221442,"snapshot_bytes":232625,"wchar_delta":232625,"write_bytes_delta":233472}
    perfdiag_test.go:291: PERF_PERSIST {"clients":20,"history":1000,"persist_index":39,"save_ms":1.228836,"snapshot_bytes":232625,"wchar_delta":232625,"write_bytes_delta":233472}
    perfdiag_test.go:291: PERF_IO_SUMMARY {"bytes_per_persist":232249.8,"clients":20,"elapsed_seconds":0.057952583,"emitted_to_net_file_growth_ratio":3545.798473282443,"final_file_bytes":232625,"history":1000,"initial_file_bytes":230005,"net_file_growth_bytes":2620,"persist_calls":40,"persist_per_request":1,"persist_per_second":690.2194506153419,"proc_io_available":true,"ratio_denominator":"net snapshot file growth, not logical mutation bytes","snapshot_emitted_bytes":9289992,"wchar_delta":9289992,"write_bytes_delta":9338880,"write_bytes_per_second":161146915.5740651}
    perfdiag_test.go:292: PERF_SUMMARY {"audit_count":1040,"clients":20,"elapsed_seconds":0.057952583,"failures":0,"goroutines_after":3,"goroutines_before":23,"goroutines_delta":-20,"heap_after_bytes":3239952,"heap_before_bytes":23609200,"heap_delta_bytes":-20369248,"history":1000,"max_ms":32.64697,"numgc_delta":6,"p50_ms":25.449401,"p95_ms":29.949119,"p99_ms":32.64697,"pause_delta_ns":133288,"polls":2,"rate_requests_per_second":690.2194506153419,"requests":40,"snapshot_bytes":232625,"successes":40,"totalalloc_delta_bytes":15739936}
=== RUN   TestPerfHTTPActiveHistoryMatrix/history_1000/clients_40
    perfdiag_test.go:279: PERF_REQUEST {"history":1000,"clients":40,"client":0,"repetition":0,"latency_ms":42.74629,"status":200}
    perfdiag_test.go:279: PERF_REQUEST {"history":1000,"clients":40,"client":0,"repetition":1,"latency_ms":88.686067,"status":200}
    perfdiag_test.go:279: PERF_REQUEST {"history":1000,"clients":40,"client":1,"repetition":0,"latency_ms":41.238793,"status":200}
    perfdiag_test.go:279: PERF_REQUEST {"history":1000,"clients":40,"client":1,"repetition":1,"latency_ms":88.497274,"status":200}
    perfdiag_test.go:279: PERF_REQUEST {"history":1000,"clients":40,"client":2,"repetition":0,"latency_ms":39.502129,"status":200}
    perfdiag_test.go:279: PERF_REQUEST {"history":1000,"clients":40,"client":2,"repetition":1,"latency_ms":85.675221,"status":200}
    perfdiag_test.go:279: PERF_REQUEST {"history":1000,"clients":40,"client":3,"repetition":0,"latency_ms":37.658634,"status":200}
    perfdiag_test.go:279: PERF_REQUEST {"history":1000,"clients":40,"client":3,"repetition":1,"latency_ms":86.062143,"status":200}
    perfdiag_test.go:279: PERF_REQUEST {"history":1000,"clients":40,"client":4,"repetition":0,"latency_ms":54.282245,"status":200}
    perfdiag_test.go:279: PERF_REQUEST {"history":1000,"clients":40,"client":4,"repetition":1,"latency_ms":91.27255,"status":200}
    perfdiag_test.go:279: PERF_REQUEST {"history":1000,"clients":40,"client":5,"repetition":0,"latency_ms":34.534948,"status":200}
    perfdiag_test.go:279: PERF_REQUEST {"history":1000,"clients":40,"client":5,"repetition":1,"latency_ms":85.236442,"status":200}
    perfdiag_test.go:279: PERF_REQUEST {"history":1000,"clients":40,"client":6,"repetition":0,"latency_ms":32.474628,"status":200}
    perfdiag_test.go:279: PERF_REQUEST {"history":1000,"clients":40,"client":6,"repetition":1,"latency_ms":82.354866,"status":200}
    perfdiag_test.go:279: PERF_REQUEST {"history":1000,"clients":40,"client":7,"repetition":0,"latency_ms":30.867264,"status":200}
    perfdiag_test.go:279: PERF_REQUEST {"history":1000,"clients":40,"client":7,"repetition":1,"latency_ms":82.91829,"status":200}
    perfdiag_test.go:279: PERF_REQUEST {"history":1000,"clients":40,"client":8,"repetition":0,"latency_ms":29.340462,"status":200}
    perfdiag_test.go:279: PERF_REQUEST {"history":1000,"clients":40,"client":8,"repetition":1,"latency_ms":82.038005,"status":200}
    perfdiag_test.go:279: PERF_REQUEST {"history":1000,"clients":40,"client":9,"repetition":0,"latency_ms":27.093203,"status":200}
    perfdiag_test.go:279: PERF_REQUEST {"history":1000,"clients":40,"client":9,"repetition":1,"latency_ms":82.662191,"status":200}
    perfdiag_test.go:279: PERF_REQUEST {"history":1000,"clients":40,"client":10,"repetition":0,"latency_ms":36.075256,"status":200}
    perfdiag_test.go:279: PERF_REQUEST {"history":1000,"clients":40,"client":10,"repetition":1,"latency_ms":86.027168,"status":200}
    perfdiag_test.go:279: PERF_REQUEST {"history":1000,"clients":40,"client":11,"repetition":0,"latency_ms":23.95564,"status":200}
    perfdiag_test.go:279: PERF_REQUEST {"history":1000,"clients":40,"client":11,"repetition":1,"latency_ms":79.303926,"status":200}
    perfdiag_test.go:279: PERF_REQUEST {"history":1000,"clients":40,"client":12,"repetition":0,"latency_ms":22.463503,"status":200}
    perfdiag_test.go:279: PERF_REQUEST {"history":1000,"clients":40,"client":12,"repetition":1,"latency_ms":79.296673,"status":200}
    perfdiag_test.go:279: PERF_REQUEST {"history":1000,"clients":40,"client":13,"repetition":0,"latency_ms":20.4496,"status":200}
    perfdiag_test.go:279: PERF_REQUEST {"history":1000,"clients":40,"client":13,"repetition":1,"latency_ms":79.696429,"status":200}
    perfdiag_test.go:279: PERF_REQUEST {"history":1000,"clients":40,"client":14,"repetition":0,"latency_ms":18.89282,"status":200}
    perfdiag_test.go:279: PERF_REQUEST {"history":1000,"clients":40,"client":14,"repetition":1,"latency_ms":76.583143,"status":200}
    perfdiag_test.go:279: PERF_REQUEST {"history":1000,"clients":40,"client":15,"repetition":0,"latency_ms":25.51299,"status":200}
    perfdiag_test.go:279: PERF_REQUEST {"history":1000,"clients":40,"client":15,"repetition":1,"latency_ms":80.106166,"status":200}
    perfdiag_test.go:279: PERF_REQUEST {"history":1000,"clients":40,"client":16,"repetition":0,"latency_ms":15.701478,"status":200}
    perfdiag_test.go:279: PERF_REQUEST {"history":1000,"clients":40,"client":16,"repetition":1,"latency_ms":75.73106,"status":200}
    perfdiag_test.go:279: PERF_REQUEST {"history":1000,"clients":40,"client":17,"repetition":0,"latency_ms":13.826675,"status":200}
    perfdiag_test.go:279: PERF_REQUEST {"history":1000,"clients":40,"client":17,"repetition":1,"latency_ms":76.133383,"status":200}
    perfdiag_test.go:279: PERF_REQUEST {"history":1000,"clients":40,"client":18,"repetition":0,"latency_ms":12.271379,"status":200}
    perfdiag_test.go:279: PERF_REQUEST {"history":1000,"clients":40,"client":18,"repetition":1,"latency_ms":73.8195,"status":200}
    perfdiag_test.go:279: PERF_REQUEST {"history":1000,"clients":40,"client":19,"repetition":0,"latency_ms":10.715011,"status":200}
    perfdiag_test.go:279: PERF_REQUEST {"history":1000,"clients":40,"client":19,"repetition":1,"latency_ms":73.795244,"status":200}
    perfdiag_test.go:279: PERF_REQUEST {"history":1000,"clients":40,"client":20,"repetition":0,"latency_ms":17.385014,"status":200}
    perfdiag_test.go:279: PERF_REQUEST {"history":1000,"clients":40,"client":20,"repetition":1,"latency_ms":75.744716,"status":200}
    perfdiag_test.go:279: PERF_REQUEST {"history":1000,"clients":40,"client":21,"repetition":0,"latency_ms":7.134731,"status":200}
    perfdiag_test.go:279: PERF_REQUEST {"history":1000,"clients":40,"client":21,"repetition":1,"latency_ms":73.352707,"status":200}
    perfdiag_test.go:279: PERF_REQUEST {"history":1000,"clients":40,"client":22,"repetition":0,"latency_ms":72.755671,"status":200}
    perfdiag_test.go:279: PERF_REQUEST {"history":1000,"clients":40,"client":22,"repetition":1,"latency_ms":97.349253,"status":200}
    perfdiag_test.go:279: PERF_REQUEST {"history":1000,"clients":40,"client":23,"repetition":0,"latency_ms":71.173185,"status":200}
    perfdiag_test.go:279: PERF_REQUEST {"history":1000,"clients":40,"client":23,"repetition":1,"latency_ms":93.850166,"status":200}
    perfdiag_test.go:279: PERF_REQUEST {"history":1000,"clients":40,"client":24,"repetition":0,"latency_ms":8.711207,"status":200}
    perfdiag_test.go:279: PERF_REQUEST {"history":1000,"clients":40,"client":24,"repetition":1,"latency_ms":73.750951,"status":200}
    perfdiag_test.go:279: PERF_REQUEST {"history":1000,"clients":40,"client":25,"repetition":0,"latency_ms":67.095095,"status":200}
    perfdiag_test.go:279: PERF_REQUEST {"history":1000,"clients":40,"client":25,"repetition":1,"latency_ms":94.035432,"status":200}
    perfdiag_test.go:279: PERF_REQUEST {"history":1000,"clients":40,"client":26,"repetition":0,"latency_ms":65.515934,"status":200}
    perfdiag_test.go:279: PERF_REQUEST {"history":1000,"clients":40,"client":26,"repetition":1,"latency_ms":93.168342,"status":200}
    perfdiag_test.go:279: PERF_REQUEST {"history":1000,"clients":40,"client":27,"repetition":0,"latency_ms":68.771236,"status":200}
    perfdiag_test.go:279: PERF_REQUEST {"history":1000,"clients":40,"client":27,"repetition":1,"latency_ms":93.034662,"status":200}
    perfdiag_test.go:279: PERF_REQUEST {"history":1000,"clients":40,"client":28,"repetition":0,"latency_ms":61.485474,"status":200}
    perfdiag_test.go:279: PERF_REQUEST {"history":1000,"clients":40,"client":28,"repetition":1,"latency_ms":94.094692,"status":200}
    perfdiag_test.go:279: PERF_REQUEST {"history":1000,"clients":40,"client":29,"repetition":0,"latency_ms":63.938247,"status":200}
    perfdiag_test.go:279: PERF_REQUEST {"history":1000,"clients":40,"client":29,"repetition":1,"latency_ms":93.19438,"status":200}
    perfdiag_test.go:279: PERF_REQUEST {"history":1000,"clients":40,"client":30,"repetition":0,"latency_ms":58.31516,"status":200}
    perfdiag_test.go:279: PERF_REQUEST {"history":1000,"clients":40,"client":30,"repetition":1,"latency_ms":93.285782,"status":200}
    perfdiag_test.go:279: PERF_REQUEST {"history":1000,"clients":40,"client":31,"repetition":0,"latency_ms":59.878902,"status":200}
    perfdiag_test.go:279: PERF_REQUEST {"history":1000,"clients":40,"client":31,"repetition":1,"latency_ms":94.091356,"status":200}
    perfdiag_test.go:279: PERF_REQUEST {"history":1000,"clients":40,"client":32,"repetition":0,"latency_ms":5.542065,"status":200}
    perfdiag_test.go:279: PERF_REQUEST {"history":1000,"clients":40,"client":32,"repetition":1,"latency_ms":68.832221,"status":200}
    perfdiag_test.go:279: PERF_REQUEST {"history":1000,"clients":40,"client":33,"repetition":0,"latency_ms":55.924462,"status":200}
    perfdiag_test.go:279: PERF_REQUEST {"history":1000,"clients":40,"client":33,"repetition":1,"latency_ms":93.275552,"status":200}
    perfdiag_test.go:279: PERF_REQUEST {"history":1000,"clients":40,"client":34,"repetition":0,"latency_ms":1.609056,"status":200}
    perfdiag_test.go:279: PERF_REQUEST {"history":1000,"clients":40,"client":34,"repetition":1,"latency_ms":1.700117,"status":200}
    perfdiag_test.go:279: PERF_REQUEST {"history":1000,"clients":40,"client":35,"repetition":0,"latency_ms":49.743364,"status":200}
    perfdiag_test.go:279: PERF_REQUEST {"history":1000,"clients":40,"client":35,"repetition":1,"latency_ms":91.367136,"status":200}
    perfdiag_test.go:279: PERF_REQUEST {"history":1000,"clients":40,"client":36,"repetition":0,"latency_ms":51.964935,"status":200}
    perfdiag_test.go:279: PERF_REQUEST {"history":1000,"clients":40,"client":36,"repetition":1,"latency_ms":91.415146,"status":200}
    perfdiag_test.go:279: PERF_REQUEST {"history":1000,"clients":40,"client":37,"repetition":0,"latency_ms":44.28772,"status":200}
    perfdiag_test.go:279: PERF_REQUEST {"history":1000,"clients":40,"client":37,"repetition":1,"latency_ms":89.44209,"status":200}
    perfdiag_test.go:279: PERF_REQUEST {"history":1000,"clients":40,"client":38,"repetition":0,"latency_ms":48.166337,"status":200}
    perfdiag_test.go:279: PERF_REQUEST {"history":1000,"clients":40,"client":38,"repetition":1,"latency_ms":91.391992,"status":200}
    perfdiag_test.go:279: PERF_REQUEST {"history":1000,"clients":40,"client":39,"repetition":0,"latency_ms":45.858475,"status":200}
    perfdiag_test.go:279: PERF_REQUEST {"history":1000,"clients":40,"client":39,"repetition":1,"latency_ms":88.784611,"status":200}
    perfdiag_test.go:291: PERF_PERSIST {"clients":40,"history":1000,"persist_index":0,"save_ms":1.527554,"snapshot_bytes":300517,"wchar_delta":300517,"write_bytes_delta":303104}
    perfdiag_test.go:291: PERF_PERSIST {"clients":40,"history":1000,"persist_index":1,"save_ms":1.625497,"snapshot_bytes":303460,"wchar_delta":303460,"write_bytes_delta":307200}
    perfdiag_test.go:291: PERF_PERSIST {"clients":40,"history":1000,"persist_index":2,"save_ms":2.196945,"snapshot_bytes":303460,"wchar_delta":303460,"write_bytes_delta":307200}
    perfdiag_test.go:291: PERF_PERSIST {"clients":40,"history":1000,"persist_index":3,"save_ms":1.67512,"snapshot_bytes":303460,"wchar_delta":303460,"write_bytes_delta":307200}
    perfdiag_test.go:291: PERF_PERSIST {"clients":40,"history":1000,"persist_index":4,"save_ms":1.566197,"snapshot_bytes":303515,"wchar_delta":303515,"write_bytes_delta":307200}
    perfdiag_test.go:291: PERF_PERSIST {"clients":40,"history":1000,"persist_index":5,"save_ms":1.984368,"snapshot_bytes":303570,"wchar_delta":303570,"write_bytes_delta":307200}
    perfdiag_test.go:291: PERF_PERSIST {"clients":40,"history":1000,"persist_index":6,"save_ms":1.545728,"snapshot_bytes":303625,"wchar_delta":303625,"write_bytes_delta":307200}
    perfdiag_test.go:291: PERF_PERSIST {"clients":40,"history":1000,"persist_index":7,"save_ms":1.537914,"snapshot_bytes":303680,"wchar_delta":303680,"write_bytes_delta":307200}
    perfdiag_test.go:291: PERF_PERSIST {"clients":40,"history":1000,"persist_index":8,"save_ms":1.650163,"snapshot_bytes":303735,"wchar_delta":303735,"write_bytes_delta":307200}
    perfdiag_test.go:291: PERF_PERSIST {"clients":40,"history":1000,"persist_index":9,"save_ms":1.741183,"snapshot_bytes":303790,"wchar_delta":303790,"write_bytes_delta":307200}
    perfdiag_test.go:291: PERF_PERSIST {"clients":40,"history":1000,"persist_index":10,"save_ms":1.496195,"snapshot_bytes":303845,"wchar_delta":303845,"write_bytes_delta":307200}
    perfdiag_test.go:291: PERF_PERSIST {"clients":40,"history":1000,"persist_index":11,"save_ms":1.543164,"snapshot_bytes":303900,"wchar_delta":303900,"write_bytes_delta":307200}
    perfdiag_test.go:291: PERF_PERSIST {"clients":40,"history":1000,"persist_index":12,"save_ms":1.563492,"snapshot_bytes":303955,"wchar_delta":303955,"write_bytes_delta":307200}
    perfdiag_test.go:291: PERF_PERSIST {"clients":40,"history":1000,"persist_index":13,"save_ms":1.838215,"snapshot_bytes":304010,"wchar_delta":304010,"write_bytes_delta":307200}
    perfdiag_test.go:291: PERF_PERSIST {"clients":40,"history":1000,"persist_index":14,"save_ms":1.54672,"snapshot_bytes":304065,"wchar_delta":304065,"write_bytes_delta":307200}
    perfdiag_test.go:291: PERF_PERSIST {"clients":40,"history":1000,"persist_index":15,"save_ms":1.567198,"snapshot_bytes":304120,"wchar_delta":304120,"write_bytes_delta":307200}
    perfdiag_test.go:291: PERF_PERSIST {"clients":40,"history":1000,"persist_index":16,"save_ms":2.226701,"snapshot_bytes":304175,"wchar_delta":304175,"write_bytes_delta":307200}
    perfdiag_test.go:291: PERF_PERSIST {"clients":40,"history":1000,"persist_index":17,"save_ms":1.522224,"snapshot_bytes":304230,"wchar_delta":304230,"write_bytes_delta":307200}
    perfdiag_test.go:291: PERF_PERSIST {"clients":40,"history":1000,"persist_index":18,"save_ms":1.524278,"snapshot_bytes":304285,"wchar_delta":304285,"write_bytes_delta":307200}
    perfdiag_test.go:291: PERF_PERSIST {"clients":40,"history":1000,"persist_index":19,"save_ms":2.102268,"snapshot_bytes":304340,"wchar_delta":304340,"write_bytes_delta":307200}
    perfdiag_test.go:291: PERF_PERSIST {"clients":40,"history":1000,"persist_index":20,"save_ms":1.537733,"snapshot_bytes":304395,"wchar_delta":304395,"write_bytes_delta":307200}
    perfdiag_test.go:291: PERF_PERSIST {"clients":40,"history":1000,"persist_index":21,"save_ms":1.568802,"snapshot_bytes":304450,"wchar_delta":304450,"write_bytes_delta":307200}
    perfdiag_test.go:291: PERF_PERSIST {"clients":40,"history":1000,"persist_index":22,"save_ms":1.581575,"snapshot_bytes":304505,"wchar_delta":304505,"write_bytes_delta":307200}
    perfdiag_test.go:291: PERF_PERSIST {"clients":40,"history":1000,"persist_index":23,"save_ms":1.837353,"snapshot_bytes":304560,"wchar_delta":304560,"write_bytes_delta":307200}
    perfdiag_test.go:291: PERF_PERSIST {"clients":40,"history":1000,"persist_index":24,"save_ms":1.497739,"snapshot_bytes":304615,"wchar_delta":304615,"write_bytes_delta":307200}
    perfdiag_test.go:291: PERF_PERSIST {"clients":40,"history":1000,"persist_index":25,"save_ms":1.528346,"snapshot_bytes":304670,"wchar_delta":304670,"write_bytes_delta":307200}
    perfdiag_test.go:291: PERF_PERSIST {"clients":40,"history":1000,"persist_index":26,"save_ms":1.552671,"snapshot_bytes":304725,"wchar_delta":304725,"write_bytes_delta":307200}
    perfdiag_test.go:291: PERF_PERSIST {"clients":40,"history":1000,"persist_index":27,"save_ms":2.272005,"snapshot_bytes":304780,"wchar_delta":304780,"write_bytes_delta":307200}
    perfdiag_test.go:291: PERF_PERSIST {"clients":40,"history":1000,"persist_index":28,"save_ms":1.560456,"snapshot_bytes":304835,"wchar_delta":304835,"write_bytes_delta":307200}
    perfdiag_test.go:291: PERF_PERSIST {"clients":40,"history":1000,"persist_index":29,"save_ms":1.902746,"snapshot_bytes":304890,"wchar_delta":304890,"write_bytes_delta":307200}
    perfdiag_test.go:291: PERF_PERSIST {"clients":40,"history":1000,"persist_index":30,"save_ms":1.880954,"snapshot_bytes":304945,"wchar_delta":304945,"write_bytes_delta":307200}
    perfdiag_test.go:291: PERF_PERSIST {"clients":40,"history":1000,"persist_index":31,"save_ms":1.539887,"snapshot_bytes":305000,"wchar_delta":305000,"write_bytes_delta":307200}
    perfdiag_test.go:291: PERF_PERSIST {"clients":40,"history":1000,"persist_index":32,"save_ms":2.461248,"snapshot_bytes":305055,"wchar_delta":305055,"write_bytes_delta":307200}
    perfdiag_test.go:291: PERF_PERSIST {"clients":40,"history":1000,"persist_index":33,"save_ms":1.53607,"snapshot_bytes":305110,"wchar_delta":305110,"write_bytes_delta":307200}
    perfdiag_test.go:291: PERF_PERSIST {"clients":40,"history":1000,"persist_index":34,"save_ms":1.571616,"snapshot_bytes":305165,"wchar_delta":305165,"write_bytes_delta":307200}
    perfdiag_test.go:291: PERF_PERSIST {"clients":40,"history":1000,"persist_index":35,"save_ms":2.422968,"snapshot_bytes":305220,"wchar_delta":305220,"write_bytes_delta":307200}
    perfdiag_test.go:291: PERF_PERSIST {"clients":40,"history":1000,"persist_index":36,"save_ms":1.5517,"snapshot_bytes":305275,"wchar_delta":305275,"write_bytes_delta":307200}
    perfdiag_test.go:291: PERF_PERSIST {"clients":40,"history":1000,"persist_index":37,"save_ms":1.552711,"snapshot_bytes":305330,"wchar_delta":305330,"write_bytes_delta":307200}
    perfdiag_test.go:291: PERF_PERSIST {"clients":40,"history":1000,"persist_index":38,"save_ms":1.543855,"snapshot_bytes":305385,"wchar_delta":305385,"write_bytes_delta":307200}
    perfdiag_test.go:291: PERF_PERSIST {"clients":40,"history":1000,"persist_index":39,"save_ms":2.479974,"snapshot_bytes":305440,"wchar_delta":305440,"write_bytes_delta":307200}
    perfdiag_test.go:291: PERF_PERSIST {"clients":40,"history":1000,"persist_index":40,"save_ms":1.561187,"snapshot_bytes":305495,"wchar_delta":305495,"write_bytes_delta":307200}
    perfdiag_test.go:291: PERF_PERSIST {"clients":40,"history":1000,"persist_index":41,"save_ms":1.603175,"snapshot_bytes":305550,"wchar_delta":305550,"write_bytes_delta":307200}
    perfdiag_test.go:291: PERF_PERSIST {"clients":40,"history":1000,"persist_index":42,"save_ms":5.885637,"snapshot_bytes":305605,"wchar_delta":305605,"write_bytes_delta":307200}
    perfdiag_test.go:291: PERF_PERSIST {"clients":40,"history":1000,"persist_index":43,"save_ms":2.652025,"snapshot_bytes":305605,"wchar_delta":305605,"write_bytes_delta":307200}
    perfdiag_test.go:291: PERF_PERSIST {"clients":40,"history":1000,"persist_index":44,"save_ms":1.617722,"snapshot_bytes":305605,"wchar_delta":305605,"write_bytes_delta":307200}
    perfdiag_test.go:291: PERF_PERSIST {"clients":40,"history":1000,"persist_index":45,"save_ms":1.551569,"snapshot_bytes":305605,"wchar_delta":305605,"write_bytes_delta":307200}
    perfdiag_test.go:291: PERF_PERSIST {"clients":40,"history":1000,"persist_index":46,"save_ms":3.834876,"snapshot_bytes":305605,"wchar_delta":305605,"write_bytes_delta":307200}
    perfdiag_test.go:291: PERF_PERSIST {"clients":40,"history":1000,"persist_index":47,"save_ms":1.584019,"snapshot_bytes":305605,"wchar_delta":305605,"write_bytes_delta":307200}
    perfdiag_test.go:291: PERF_PERSIST {"clients":40,"history":1000,"persist_index":48,"save_ms":1.551199,"snapshot_bytes":305605,"wchar_delta":305605,"write_bytes_delta":307200}
    perfdiag_test.go:291: PERF_PERSIST {"clients":40,"history":1000,"persist_index":49,"save_ms":2.31748,"snapshot_bytes":305605,"wchar_delta":305605,"write_bytes_delta":307200}
    perfdiag_test.go:291: PERF_PERSIST {"clients":40,"history":1000,"persist_index":50,"save_ms":4.652343,"snapshot_bytes":305605,"wchar_delta":305605,"write_bytes_delta":307200}
    perfdiag_test.go:291: PERF_PERSIST {"clients":40,"history":1000,"persist_index":51,"save_ms":1.524669,"snapshot_bytes":305605,"wchar_delta":305605,"write_bytes_delta":307200}
    perfdiag_test.go:291: PERF_PERSIST {"clients":40,"history":1000,"persist_index":52,"save_ms":1.559203,"snapshot_bytes":305605,"wchar_delta":305605,"write_bytes_delta":307200}
    perfdiag_test.go:291: PERF_PERSIST {"clients":40,"history":1000,"persist_index":53,"save_ms":2.335614,"snapshot_bytes":305605,"wchar_delta":305605,"write_bytes_delta":307200}
    perfdiag_test.go:291: PERF_PERSIST {"clients":40,"history":1000,"persist_index":54,"save_ms":4.189948,"snapshot_bytes":305605,"wchar_delta":305605,"write_bytes_delta":307200}
    perfdiag_test.go:291: PERF_PERSIST {"clients":40,"history":1000,"persist_index":55,"save_ms":1.529818,"snapshot_bytes":305605,"wchar_delta":305605,"write_bytes_delta":307200}
    perfdiag_test.go:291: PERF_PERSIST {"clients":40,"history":1000,"persist_index":56,"save_ms":2.384225,"snapshot_bytes":305605,"wchar_delta":305605,"write_bytes_delta":307200}
    perfdiag_test.go:291: PERF_PERSIST {"clients":40,"history":1000,"persist_index":57,"save_ms":1.539146,"snapshot_bytes":305605,"wchar_delta":305605,"write_bytes_delta":307200}
    perfdiag_test.go:291: PERF_PERSIST {"clients":40,"history":1000,"persist_index":58,"save_ms":4.419006,"snapshot_bytes":305605,"wchar_delta":305605,"write_bytes_delta":307200}
    perfdiag_test.go:291: PERF_PERSIST {"clients":40,"history":1000,"persist_index":59,"save_ms":2.290159,"snapshot_bytes":305605,"wchar_delta":305605,"write_bytes_delta":307200}
    perfdiag_test.go:291: PERF_PERSIST {"clients":40,"history":1000,"persist_index":60,"save_ms":1.596854,"snapshot_bytes":305605,"wchar_delta":305605,"write_bytes_delta":307200}
    perfdiag_test.go:291: PERF_PERSIST {"clients":40,"history":1000,"persist_index":61,"save_ms":1.569312,"snapshot_bytes":305605,"wchar_delta":305605,"write_bytes_delta":307200}
    perfdiag_test.go:291: PERF_PERSIST {"clients":40,"history":1000,"persist_index":62,"save_ms":4.40478,"snapshot_bytes":305605,"wchar_delta":305605,"write_bytes_delta":307200}
    perfdiag_test.go:291: PERF_PERSIST {"clients":40,"history":1000,"persist_index":63,"save_ms":1.566337,"snapshot_bytes":305605,"wchar_delta":305605,"write_bytes_delta":307200}
    perfdiag_test.go:291: PERF_PERSIST {"clients":40,"history":1000,"persist_index":64,"save_ms":2.390988,"snapshot_bytes":305605,"wchar_delta":305605,"write_bytes_delta":307200}
    perfdiag_test.go:291: PERF_PERSIST {"clients":40,"history":1000,"persist_index":65,"save_ms":1.568501,"snapshot_bytes":305605,"wchar_delta":305605,"write_bytes_delta":307200}
    perfdiag_test.go:291: PERF_PERSIST {"clients":40,"history":1000,"persist_index":66,"save_ms":4.245162,"snapshot_bytes":305605,"wchar_delta":305605,"write_bytes_delta":307200}
    perfdiag_test.go:291: PERF_PERSIST {"clients":40,"history":1000,"persist_index":67,"save_ms":1.529998,"snapshot_bytes":305605,"wchar_delta":305605,"write_bytes_delta":307200}
    perfdiag_test.go:291: PERF_PERSIST {"clients":40,"history":1000,"persist_index":68,"save_ms":2.353708,"snapshot_bytes":305605,"wchar_delta":305605,"write_bytes_delta":307200}
    perfdiag_test.go:291: PERF_PERSIST {"clients":40,"history":1000,"persist_index":69,"save_ms":1.529337,"snapshot_bytes":305605,"wchar_delta":305605,"write_bytes_delta":307200}
    perfdiag_test.go:291: PERF_PERSIST {"clients":40,"history":1000,"persist_index":70,"save_ms":4.49543,"snapshot_bytes":305605,"wchar_delta":305605,"write_bytes_delta":307200}
    perfdiag_test.go:291: PERF_PERSIST {"clients":40,"history":1000,"persist_index":71,"save_ms":1.529558,"snapshot_bytes":305605,"wchar_delta":305605,"write_bytes_delta":307200}
    perfdiag_test.go:291: PERF_PERSIST {"clients":40,"history":1000,"persist_index":72,"save_ms":2.3389,"snapshot_bytes":305605,"wchar_delta":305605,"write_bytes_delta":307200}
    perfdiag_test.go:291: PERF_PERSIST {"clients":40,"history":1000,"persist_index":73,"save_ms":1.57888,"snapshot_bytes":305605,"wchar_delta":305605,"write_bytes_delta":307200}
    perfdiag_test.go:291: PERF_PERSIST {"clients":40,"history":1000,"persist_index":74,"save_ms":1.526132,"snapshot_bytes":305605,"wchar_delta":305605,"write_bytes_delta":307200}
    perfdiag_test.go:291: PERF_PERSIST {"clients":40,"history":1000,"persist_index":75,"save_ms":1.526512,"snapshot_bytes":305605,"wchar_delta":305605,"write_bytes_delta":307200}
    perfdiag_test.go:291: PERF_PERSIST {"clients":40,"history":1000,"persist_index":76,"save_ms":2.40295,"snapshot_bytes":305605,"wchar_delta":305605,"write_bytes_delta":307200}
    perfdiag_test.go:291: PERF_PERSIST {"clients":40,"history":1000,"persist_index":77,"save_ms":1.554775,"snapshot_bytes":305605,"wchar_delta":305605,"write_bytes_delta":307200}
    perfdiag_test.go:291: PERF_PERSIST {"clients":40,"history":1000,"persist_index":78,"save_ms":1.736404,"snapshot_bytes":305605,"wchar_delta":305605,"write_bytes_delta":307200}
    perfdiag_test.go:291: PERF_PERSIST {"clients":40,"history":1000,"persist_index":79,"save_ms":5.699921,"snapshot_bytes":305605,"wchar_delta":305605,"write_bytes_delta":307200}
    perfdiag_test.go:291: PERF_IO_SUMMARY {"bytes_per_persist":304951.525,"clients":40,"elapsed_seconds":0.17046613,"emitted_to_net_file_growth_ratio":4655.748473282442,"final_file_bytes":305605,"history":1000,"initial_file_bytes":300365,"net_file_growth_bytes":5240,"persist_calls":80,"persist_per_request":1,"persist_per_second":469.30143835611216,"proc_io_available":true,"ratio_denominator":"net snapshot file growth, not logical mutation bytes","snapshot_emitted_bytes":24396122,"wchar_delta":24396122,"write_bytes_delta":24571904,"write_bytes_per_second":144145373.62935382}
    perfdiag_test.go:292: PERF_SUMMARY {"audit_count":1080,"clients":40,"elapsed_seconds":0.17046613,"failures":0,"goroutines_after":3,"goroutines_before":43,"goroutines_delta":-40,"heap_after_bytes":2264672,"heap_before_bytes":1302816,"heap_delta_bytes":961856,"history":1000,"max_ms":97.349253,"numgc_delta":23,"p50_ms":68.832221,"p95_ms":93.850166,"p99_ms":97.349253,"pause_delta_ns":662514,"polls":2,"rate_requests_per_second":469.30143835611216,"requests":80,"snapshot_bytes":305605,"successes":80,"totalalloc_delta_bytes":42639424}
=== RUN   TestPerfHTTPActiveHistoryMatrix/history_10000/clients_20
    perfdiag_test.go:279: PERF_REQUEST {"history":10000,"clients":20,"client":0,"repetition":0,"latency_ms":241.563793,"status":200}
    perfdiag_test.go:279: PERF_REQUEST {"history":10000,"clients":20,"client":0,"repetition":1,"latency_ms":250.045882,"status":200}
    perfdiag_test.go:279: PERF_REQUEST {"history":10000,"clients":20,"client":1,"repetition":0,"latency_ms":222.26789,"status":200}
    perfdiag_test.go:279: PERF_REQUEST {"history":10000,"clients":20,"client":1,"repetition":1,"latency_ms":257.319072,"status":200}
    perfdiag_test.go:279: PERF_REQUEST {"history":10000,"clients":20,"client":2,"repetition":0,"latency_ms":212.273676,"status":200}
    perfdiag_test.go:279: PERF_REQUEST {"history":10000,"clients":20,"client":2,"repetition":1,"latency_ms":250.383863,"status":200}
    perfdiag_test.go:279: PERF_REQUEST {"history":10000,"clients":20,"client":3,"repetition":0,"latency_ms":202.079609,"status":200}
    perfdiag_test.go:279: PERF_REQUEST {"history":10000,"clients":20,"client":3,"repetition":1,"latency_ms":250.39253,"status":200}
    perfdiag_test.go:279: PERF_REQUEST {"history":10000,"clients":20,"client":4,"repetition":0,"latency_ms":11.596617,"status":200}
    perfdiag_test.go:279: PERF_REQUEST {"history":10000,"clients":20,"client":4,"repetition":1,"latency_ms":10.3402,"status":200}
    perfdiag_test.go:279: PERF_REQUEST {"history":10000,"clients":20,"client":5,"repetition":0,"latency_ms":51.322614,"status":200}
    perfdiag_test.go:279: PERF_REQUEST {"history":10000,"clients":20,"client":5,"repetition":1,"latency_ms":232.104959,"status":200}
    perfdiag_test.go:279: PERF_REQUEST {"history":10000,"clients":20,"client":6,"repetition":0,"latency_ms":40.800364,"status":200}
    perfdiag_test.go:279: PERF_REQUEST {"history":10000,"clients":20,"client":6,"repetition":1,"latency_ms":221.787301,"status":200}
    perfdiag_test.go:279: PERF_REQUEST {"history":10000,"clients":20,"client":7,"repetition":0,"latency_ms":32.235471,"status":200}
    perfdiag_test.go:279: PERF_REQUEST {"history":10000,"clients":20,"client":7,"repetition":1,"latency_ms":223.404453,"status":200}
    perfdiag_test.go:279: PERF_REQUEST {"history":10000,"clients":20,"client":8,"repetition":0,"latency_ms":101.019862,"status":200}
    perfdiag_test.go:279: PERF_REQUEST {"history":10000,"clients":20,"client":8,"repetition":1,"latency_ms":243.166428,"status":200}
    perfdiag_test.go:279: PERF_REQUEST {"history":10000,"clients":20,"client":9,"repetition":0,"latency_ms":111.768956,"status":200}
    perfdiag_test.go:279: PERF_REQUEST {"history":10000,"clients":20,"client":9,"repetition":1,"latency_ms":252.960417,"status":200}
    perfdiag_test.go:279: PERF_REQUEST {"history":10000,"clients":20,"client":10,"repetition":0,"latency_ms":134.958885,"status":200}
    perfdiag_test.go:279: PERF_REQUEST {"history":10000,"clients":20,"client":10,"repetition":1,"latency_ms":247.85601,"status":200}
    perfdiag_test.go:279: PERF_REQUEST {"history":10000,"clients":20,"client":11,"repetition":0,"latency_ms":145.175305,"status":200}
    perfdiag_test.go:279: PERF_REQUEST {"history":10000,"clients":20,"client":11,"repetition":1,"latency_ms":259.332563,"status":200}
    perfdiag_test.go:279: PERF_REQUEST {"history":10000,"clients":20,"client":12,"repetition":0,"latency_ms":164.486707,"status":200}
    perfdiag_test.go:279: PERF_REQUEST {"history":10000,"clients":20,"client":12,"repetition":1,"latency_ms":250.038999,"status":200}
    perfdiag_test.go:279: PERF_REQUEST {"history":10000,"clients":20,"client":13,"repetition":0,"latency_ms":69.688571,"status":200}
    perfdiag_test.go:279: PERF_REQUEST {"history":10000,"clients":20,"client":13,"repetition":1,"latency_ms":230.700896,"status":200}
    perfdiag_test.go:279: PERF_REQUEST {"history":10000,"clients":20,"client":14,"repetition":0,"latency_ms":80.169434,"status":200}
    perfdiag_test.go:279: PERF_REQUEST {"history":10000,"clients":20,"client":14,"repetition":1,"latency_ms":242.75032,"status":200}
    perfdiag_test.go:279: PERF_REQUEST {"history":10000,"clients":20,"client":15,"repetition":0,"latency_ms":90.355396,"status":200}
    perfdiag_test.go:279: PERF_REQUEST {"history":10000,"clients":20,"client":15,"repetition":1,"latency_ms":242.593928,"status":200}
    perfdiag_test.go:279: PERF_REQUEST {"history":10000,"clients":20,"client":16,"repetition":0,"latency_ms":122.761215,"status":200}
    perfdiag_test.go:279: PERF_REQUEST {"history":10000,"clients":20,"client":16,"repetition":1,"latency_ms":249.754638,"status":200}
    perfdiag_test.go:279: PERF_REQUEST {"history":10000,"clients":20,"client":17,"repetition":0,"latency_ms":173.184439,"status":200}
    perfdiag_test.go:279: PERF_REQUEST {"history":10000,"clients":20,"client":17,"repetition":1,"latency_ms":246.48055,"status":200}
    perfdiag_test.go:279: PERF_REQUEST {"history":10000,"clients":20,"client":18,"repetition":0,"latency_ms":61.262787,"status":200}
    perfdiag_test.go:279: PERF_REQUEST {"history":10000,"clients":20,"client":18,"repetition":1,"latency_ms":232.193806,"status":200}
    perfdiag_test.go:279: PERF_REQUEST {"history":10000,"clients":20,"client":19,"repetition":0,"latency_ms":184.087932,"status":200}
    perfdiag_test.go:279: PERF_REQUEST {"history":10000,"clients":20,"client":19,"repetition":1,"latency_ms":257.931937,"status":200}
    perfdiag_test.go:291: PERF_PERSIST {"clients":20,"history":10000,"persist_index":0,"save_ms":11.48008,"snapshot_bytes":1670198,"wchar_delta":1670198,"write_bytes_delta":1671168}
    perfdiag_test.go:291: PERF_PERSIST {"clients":20,"history":10000,"persist_index":1,"save_ms":10.248579,"snapshot_bytes":1671621,"wchar_delta":1671621,"write_bytes_delta":1675264}
    perfdiag_test.go:291: PERF_PERSIST {"clients":20,"history":10000,"persist_index":2,"save_ms":10.243911,"snapshot_bytes":1671621,"wchar_delta":1671621,"write_bytes_delta":1675264}
    perfdiag_test.go:291: PERF_PERSIST {"clients":20,"history":10000,"persist_index":3,"save_ms":8.521402,"snapshot_bytes":1671621,"wchar_delta":1671621,"write_bytes_delta":1675264}
    perfdiag_test.go:291: PERF_PERSIST {"clients":20,"history":10000,"persist_index":4,"save_ms":12.194836,"snapshot_bytes":1671676,"wchar_delta":1671676,"write_bytes_delta":1675264}
    perfdiag_test.go:291: PERF_PERSIST {"clients":20,"history":10000,"persist_index":5,"save_ms":10.044257,"snapshot_bytes":1671731,"wchar_delta":1671731,"write_bytes_delta":1675264}
    perfdiag_test.go:291: PERF_PERSIST {"clients":20,"history":10000,"persist_index":6,"save_ms":8.420895,"snapshot_bytes":1671786,"wchar_delta":1671786,"write_bytes_delta":1675264}
    perfdiag_test.go:291: PERF_PERSIST {"clients":20,"history":10000,"persist_index":7,"save_ms":10.793668,"snapshot_bytes":1671841,"wchar_delta":1671841,"write_bytes_delta":1675264}
    perfdiag_test.go:291: PERF_PERSIST {"clients":20,"history":10000,"persist_index":8,"save_ms":10.245483,"snapshot_bytes":1671896,"wchar_delta":1671896,"write_bytes_delta":1675264}
    perfdiag_test.go:291: PERF_PERSIST {"clients":20,"history":10000,"persist_index":9,"save_ms":8.351915,"snapshot_bytes":1671951,"wchar_delta":1671951,"write_bytes_delta":1675264}
    perfdiag_test.go:291: PERF_PERSIST {"clients":20,"history":10000,"persist_index":10,"save_ms":10.942145,"snapshot_bytes":1672006,"wchar_delta":1672006,"write_bytes_delta":1675264}
    perfdiag_test.go:291: PERF_PERSIST {"clients":20,"history":10000,"persist_index":11,"save_ms":13.218879,"snapshot_bytes":1672061,"wchar_delta":1672061,"write_bytes_delta":1675264}
    perfdiag_test.go:291: PERF_PERSIST {"clients":20,"history":10000,"persist_index":12,"save_ms":9.969588,"snapshot_bytes":1672116,"wchar_delta":1672116,"write_bytes_delta":1675264}
    perfdiag_test.go:291: PERF_PERSIST {"clients":20,"history":10000,"persist_index":13,"save_ms":10.23274,"snapshot_bytes":1672171,"wchar_delta":1672171,"write_bytes_delta":1675264}
    perfdiag_test.go:291: PERF_PERSIST {"clients":20,"history":10000,"persist_index":14,"save_ms":19.407041,"snapshot_bytes":1672226,"wchar_delta":1672226,"write_bytes_delta":1675264}
    perfdiag_test.go:291: PERF_PERSIST {"clients":20,"history":10000,"persist_index":15,"save_ms":10.820057,"snapshot_bytes":1672281,"wchar_delta":1672281,"write_bytes_delta":1675264}
    perfdiag_test.go:291: PERF_PERSIST {"clients":20,"history":10000,"persist_index":16,"save_ms":11.095361,"snapshot_bytes":1672336,"wchar_delta":1672336,"write_bytes_delta":1675264}
    perfdiag_test.go:291: PERF_PERSIST {"clients":20,"history":10000,"persist_index":17,"save_ms":18.005022,"snapshot_bytes":1672391,"wchar_delta":1672391,"write_bytes_delta":1675264}
    perfdiag_test.go:291: PERF_PERSIST {"clients":20,"history":10000,"persist_index":18,"save_ms":10.169611,"snapshot_bytes":1672446,"wchar_delta":1672446,"write_bytes_delta":1675264}
    perfdiag_test.go:291: PERF_PERSIST {"clients":20,"history":10000,"persist_index":19,"save_ms":10.508996,"snapshot_bytes":1672501,"wchar_delta":1672501,"write_bytes_delta":1675264}
    perfdiag_test.go:291: PERF_PERSIST {"clients":20,"history":10000,"persist_index":20,"save_ms":19.293909,"snapshot_bytes":1672556,"wchar_delta":1672556,"write_bytes_delta":1675264}
    perfdiag_test.go:291: PERF_PERSIST {"clients":20,"history":10000,"persist_index":21,"save_ms":10.685084,"snapshot_bytes":1672611,"wchar_delta":1672611,"write_bytes_delta":1675264}
    perfdiag_test.go:291: PERF_PERSIST {"clients":20,"history":10000,"persist_index":22,"save_ms":10.408548,"snapshot_bytes":1672666,"wchar_delta":1672666,"write_bytes_delta":1675264}
    perfdiag_test.go:291: PERF_PERSIST {"clients":20,"history":10000,"persist_index":23,"save_ms":18.900254,"snapshot_bytes":1672666,"wchar_delta":1672666,"write_bytes_delta":1675264}
    perfdiag_test.go:291: PERF_PERSIST {"clients":20,"history":10000,"persist_index":24,"save_ms":10.237529,"snapshot_bytes":1672666,"wchar_delta":1672666,"write_bytes_delta":1675264}
    perfdiag_test.go:291: PERF_PERSIST {"clients":20,"history":10000,"persist_index":25,"save_ms":10.123145,"snapshot_bytes":1672666,"wchar_delta":1672666,"write_bytes_delta":1675264}
    perfdiag_test.go:291: PERF_PERSIST {"clients":20,"history":10000,"persist_index":26,"save_ms":19.505125,"snapshot_bytes":1672666,"wchar_delta":1672666,"write_bytes_delta":1675264}
    perfdiag_test.go:291: PERF_PERSIST {"clients":20,"history":10000,"persist_index":27,"save_ms":10.224644,"snapshot_bytes":1672666,"wchar_delta":1672666,"write_bytes_delta":1675264}
    perfdiag_test.go:291: PERF_PERSIST {"clients":20,"history":10000,"persist_index":28,"save_ms":10.878236,"snapshot_bytes":1672666,"wchar_delta":1672666,"write_bytes_delta":1675264}
    perfdiag_test.go:291: PERF_PERSIST {"clients":20,"history":10000,"persist_index":29,"save_ms":18.706042,"snapshot_bytes":1672666,"wchar_delta":1672666,"write_bytes_delta":1675264}
    perfdiag_test.go:291: PERF_PERSIST {"clients":20,"history":10000,"persist_index":30,"save_ms":10.268486,"snapshot_bytes":1672666,"wchar_delta":1672666,"write_bytes_delta":1675264}
    perfdiag_test.go:291: PERF_PERSIST {"clients":20,"history":10000,"persist_index":31,"save_ms":10.251685,"snapshot_bytes":1672666,"wchar_delta":1672666,"write_bytes_delta":1675264}
    perfdiag_test.go:291: PERF_PERSIST {"clients":20,"history":10000,"persist_index":32,"save_ms":19.304439,"snapshot_bytes":1672666,"wchar_delta":1672666,"write_bytes_delta":1675264}
    perfdiag_test.go:291: PERF_PERSIST {"clients":20,"history":10000,"persist_index":33,"save_ms":10.226739,"snapshot_bytes":1672666,"wchar_delta":1672666,"write_bytes_delta":1675264}
    perfdiag_test.go:291: PERF_PERSIST {"clients":20,"history":10000,"persist_index":34,"save_ms":10.295346,"snapshot_bytes":1672666,"wchar_delta":1672666,"write_bytes_delta":1675264}
    perfdiag_test.go:291: PERF_PERSIST {"clients":20,"history":10000,"persist_index":35,"save_ms":19.391352,"snapshot_bytes":1672666,"wchar_delta":1672666,"write_bytes_delta":1675264}
    perfdiag_test.go:291: PERF_PERSIST {"clients":20,"history":10000,"persist_index":36,"save_ms":10.61872,"snapshot_bytes":1672666,"wchar_delta":1672666,"write_bytes_delta":1675264}
    perfdiag_test.go:291: PERF_PERSIST {"clients":20,"history":10000,"persist_index":37,"save_ms":10.009572,"snapshot_bytes":1672666,"wchar_delta":1672666,"write_bytes_delta":1675264}
    perfdiag_test.go:291: PERF_PERSIST {"clients":20,"history":10000,"persist_index":38,"save_ms":19.52969,"snapshot_bytes":1672666,"wchar_delta":1672666,"write_bytes_delta":1675264}
    perfdiag_test.go:291: PERF_PERSIST {"clients":20,"history":10000,"persist_index":39,"save_ms":9.995156,"snapshot_bytes":1672666,"wchar_delta":1672666,"write_bytes_delta":1675264}
    perfdiag_test.go:291: PERF_IO_SUMMARY {"bytes_per_persist":1672290.8,"clients":20,"elapsed_seconds":0.495470218,"emitted_to_net_file_growth_ratio":25531.157251908397,"final_file_bytes":1672666,"history":10000,"initial_file_bytes":1670046,"net_file_growth_bytes":2620,"persist_calls":40,"persist_per_request":1,"persist_per_second":80.73139120543468,"proc_io_available":true,"ratio_denominator":"net snapshot file growth, not logical mutation bytes","snapshot_emitted_bytes":66891632,"wchar_delta":66891632,"write_bytes_delta":67006464,"write_bytes_per_second":135238126.46192187}
    perfdiag_test.go:292: PERF_SUMMARY {"audit_count":10040,"clients":20,"elapsed_seconds":0.495470218,"failures":0,"goroutines_after":3,"goroutines_before":23,"goroutines_delta":-20,"heap_after_bytes":4625200,"heap_before_bytes":4692304,"heap_delta_bytes":-67104,"history":10000,"max_ms":259.332563,"numgc_delta":27,"p50_ms":221.787301,"p95_ms":257.319072,"p99_ms":259.332563,"pause_delta_ns":704671,"polls":2,"rate_requests_per_second":80.73139120543468,"requests":40,"snapshot_bytes":1672666,"successes":40,"totalalloc_delta_bytes":103329424}
=== RUN   TestPerfHTTPActiveHistoryMatrix/history_10000/clients_40
    perfdiag_test.go:279: PERF_REQUEST {"history":10000,"clients":40,"client":0,"repetition":0,"latency_ms":92.462743,"status":200}
    perfdiag_test.go:279: PERF_REQUEST {"history":10000,"clients":40,"client":0,"repetition":1,"latency_ms":530.638038,"status":200}
    perfdiag_test.go:279: PERF_REQUEST {"history":10000,"clients":40,"client":1,"repetition":0,"latency_ms":50.944979,"status":200}
    perfdiag_test.go:279: PERF_REQUEST {"history":10000,"clients":40,"client":1,"repetition":1,"latency_ms":510.90114,"status":200}
    perfdiag_test.go:279: PERF_REQUEST {"history":10000,"clients":40,"client":2,"repetition":0,"latency_ms":72.305871,"status":200}
    perfdiag_test.go:279: PERF_REQUEST {"history":10000,"clients":40,"client":2,"repetition":1,"latency_ms":521.995489,"status":200}
    perfdiag_test.go:279: PERF_REQUEST {"history":10000,"clients":40,"client":3,"repetition":0,"latency_ms":62.073633,"status":200}
    perfdiag_test.go:279: PERF_REQUEST {"history":10000,"clients":40,"client":3,"repetition":1,"latency_ms":513.256611,"status":200}
    perfdiag_test.go:279: PERF_REQUEST {"history":10000,"clients":40,"client":4,"repetition":0,"latency_ms":493.816408,"status":200}
    perfdiag_test.go:279: PERF_REQUEST {"history":10000,"clients":40,"client":4,"repetition":1,"latency_ms":544.054707,"status":200}
    perfdiag_test.go:279: PERF_REQUEST {"history":10000,"clients":40,"client":5,"repetition":0,"latency_ms":41.958048,"status":200}
    perfdiag_test.go:279: PERF_REQUEST {"history":10000,"clients":40,"client":5,"repetition":1,"latency_ms":512.095953,"status":200}
    perfdiag_test.go:279: PERF_REQUEST {"history":10000,"clients":40,"client":6,"repetition":0,"latency_ms":524.518123,"status":200}
    perfdiag_test.go:279: PERF_REQUEST {"history":10000,"clients":40,"client":6,"repetition":1,"latency_ms":543.803367,"status":200}
    perfdiag_test.go:279: PERF_REQUEST {"history":10000,"clients":40,"client":7,"repetition":0,"latency_ms":509.246057,"status":200}
    perfdiag_test.go:279: PERF_REQUEST {"history":10000,"clients":40,"client":7,"repetition":1,"latency_ms":544.828893,"status":200}
    perfdiag_test.go:279: PERF_REQUEST {"history":10000,"clients":40,"client":8,"repetition":0,"latency_ms":378.862992,"status":200}
    perfdiag_test.go:279: PERF_REQUEST {"history":10000,"clients":40,"client":8,"repetition":1,"latency_ms":532.950889,"status":200}
    perfdiag_test.go:279: PERF_REQUEST {"history":10000,"clients":40,"client":9,"repetition":0,"latency_ms":11.656119,"status":200}
    perfdiag_test.go:279: PERF_REQUEST {"history":10000,"clients":40,"client":9,"repetition":1,"latency_ms":11.215586,"status":200}
    perfdiag_test.go:279: PERF_REQUEST {"history":10000,"clients":40,"client":10,"repetition":0,"latency_ms":470.938482,"status":200}
    perfdiag_test.go:279: PERF_REQUEST {"history":10000,"clients":40,"client":10,"repetition":1,"latency_ms":542.815761,"status":200}
    perfdiag_test.go:279: PERF_REQUEST {"history":10000,"clients":40,"client":11,"repetition":0,"latency_ms":449.927423,"status":200}
    perfdiag_test.go:279: PERF_REQUEST {"history":10000,"clients":40,"client":11,"repetition":1,"latency_ms":544.487395,"status":200}
    perfdiag_test.go:279: PERF_REQUEST {"history":10000,"clients":40,"client":12,"repetition":0,"latency_ms":439.384313,"status":200}
    perfdiag_test.go:279: PERF_REQUEST {"history":10000,"clients":40,"client":12,"repetition":1,"latency_ms":544.545222,"status":200}
    perfdiag_test.go:279: PERF_REQUEST {"history":10000,"clients":40,"client":13,"repetition":0,"latency_ms":420.927627,"status":200}
    perfdiag_test.go:279: PERF_REQUEST {"history":10000,"clients":40,"client":13,"repetition":1,"latency_ms":543.806413,"status":200}
    perfdiag_test.go:279: PERF_REQUEST {"history":10000,"clients":40,"client":14,"repetition":0,"latency_ms":410.892818,"status":200}
    perfdiag_test.go:279: PERF_REQUEST {"history":10000,"clients":40,"client":14,"repetition":1,"latency_ms":543.618211,"status":200}
    perfdiag_test.go:279: PERF_REQUEST {"history":10000,"clients":40,"client":15,"repetition":0,"latency_ms":401.541295,"status":200}
    perfdiag_test.go:279: PERF_REQUEST {"history":10000,"clients":40,"client":15,"repetition":1,"latency_ms":542.505231,"status":200}
    perfdiag_test.go:279: PERF_REQUEST {"history":10000,"clients":40,"client":16,"repetition":0,"latency_ms":391.555356,"status":200}
    perfdiag_test.go:279: PERF_REQUEST {"history":10000,"clients":40,"client":16,"repetition":1,"latency_ms":533.10631,"status":200}
    perfdiag_test.go:279: PERF_REQUEST {"history":10000,"clients":40,"client":17,"repetition":0,"latency_ms":135.515345,"status":200}
    perfdiag_test.go:279: PERF_REQUEST {"history":10000,"clients":40,"client":17,"repetition":1,"latency_ms":542.473963,"status":200}
    perfdiag_test.go:279: PERF_REQUEST {"history":10000,"clients":40,"client":18,"repetition":0,"latency_ms":369.799397,"status":200}
    perfdiag_test.go:279: PERF_REQUEST {"history":10000,"clients":40,"client":18,"repetition":1,"latency_ms":527.393365,"status":200}
    perfdiag_test.go:279: PERF_REQUEST {"history":10000,"clients":40,"client":19,"repetition":0,"latency_ms":482.117949,"status":200}
    perfdiag_test.go:279: PERF_REQUEST {"history":10000,"clients":40,"client":19,"repetition":1,"latency_ms":540.606263,"status":200}
    perfdiag_test.go:279: PERF_REQUEST {"history":10000,"clients":40,"client":20,"repetition":0,"latency_ms":320.210211,"status":200}
    perfdiag_test.go:279: PERF_REQUEST {"history":10000,"clients":40,"client":20,"repetition":1,"latency_ms":552.510145,"status":200}
    perfdiag_test.go:279: PERF_REQUEST {"history":10000,"clients":40,"client":21,"repetition":0,"latency_ms":310.805228,"status":200}
    perfdiag_test.go:279: PERF_REQUEST {"history":10000,"clients":40,"client":21,"repetition":1,"latency_ms":551.494007,"status":200}
    perfdiag_test.go:279: PERF_REQUEST {"history":10000,"clients":40,"client":22,"repetition":0,"latency_ms":82.565591,"status":200}
    perfdiag_test.go:279: PERF_REQUEST {"history":10000,"clients":40,"client":22,"repetition":1,"latency_ms":522.382573,"status":200}
    perfdiag_test.go:279: PERF_REQUEST {"history":10000,"clients":40,"client":23,"repetition":0,"latency_ms":31.735406,"status":200}
    perfdiag_test.go:279: PERF_REQUEST {"history":10000,"clients":40,"client":23,"repetition":1,"latency_ms":504.866054,"status":200}
    perfdiag_test.go:279: PERF_REQUEST {"history":10000,"clients":40,"client":24,"repetition":0,"latency_ms":102.633607,"status":200}
    perfdiag_test.go:279: PERF_REQUEST {"history":10000,"clients":40,"client":24,"repetition":1,"latency_ms":527.862703,"status":200}
    perfdiag_test.go:279: PERF_REQUEST {"history":10000,"clients":40,"client":25,"repetition":0,"latency_ms":115.192523,"status":200}
    perfdiag_test.go:279: PERF_REQUEST {"history":10000,"clients":40,"client":25,"repetition":1,"latency_ms":530.82663,"status":200}
    perfdiag_test.go:279: PERF_REQUEST {"history":10000,"clients":40,"client":26,"repetition":0,"latency_ms":124.08617,"status":200}
    perfdiag_test.go:279: PERF_REQUEST {"history":10000,"clients":40,"client":26,"repetition":1,"latency_ms":537.910827,"status":200}
    perfdiag_test.go:279: PERF_REQUEST {"history":10000,"clients":40,"client":27,"repetition":0,"latency_ms":350.094038,"status":200}
    perfdiag_test.go:279: PERF_REQUEST {"history":10000,"clients":40,"client":27,"repetition":1,"latency_ms":534.624877,"status":200}
    perfdiag_test.go:279: PERF_REQUEST {"history":10000,"clients":40,"client":28,"repetition":0,"latency_ms":144.911321,"status":200}
    perfdiag_test.go:279: PERF_REQUEST {"history":10000,"clients":40,"client":28,"repetition":1,"latency_ms":551.343775,"status":200}
    perfdiag_test.go:279: PERF_REQUEST {"history":10000,"clients":40,"client":29,"repetition":0,"latency_ms":159.95486,"status":200}
    perfdiag_test.go:279: PERF_REQUEST {"history":10000,"clients":40,"client":29,"repetition":1,"latency_ms":544.594385,"status":200}
    perfdiag_test.go:279: PERF_REQUEST {"history":10000,"clients":40,"client":30,"repetition":0,"latency_ms":171.094072,"status":200}
    perfdiag_test.go:279: PERF_REQUEST {"history":10000,"clients":40,"client":30,"repetition":1,"latency_ms":548.865816,"status":200}
    perfdiag_test.go:279: PERF_REQUEST {"history":10000,"clients":40,"client":31,"repetition":0,"latency_ms":189.68515,"status":200}
    perfdiag_test.go:279: PERF_REQUEST {"history":10000,"clients":40,"client":31,"repetition":1,"latency_ms":546.337381,"status":200}
    perfdiag_test.go:279: PERF_REQUEST {"history":10000,"clients":40,"client":32,"repetition":0,"latency_ms":206.730178,"status":200}
    perfdiag_test.go:279: PERF_REQUEST {"history":10000,"clients":40,"client":32,"repetition":1,"latency_ms":543.436912,"status":200}
    perfdiag_test.go:279: PERF_REQUEST {"history":10000,"clients":40,"client":33,"repetition":0,"latency_ms":217.314654,"status":200}
    perfdiag_test.go:279: PERF_REQUEST {"history":10000,"clients":40,"client":33,"repetition":1,"latency_ms":546.776502,"status":200}
    perfdiag_test.go:279: PERF_REQUEST {"history":10000,"clients":40,"client":34,"repetition":0,"latency_ms":229.722899,"status":200}
    perfdiag_test.go:279: PERF_REQUEST {"history":10000,"clients":40,"client":34,"repetition":1,"latency_ms":544.632125,"status":200}
    perfdiag_test.go:279: PERF_REQUEST {"history":10000,"clients":40,"client":35,"repetition":0,"latency_ms":240.887659,"status":200}
    perfdiag_test.go:279: PERF_REQUEST {"history":10000,"clients":40,"client":35,"repetition":1,"latency_ms":544.085374,"status":200}
    perfdiag_test.go:279: PERF_REQUEST {"history":10000,"clients":40,"client":36,"repetition":0,"latency_ms":259.420057,"status":200}
    perfdiag_test.go:279: PERF_REQUEST {"history":10000,"clients":40,"client":36,"repetition":1,"latency_ms":542.999275,"status":200}
    perfdiag_test.go:279: PERF_REQUEST {"history":10000,"clients":40,"client":37,"repetition":0,"latency_ms":270.41459,"status":200}
    perfdiag_test.go:279: PERF_REQUEST {"history":10000,"clients":40,"client":37,"repetition":1,"latency_ms":544.175301,"status":200}
    perfdiag_test.go:279: PERF_REQUEST {"history":10000,"clients":40,"client":38,"repetition":0,"latency_ms":280.383606,"status":200}
    perfdiag_test.go:279: PERF_REQUEST {"history":10000,"clients":40,"client":38,"repetition":1,"latency_ms":543.195861,"status":200}
    perfdiag_test.go:279: PERF_REQUEST {"history":10000,"clients":40,"client":39,"repetition":0,"latency_ms":299.704086,"status":200}
    perfdiag_test.go:279: PERF_REQUEST {"history":10000,"clients":40,"client":39,"repetition":1,"latency_ms":544.871292,"status":200}
    perfdiag_test.go:291: PERF_PERSIST {"clients":40,"history":10000,"persist_index":0,"save_ms":11.54443,"snapshot_bytes":1740598,"wchar_delta":1740598,"write_bytes_delta":1740800}
    perfdiag_test.go:291: PERF_PERSIST {"clients":40,"history":10000,"persist_index":1,"save_ms":11.11045,"snapshot_bytes":1743541,"wchar_delta":1743541,"write_bytes_delta":1744896}
    perfdiag_test.go:291: PERF_PERSIST {"clients":40,"history":10000,"persist_index":2,"save_ms":8.831652,"snapshot_bytes":1743541,"wchar_delta":1743541,"write_bytes_delta":1744896}
    perfdiag_test.go:291: PERF_PERSIST {"clients":40,"history":10000,"persist_index":3,"save_ms":10.792545,"snapshot_bytes":1743541,"wchar_delta":1743541,"write_bytes_delta":1744896}
    perfdiag_test.go:291: PERF_PERSIST {"clients":40,"history":10000,"persist_index":4,"save_ms":9.010906,"snapshot_bytes":1743596,"wchar_delta":1743596,"write_bytes_delta":1744896}
    perfdiag_test.go:291: PERF_PERSIST {"clients":40,"history":10000,"persist_index":5,"save_ms":11.101011,"snapshot_bytes":1743651,"wchar_delta":1743651,"write_bytes_delta":1744896}
    perfdiag_test.go:291: PERF_PERSIST {"clients":40,"history":10000,"persist_index":6,"save_ms":9.958768,"snapshot_bytes":1743706,"wchar_delta":1743706,"write_bytes_delta":1744896}
    perfdiag_test.go:291: PERF_PERSIST {"clients":40,"history":10000,"persist_index":7,"save_ms":9.223985,"snapshot_bytes":1743761,"wchar_delta":1743761,"write_bytes_delta":1744896}
    perfdiag_test.go:291: PERF_PERSIST {"clients":40,"history":10000,"persist_index":8,"save_ms":11.070786,"snapshot_bytes":1743816,"wchar_delta":1743816,"write_bytes_delta":1744896}
    perfdiag_test.go:291: PERF_PERSIST {"clients":40,"history":10000,"persist_index":9,"save_ms":8.990348,"snapshot_bytes":1743871,"wchar_delta":1743871,"write_bytes_delta":1744896}
    perfdiag_test.go:291: PERF_PERSIST {"clients":40,"history":10000,"persist_index":10,"save_ms":12.530152,"snapshot_bytes":1743926,"wchar_delta":1743926,"write_bytes_delta":1744896}
    perfdiag_test.go:291: PERF_PERSIST {"clients":40,"history":10000,"persist_index":11,"save_ms":8.88373,"snapshot_bytes":1743981,"wchar_delta":1743981,"write_bytes_delta":1744896}
    perfdiag_test.go:291: PERF_PERSIST {"clients":40,"history":10000,"persist_index":12,"save_ms":11.398317,"snapshot_bytes":1744036,"wchar_delta":1744036,"write_bytes_delta":1744896}
    perfdiag_test.go:291: PERF_PERSIST {"clients":40,"history":10000,"persist_index":13,"save_ms":9.257707,"snapshot_bytes":1744091,"wchar_delta":1744091,"write_bytes_delta":1744896}
    perfdiag_test.go:291: PERF_PERSIST {"clients":40,"history":10000,"persist_index":14,"save_ms":14.804702,"snapshot_bytes":1744201,"wchar_delta":1744201,"write_bytes_delta":1744896}
    perfdiag_test.go:291: PERF_PERSIST {"clients":40,"history":10000,"persist_index":15,"save_ms":11.192042,"snapshot_bytes":1744201,"wchar_delta":1744201,"write_bytes_delta":1744896}
    perfdiag_test.go:291: PERF_PERSIST {"clients":40,"history":10000,"persist_index":16,"save_ms":18.569607,"snapshot_bytes":1744256,"wchar_delta":1744256,"write_bytes_delta":1744896}
    perfdiag_test.go:291: PERF_PERSIST {"clients":40,"history":10000,"persist_index":17,"save_ms":17.007698,"snapshot_bytes":1744311,"wchar_delta":1744311,"write_bytes_delta":1744896}
    perfdiag_test.go:291: PERF_PERSIST {"clients":40,"history":10000,"persist_index":18,"save_ms":10.561444,"snapshot_bytes":1744366,"wchar_delta":1744366,"write_bytes_delta":1744896}
    perfdiag_test.go:291: PERF_PERSIST {"clients":40,"history":10000,"persist_index":19,"save_ms":12.388628,"snapshot_bytes":1744421,"wchar_delta":1744421,"write_bytes_delta":1744896}
    perfdiag_test.go:291: PERF_PERSIST {"clients":40,"history":10000,"persist_index":20,"save_ms":11.13711,"snapshot_bytes":1744476,"wchar_delta":1744476,"write_bytes_delta":1744896}
    perfdiag_test.go:291: PERF_PERSIST {"clients":40,"history":10000,"persist_index":21,"save_ms":18.51764,"snapshot_bytes":1744531,"wchar_delta":1744531,"write_bytes_delta":1744896}
    perfdiag_test.go:291: PERF_PERSIST {"clients":40,"history":10000,"persist_index":22,"save_ms":10.967502,"snapshot_bytes":1744586,"wchar_delta":1744586,"write_bytes_delta":1744896}
    perfdiag_test.go:291: PERF_PERSIST {"clients":40,"history":10000,"persist_index":23,"save_ms":9.744668,"snapshot_bytes":1744641,"wchar_delta":1744641,"write_bytes_delta":1744896}
    perfdiag_test.go:291: PERF_PERSIST {"clients":40,"history":10000,"persist_index":24,"save_ms":19.306293,"snapshot_bytes":1744696,"wchar_delta":1744696,"write_bytes_delta":1744896}
    perfdiag_test.go:291: PERF_PERSIST {"clients":40,"history":10000,"persist_index":25,"save_ms":11.077598,"snapshot_bytes":1744751,"wchar_delta":1744751,"write_bytes_delta":1744896}
    perfdiag_test.go:291: PERF_PERSIST {"clients":40,"history":10000,"persist_index":26,"save_ms":9.362724,"snapshot_bytes":1744806,"wchar_delta":1744806,"write_bytes_delta":1744896}
    perfdiag_test.go:291: PERF_PERSIST {"clients":40,"history":10000,"persist_index":27,"save_ms":29.855314,"snapshot_bytes":1744861,"wchar_delta":1744861,"write_bytes_delta":1744896}
    perfdiag_test.go:291: PERF_PERSIST {"clients":40,"history":10000,"persist_index":28,"save_ms":19.702263,"snapshot_bytes":1744916,"wchar_delta":1744916,"write_bytes_delta":1748992}
    perfdiag_test.go:291: PERF_PERSIST {"clients":40,"history":10000,"persist_index":29,"save_ms":9.062052,"snapshot_bytes":1744971,"wchar_delta":1744971,"write_bytes_delta":1748992}
    perfdiag_test.go:291: PERF_PERSIST {"clients":40,"history":10000,"persist_index":30,"save_ms":12.6577,"snapshot_bytes":1745026,"wchar_delta":1745026,"write_bytes_delta":1748992}
    perfdiag_test.go:291: PERF_PERSIST {"clients":40,"history":10000,"persist_index":31,"save_ms":9.985838,"snapshot_bytes":1745081,"wchar_delta":1745081,"write_bytes_delta":1748992}
    perfdiag_test.go:291: PERF_PERSIST {"clients":40,"history":10000,"persist_index":32,"save_ms":9.248069,"snapshot_bytes":1745136,"wchar_delta":1745136,"write_bytes_delta":1748992}
    perfdiag_test.go:291: PERF_PERSIST {"clients":40,"history":10000,"persist_index":33,"save_ms":10.105742,"snapshot_bytes":1745191,"wchar_delta":1745191,"write_bytes_delta":1748992}
    perfdiag_test.go:291: PERF_PERSIST {"clients":40,"history":10000,"persist_index":34,"save_ms":18.428133,"snapshot_bytes":1745246,"wchar_delta":1745246,"write_bytes_delta":1748992}
    perfdiag_test.go:291: PERF_PERSIST {"clients":40,"history":10000,"persist_index":35,"save_ms":10.537599,"snapshot_bytes":1745301,"wchar_delta":1745301,"write_bytes_delta":1748992}
    perfdiag_test.go:291: PERF_PERSIST {"clients":40,"history":10000,"persist_index":36,"save_ms":20.968259,"snapshot_bytes":1745356,"wchar_delta":1745356,"write_bytes_delta":1748992}
    perfdiag_test.go:291: PERF_PERSIST {"clients":40,"history":10000,"persist_index":37,"save_ms":11.097375,"snapshot_bytes":1745411,"wchar_delta":1745411,"write_bytes_delta":1748992}
    perfdiag_test.go:291: PERF_PERSIST {"clients":40,"history":10000,"persist_index":38,"save_ms":11.739936,"snapshot_bytes":1745466,"wchar_delta":1745466,"write_bytes_delta":1748992}
    perfdiag_test.go:291: PERF_PERSIST {"clients":40,"history":10000,"persist_index":39,"save_ms":15.401938,"snapshot_bytes":1745521,"wchar_delta":1745521,"write_bytes_delta":1748992}
    perfdiag_test.go:291: PERF_PERSIST {"clients":40,"history":10000,"persist_index":40,"save_ms":15.260434,"snapshot_bytes":1745576,"wchar_delta":1745576,"write_bytes_delta":1748992}
    perfdiag_test.go:291: PERF_PERSIST {"clients":40,"history":10000,"persist_index":41,"save_ms":11.816529,"snapshot_bytes":1745631,"wchar_delta":1745631,"write_bytes_delta":1748992}
    perfdiag_test.go:291: PERF_PERSIST {"clients":40,"history":10000,"persist_index":42,"save_ms":17.846746,"snapshot_bytes":1745686,"wchar_delta":1745686,"write_bytes_delta":1748992}
    perfdiag_test.go:291: PERF_PERSIST {"clients":40,"history":10000,"persist_index":43,"save_ms":10.350008,"snapshot_bytes":1745686,"wchar_delta":1745686,"write_bytes_delta":1748992}
    perfdiag_test.go:291: PERF_PERSIST {"clients":40,"history":10000,"persist_index":44,"save_ms":10.921426,"snapshot_bytes":1745686,"wchar_delta":1745686,"write_bytes_delta":1748992}
    perfdiag_test.go:291: PERF_PERSIST {"clients":40,"history":10000,"persist_index":45,"save_ms":18.699139,"snapshot_bytes":1745686,"wchar_delta":1745686,"write_bytes_delta":1748992}
    perfdiag_test.go:291: PERF_PERSIST {"clients":40,"history":10000,"persist_index":46,"save_ms":10.319551,"snapshot_bytes":1745686,"wchar_delta":1745686,"write_bytes_delta":1748992}
    perfdiag_test.go:291: PERF_PERSIST {"clients":40,"history":10000,"persist_index":47,"save_ms":19.429844,"snapshot_bytes":1745686,"wchar_delta":1745686,"write_bytes_delta":1748992}
    perfdiag_test.go:291: PERF_PERSIST {"clients":40,"history":10000,"persist_index":48,"save_ms":10.250052,"snapshot_bytes":1745686,"wchar_delta":1745686,"write_bytes_delta":1748992}
    perfdiag_test.go:291: PERF_PERSIST {"clients":40,"history":10000,"persist_index":49,"save_ms":11.141378,"snapshot_bytes":1745686,"wchar_delta":1745686,"write_bytes_delta":1748992}
    perfdiag_test.go:291: PERF_PERSIST {"clients":40,"history":10000,"persist_index":50,"save_ms":18.520084,"snapshot_bytes":1745686,"wchar_delta":1745686,"write_bytes_delta":1748992}
    perfdiag_test.go:291: PERF_PERSIST {"clients":40,"history":10000,"persist_index":51,"save_ms":13.438058,"snapshot_bytes":1745686,"wchar_delta":1745686,"write_bytes_delta":1748992}
    perfdiag_test.go:291: PERF_PERSIST {"clients":40,"history":10000,"persist_index":52,"save_ms":18.067759,"snapshot_bytes":1745686,"wchar_delta":1745686,"write_bytes_delta":1748992}
    perfdiag_test.go:291: PERF_PERSIST {"clients":40,"history":10000,"persist_index":53,"save_ms":10.573436,"snapshot_bytes":1745686,"wchar_delta":1745686,"write_bytes_delta":1748992}
    perfdiag_test.go:291: PERF_PERSIST {"clients":40,"history":10000,"persist_index":54,"save_ms":13.397613,"snapshot_bytes":1745686,"wchar_delta":1745686,"write_bytes_delta":1748992}
    perfdiag_test.go:291: PERF_PERSIST {"clients":40,"history":10000,"persist_index":55,"save_ms":18.801761,"snapshot_bytes":1745686,"wchar_delta":1745686,"write_bytes_delta":1748992}
    perfdiag_test.go:291: PERF_PERSIST {"clients":40,"history":10000,"persist_index":56,"save_ms":11.171123,"snapshot_bytes":1745686,"wchar_delta":1745686,"write_bytes_delta":1748992}
    perfdiag_test.go:291: PERF_PERSIST {"clients":40,"history":10000,"persist_index":57,"save_ms":14.077072,"snapshot_bytes":1745686,"wchar_delta":1745686,"write_bytes_delta":1748992}
    perfdiag_test.go:291: PERF_PERSIST {"clients":40,"history":10000,"persist_index":58,"save_ms":10.375065,"snapshot_bytes":1745686,"wchar_delta":1745686,"write_bytes_delta":1748992}
    perfdiag_test.go:291: PERF_PERSIST {"clients":40,"history":10000,"persist_index":59,"save_ms":10.284586,"snapshot_bytes":1745686,"wchar_delta":1745686,"write_bytes_delta":1748992}
    perfdiag_test.go:291: PERF_PERSIST {"clients":40,"history":10000,"persist_index":60,"save_ms":19.375633,"snapshot_bytes":1745686,"wchar_delta":1745686,"write_bytes_delta":1748992}
    perfdiag_test.go:291: PERF_PERSIST {"clients":40,"history":10000,"persist_index":61,"save_ms":10.358013,"snapshot_bytes":1745686,"wchar_delta":1745686,"write_bytes_delta":1748992}
    perfdiag_test.go:291: PERF_PERSIST {"clients":40,"history":10000,"persist_index":62,"save_ms":10.138553,"snapshot_bytes":1745686,"wchar_delta":1745686,"write_bytes_delta":1748992}
    perfdiag_test.go:291: PERF_PERSIST {"clients":40,"history":10000,"persist_index":63,"save_ms":19.535571,"snapshot_bytes":1745686,"wchar_delta":1745686,"write_bytes_delta":1748992}
    perfdiag_test.go:291: PERF_PERSIST {"clients":40,"history":10000,"persist_index":64,"save_ms":17.961741,"snapshot_bytes":1745686,"wchar_delta":1745686,"write_bytes_delta":1748992}
    perfdiag_test.go:291: PERF_PERSIST {"clients":40,"history":10000,"persist_index":65,"save_ms":12.553426,"snapshot_bytes":1745686,"wchar_delta":1745686,"write_bytes_delta":1748992}
    perfdiag_test.go:291: PERF_PERSIST {"clients":40,"history":10000,"persist_index":66,"save_ms":9.658166,"snapshot_bytes":1745686,"wchar_delta":1745686,"write_bytes_delta":1748992}
    perfdiag_test.go:291: PERF_PERSIST {"clients":40,"history":10000,"persist_index":67,"save_ms":12.462435,"snapshot_bytes":1745686,"wchar_delta":1745686,"write_bytes_delta":1748992}
    perfdiag_test.go:291: PERF_PERSIST {"clients":40,"history":10000,"persist_index":68,"save_ms":17.190039,"snapshot_bytes":1745686,"wchar_delta":1745686,"write_bytes_delta":1748992}
    perfdiag_test.go:291: PERF_PERSIST {"clients":40,"history":10000,"persist_index":69,"save_ms":10.267013,"snapshot_bytes":1745686,"wchar_delta":1745686,"write_bytes_delta":1748992}
    perfdiag_test.go:291: PERF_PERSIST {"clients":40,"history":10000,"persist_index":70,"save_ms":19.492831,"snapshot_bytes":1745686,"wchar_delta":1745686,"write_bytes_delta":1748992}
    perfdiag_test.go:291: PERF_PERSIST {"clients":40,"history":10000,"persist_index":71,"save_ms":10.699381,"snapshot_bytes":1745686,"wchar_delta":1745686,"write_bytes_delta":1748992}
    perfdiag_test.go:291: PERF_PERSIST {"clients":40,"history":10000,"persist_index":72,"save_ms":9.825038,"snapshot_bytes":1745686,"wchar_delta":1745686,"write_bytes_delta":1748992}
    perfdiag_test.go:291: PERF_PERSIST {"clients":40,"history":10000,"persist_index":73,"save_ms":19.2084,"snapshot_bytes":1745686,"wchar_delta":1745686,"write_bytes_delta":1748992}
    perfdiag_test.go:291: PERF_PERSIST {"clients":40,"history":10000,"persist_index":74,"save_ms":10.37221,"snapshot_bytes":1745686,"wchar_delta":1745686,"write_bytes_delta":1748992}
    perfdiag_test.go:291: PERF_PERSIST {"clients":40,"history":10000,"persist_index":75,"save_ms":19.352239,"snapshot_bytes":1745686,"wchar_delta":1745686,"write_bytes_delta":1748992}
    perfdiag_test.go:291: PERF_PERSIST {"clients":40,"history":10000,"persist_index":76,"save_ms":11.285447,"snapshot_bytes":1745686,"wchar_delta":1745686,"write_bytes_delta":1748992}
    perfdiag_test.go:291: PERF_PERSIST {"clients":40,"history":10000,"persist_index":77,"save_ms":12.717252,"snapshot_bytes":1745686,"wchar_delta":1745686,"write_bytes_delta":1748992}
    perfdiag_test.go:291: PERF_PERSIST {"clients":40,"history":10000,"persist_index":78,"save_ms":16.100263,"snapshot_bytes":1745686,"wchar_delta":1745686,"write_bytes_delta":1748992}
    perfdiag_test.go:291: PERF_PERSIST {"clients":40,"history":10000,"persist_index":79,"save_ms":17.291308,"snapshot_bytes":1745686,"wchar_delta":1745686,"write_bytes_delta":1748992}
    perfdiag_test.go:291: PERF_IO_SUMMARY {"bytes_per_persist":1745033.2125,"clients":40,"elapsed_seconds":1.072273434,"emitted_to_net_file_growth_ratio":26641.728435114503,"final_file_bytes":1745686,"history":10000,"initial_file_bytes":1740446,"net_file_growth_bytes":5240,"persist_calls":80,"persist_per_request":1,"persist_per_second":74.60783552341557,"proc_io_available":true,"ratio_denominator":"net snapshot file growth, not logical mutation bytes","snapshot_emitted_bytes":139602657,"wchar_delta":139602657,"write_bytes_delta":139800576,"write_bytes_per_second":130377729.75358447}
    perfdiag_test.go:292: PERF_SUMMARY {"audit_count":10080,"clients":40,"elapsed_seconds":1.072273434,"failures":0,"goroutines_after":3,"goroutines_before":43,"goroutines_delta":-40,"heap_after_bytes":6156504,"heap_before_bytes":4917392,"heap_delta_bytes":1239112,"history":10000,"max_ms":552.510145,"numgc_delta":50,"p50_ms":504.866054,"p95_ms":546.776502,"p99_ms":552.510145,"pause_delta_ns":1540804,"polls":2,"rate_requests_per_second":74.60783552341557,"requests":80,"snapshot_bytes":1745686,"successes":80,"totalalloc_delta_bytes":218190088}
=== RUN   TestPerfHTTPActiveHistoryMatrix/history_20000/clients_20
    perfdiag_test.go:279: PERF_REQUEST {"history":20000,"clients":20,"client":0,"repetition":0,"latency_ms":54.239204,"status":200}
    perfdiag_test.go:279: PERF_REQUEST {"history":20000,"clients":20,"client":0,"repetition":1,"latency_ms":409.589583,"status":200}
    perfdiag_test.go:279: PERF_REQUEST {"history":20000,"clients":20,"client":1,"repetition":0,"latency_ms":75.040511,"status":200}
    perfdiag_test.go:279: PERF_REQUEST {"history":20000,"clients":20,"client":1,"repetition":1,"latency_ms":422.533719,"status":200}
    perfdiag_test.go:279: PERF_REQUEST {"history":20000,"clients":20,"client":2,"repetition":0,"latency_ms":92.415755,"status":200}
    perfdiag_test.go:279: PERF_REQUEST {"history":20000,"clients":20,"client":2,"repetition":1,"latency_ms":435.178295,"status":200}
    perfdiag_test.go:279: PERF_REQUEST {"history":20000,"clients":20,"client":3,"repetition":0,"latency_ms":110.197099,"status":200}
    perfdiag_test.go:279: PERF_REQUEST {"history":20000,"clients":20,"client":3,"repetition":1,"latency_ms":433.781886,"status":200}
    perfdiag_test.go:279: PERF_REQUEST {"history":20000,"clients":20,"client":4,"repetition":0,"latency_ms":132.139027,"status":200}
    perfdiag_test.go:279: PERF_REQUEST {"history":20000,"clients":20,"client":4,"repetition":1,"latency_ms":445.929383,"status":200}
    perfdiag_test.go:279: PERF_REQUEST {"history":20000,"clients":20,"client":5,"repetition":0,"latency_ms":152.6494,"status":200}
    perfdiag_test.go:279: PERF_REQUEST {"history":20000,"clients":20,"client":5,"repetition":1,"latency_ms":444.945755,"status":200}
    perfdiag_test.go:279: PERF_REQUEST {"history":20000,"clients":20,"client":6,"repetition":0,"latency_ms":169.977938,"status":200}
    perfdiag_test.go:279: PERF_REQUEST {"history":20000,"clients":20,"client":6,"repetition":1,"latency_ms":453.264118,"status":200}
    perfdiag_test.go:279: PERF_REQUEST {"history":20000,"clients":20,"client":7,"repetition":0,"latency_ms":191.137373,"status":200}
    perfdiag_test.go:279: PERF_REQUEST {"history":20000,"clients":20,"client":7,"repetition":1,"latency_ms":466.208895,"status":200}
    perfdiag_test.go:279: PERF_REQUEST {"history":20000,"clients":20,"client":8,"repetition":0,"latency_ms":210.775997,"status":200}
    perfdiag_test.go:279: PERF_REQUEST {"history":20000,"clients":20,"client":8,"repetition":1,"latency_ms":466.847367,"status":200}
    perfdiag_test.go:279: PERF_REQUEST {"history":20000,"clients":20,"client":9,"repetition":0,"latency_ms":18.445555,"status":200}
    perfdiag_test.go:279: PERF_REQUEST {"history":20000,"clients":20,"client":9,"repetition":1,"latency_ms":18.895976,"status":200}
    perfdiag_test.go:279: PERF_REQUEST {"history":20000,"clients":20,"client":10,"repetition":0,"latency_ms":249.211844,"status":200}
    perfdiag_test.go:279: PERF_REQUEST {"history":20000,"clients":20,"client":10,"repetition":1,"latency_ms":478.838883,"status":200}
    perfdiag_test.go:279: PERF_REQUEST {"history":20000,"clients":20,"client":11,"repetition":0,"latency_ms":317.419066,"status":200}
    perfdiag_test.go:279: PERF_REQUEST {"history":20000,"clients":20,"client":11,"repetition":1,"latency_ms":490.283557,"status":200}
    perfdiag_test.go:279: PERF_REQUEST {"history":20000,"clients":20,"client":12,"repetition":0,"latency_ms":367.502706,"status":200}
    perfdiag_test.go:279: PERF_REQUEST {"history":20000,"clients":20,"client":12,"repetition":1,"latency_ms":486.948616,"status":200}
    perfdiag_test.go:279: PERF_REQUEST {"history":20000,"clients":20,"client":13,"repetition":0,"latency_ms":417.737057,"status":200}
    perfdiag_test.go:279: PERF_REQUEST {"history":20000,"clients":20,"client":13,"repetition":1,"latency_ms":499.146798,"status":200}
    perfdiag_test.go:279: PERF_REQUEST {"history":20000,"clients":20,"client":14,"repetition":0,"latency_ms":228.386522,"status":200}
    perfdiag_test.go:279: PERF_REQUEST {"history":20000,"clients":20,"client":14,"repetition":1,"latency_ms":474.539189,"status":200}
    perfdiag_test.go:279: PERF_REQUEST {"history":20000,"clients":20,"client":15,"repetition":0,"latency_ms":268.893167,"status":200}
    perfdiag_test.go:279: PERF_REQUEST {"history":20000,"clients":20,"client":15,"repetition":1,"latency_ms":488.628755,"status":200}
    perfdiag_test.go:279: PERF_REQUEST {"history":20000,"clients":20,"client":16,"repetition":0,"latency_ms":287.975632,"status":200}
    perfdiag_test.go:279: PERF_REQUEST {"history":20000,"clients":20,"client":16,"repetition":1,"latency_ms":493.30371,"status":200}
    perfdiag_test.go:279: PERF_REQUEST {"history":20000,"clients":20,"client":17,"repetition":0,"latency_ms":447.406913,"status":200}
    perfdiag_test.go:279: PERF_REQUEST {"history":20000,"clients":20,"client":17,"repetition":1,"latency_ms":485.845524,"status":200}
    perfdiag_test.go:279: PERF_REQUEST {"history":20000,"clients":20,"client":18,"repetition":0,"latency_ms":337.835393,"status":200}
    perfdiag_test.go:279: PERF_REQUEST {"history":20000,"clients":20,"client":18,"repetition":1,"latency_ms":499.733363,"status":200}
    perfdiag_test.go:279: PERF_REQUEST {"history":20000,"clients":20,"client":19,"repetition":0,"latency_ms":388.296487,"status":200}
    perfdiag_test.go:279: PERF_REQUEST {"history":20000,"clients":20,"client":19,"repetition":1,"latency_ms":498.894826,"status":200}
    perfdiag_test.go:291: PERF_PERSIST {"clients":20,"history":20000,"persist_index":0,"save_ms":18.354575,"snapshot_bytes":3280198,"wchar_delta":3280198,"write_bytes_delta":3280896}
    perfdiag_test.go:291: PERF_PERSIST {"clients":20,"history":20000,"persist_index":1,"save_ms":18.793074,"snapshot_bytes":3281621,"wchar_delta":3281621,"write_bytes_delta":3284992}
    perfdiag_test.go:291: PERF_PERSIST {"clients":20,"history":20000,"persist_index":2,"save_ms":16.871404,"snapshot_bytes":3281621,"wchar_delta":3281621,"write_bytes_delta":3284992}
    perfdiag_test.go:291: PERF_PERSIST {"clients":20,"history":20000,"persist_index":3,"save_ms":20.810424,"snapshot_bytes":3281621,"wchar_delta":3281621,"write_bytes_delta":3284992}
    perfdiag_test.go:291: PERF_PERSIST {"clients":20,"history":20000,"persist_index":4,"save_ms":17.358163,"snapshot_bytes":3281676,"wchar_delta":3281676,"write_bytes_delta":3284992}
    perfdiag_test.go:291: PERF_PERSIST {"clients":20,"history":20000,"persist_index":5,"save_ms":17.752169,"snapshot_bytes":3281731,"wchar_delta":3281731,"write_bytes_delta":3284992}
    perfdiag_test.go:291: PERF_PERSIST {"clients":20,"history":20000,"persist_index":6,"save_ms":21.897034,"snapshot_bytes":3281786,"wchar_delta":3281786,"write_bytes_delta":3284992}
    perfdiag_test.go:291: PERF_PERSIST {"clients":20,"history":20000,"persist_index":7,"save_ms":20.493802,"snapshot_bytes":3281841,"wchar_delta":3281841,"write_bytes_delta":3284992}
    perfdiag_test.go:291: PERF_PERSIST {"clients":20,"history":20000,"persist_index":8,"save_ms":17.302579,"snapshot_bytes":3281896,"wchar_delta":3281896,"write_bytes_delta":3284992}
    perfdiag_test.go:291: PERF_PERSIST {"clients":20,"history":20000,"persist_index":9,"save_ms":21.117357,"snapshot_bytes":3281951,"wchar_delta":3281951,"write_bytes_delta":3284992}
    perfdiag_test.go:291: PERF_PERSIST {"clients":20,"history":20000,"persist_index":10,"save_ms":19.607656,"snapshot_bytes":3282006,"wchar_delta":3282006,"write_bytes_delta":3284992}
    perfdiag_test.go:291: PERF_PERSIST {"clients":20,"history":20000,"persist_index":11,"save_ms":17.589525,"snapshot_bytes":3282061,"wchar_delta":3282061,"write_bytes_delta":3284992}
    perfdiag_test.go:291: PERF_PERSIST {"clients":20,"history":20000,"persist_index":12,"save_ms":20.927332,"snapshot_bytes":3282116,"wchar_delta":3282116,"write_bytes_delta":3284992}
    perfdiag_test.go:291: PERF_PERSIST {"clients":20,"history":20000,"persist_index":13,"save_ms":19.660064,"snapshot_bytes":3282171,"wchar_delta":3282171,"write_bytes_delta":3284992}
    perfdiag_test.go:291: PERF_PERSIST {"clients":20,"history":20000,"persist_index":14,"save_ms":19.00505,"snapshot_bytes":3282226,"wchar_delta":3282226,"write_bytes_delta":3284992}
    perfdiag_test.go:291: PERF_PERSIST {"clients":20,"history":20000,"persist_index":15,"save_ms":29.53227,"snapshot_bytes":3282281,"wchar_delta":3282281,"write_bytes_delta":3284992}
    perfdiag_test.go:291: PERF_PERSIST {"clients":20,"history":20000,"persist_index":16,"save_ms":20.467712,"snapshot_bytes":3282336,"wchar_delta":3282336,"write_bytes_delta":3284992}
    perfdiag_test.go:291: PERF_PERSIST {"clients":20,"history":20000,"persist_index":17,"save_ms":29.572905,"snapshot_bytes":3282391,"wchar_delta":3282391,"write_bytes_delta":3284992}
    perfdiag_test.go:291: PERF_PERSIST {"clients":20,"history":20000,"persist_index":18,"save_ms":20.935537,"snapshot_bytes":3282446,"wchar_delta":3282446,"write_bytes_delta":3284992}
    perfdiag_test.go:291: PERF_PERSIST {"clients":20,"history":20000,"persist_index":19,"save_ms":29.421883,"snapshot_bytes":3282501,"wchar_delta":3282501,"write_bytes_delta":3284992}
    perfdiag_test.go:291: PERF_PERSIST {"clients":20,"history":20000,"persist_index":20,"save_ms":29.477167,"snapshot_bytes":3282556,"wchar_delta":3282556,"write_bytes_delta":3284992}
    perfdiag_test.go:291: PERF_PERSIST {"clients":20,"history":20000,"persist_index":21,"save_ms":20.679528,"snapshot_bytes":3282611,"wchar_delta":3282611,"write_bytes_delta":3284992}
    perfdiag_test.go:291: PERF_PERSIST {"clients":20,"history":20000,"persist_index":22,"save_ms":29.29145,"snapshot_bytes":3282666,"wchar_delta":3282666,"write_bytes_delta":3284992}
    perfdiag_test.go:291: PERF_PERSIST {"clients":20,"history":20000,"persist_index":23,"save_ms":29.748664,"snapshot_bytes":3282666,"wchar_delta":3282666,"write_bytes_delta":3284992}
    perfdiag_test.go:291: PERF_PERSIST {"clients":20,"history":20000,"persist_index":24,"save_ms":20.811155,"snapshot_bytes":3282666,"wchar_delta":3282666,"write_bytes_delta":3284992}
    perfdiag_test.go:291: PERF_PERSIST {"clients":20,"history":20000,"persist_index":25,"save_ms":29.811261,"snapshot_bytes":3282666,"wchar_delta":3282666,"write_bytes_delta":3284992}
    perfdiag_test.go:291: PERF_PERSIST {"clients":20,"history":20000,"persist_index":26,"save_ms":20.10177,"snapshot_bytes":3282666,"wchar_delta":3282666,"write_bytes_delta":3284992}
    perfdiag_test.go:291: PERF_PERSIST {"clients":20,"history":20000,"persist_index":27,"save_ms":29.36647,"snapshot_bytes":3282666,"wchar_delta":3282666,"write_bytes_delta":3284992}
    perfdiag_test.go:291: PERF_PERSIST {"clients":20,"history":20000,"persist_index":28,"save_ms":29.702478,"snapshot_bytes":3282666,"wchar_delta":3282666,"write_bytes_delta":3284992}
    perfdiag_test.go:291: PERF_PERSIST {"clients":20,"history":20000,"persist_index":29,"save_ms":20.637741,"snapshot_bytes":3282666,"wchar_delta":3282666,"write_bytes_delta":3284992}
    perfdiag_test.go:291: PERF_PERSIST {"clients":20,"history":20000,"persist_index":30,"save_ms":29.440279,"snapshot_bytes":3282666,"wchar_delta":3282666,"write_bytes_delta":3284992}
    perfdiag_test.go:291: PERF_PERSIST {"clients":20,"history":20000,"persist_index":31,"save_ms":20.68544,"snapshot_bytes":3282666,"wchar_delta":3282666,"write_bytes_delta":3284992}
    perfdiag_test.go:291: PERF_PERSIST {"clients":20,"history":20000,"persist_index":32,"save_ms":29.506562,"snapshot_bytes":3282666,"wchar_delta":3282666,"write_bytes_delta":3284992}
    perfdiag_test.go:291: PERF_PERSIST {"clients":20,"history":20000,"persist_index":33,"save_ms":29.495431,"snapshot_bytes":3282666,"wchar_delta":3282666,"write_bytes_delta":3284992}
    perfdiag_test.go:291: PERF_PERSIST {"clients":20,"history":20000,"persist_index":34,"save_ms":20.660213,"snapshot_bytes":3282666,"wchar_delta":3282666,"write_bytes_delta":3284992}
    perfdiag_test.go:291: PERF_PERSIST {"clients":20,"history":20000,"persist_index":35,"save_ms":30.242537,"snapshot_bytes":3282666,"wchar_delta":3282666,"write_bytes_delta":3284992}
    perfdiag_test.go:291: PERF_PERSIST {"clients":20,"history":20000,"persist_index":36,"save_ms":20.809773,"snapshot_bytes":3282666,"wchar_delta":3282666,"write_bytes_delta":3284992}
    perfdiag_test.go:291: PERF_PERSIST {"clients":20,"history":20000,"persist_index":37,"save_ms":28.59028,"snapshot_bytes":3282666,"wchar_delta":3282666,"write_bytes_delta":3284992}
    perfdiag_test.go:291: PERF_PERSIST {"clients":20,"history":20000,"persist_index":38,"save_ms":29.628029,"snapshot_bytes":3282666,"wchar_delta":3282666,"write_bytes_delta":3284992}
    perfdiag_test.go:291: PERF_PERSIST {"clients":20,"history":20000,"persist_index":39,"save_ms":20.468555,"snapshot_bytes":3282666,"wchar_delta":3282666,"write_bytes_delta":3284992}
    perfdiag_test.go:291: PERF_IO_SUMMARY {"bytes_per_persist":3282290.8,"clients":20,"elapsed_seconds":0.938414493,"emitted_to_net_file_growth_ratio":50111.30992366412,"final_file_bytes":3282666,"history":20000,"initial_file_bytes":3280046,"net_file_growth_bytes":2620,"persist_calls":40,"persist_per_request":1,"persist_per_second":42.62508763278446,"proc_io_available":true,"ratio_denominator":"net snapshot file growth, not logical mutation bytes","snapshot_emitted_bytes":131291632,"wchar_delta":131291632,"write_bytes_delta":131395584,"write_bytes_per_second":140018707.0640223}
    perfdiag_test.go:292: PERF_SUMMARY {"audit_count":20040,"clients":20,"elapsed_seconds":0.938414493,"failures":0,"goroutines_after":3,"goroutines_before":23,"goroutines_delta":-20,"heap_after_bytes":10805224,"heap_before_bytes":8654912,"heap_delta_bytes":2150312,"history":20000,"max_ms":499.733363,"numgc_delta":27,"p50_ms":409.589583,"p95_ms":498.894826,"p99_ms":499.733363,"pause_delta_ns":760510,"polls":2,"rate_requests_per_second":42.62508763278446,"requests":40,"snapshot_bytes":3282666,"successes":40,"totalalloc_delta_bytes":199664624}
=== RUN   TestPerfHTTPActiveHistoryMatrix/history_20000/clients_40
    perfdiag_test.go:279: PERF_REQUEST {"history":20000,"clients":40,"client":0,"repetition":0,"latency_ms":888.71432,"status":200}
    perfdiag_test.go:279: PERF_REQUEST {"history":20000,"clients":40,"client":0,"repetition":1,"latency_ms":1042.544947,"status":200}
    perfdiag_test.go:279: PERF_REQUEST {"history":20000,"clients":40,"client":1,"repetition":0,"latency_ms":858.355045,"status":200}
    perfdiag_test.go:279: PERF_REQUEST {"history":20000,"clients":40,"client":1,"repetition":1,"latency_ms":1049.175046,"status":200}
    perfdiag_test.go:279: PERF_REQUEST {"history":20000,"clients":40,"client":2,"repetition":0,"latency_ms":838.066908,"status":200}
    perfdiag_test.go:279: PERF_REQUEST {"history":20000,"clients":40,"client":2,"repetition":1,"latency_ms":1039.681157,"status":200}
    perfdiag_test.go:279: PERF_REQUEST {"history":20000,"clients":40,"client":3,"repetition":0,"latency_ms":808.382062,"status":200}
    perfdiag_test.go:279: PERF_REQUEST {"history":20000,"clients":40,"client":3,"repetition":1,"latency_ms":1035.637471,"status":200}
    perfdiag_test.go:279: PERF_REQUEST {"history":20000,"clients":40,"client":4,"repetition":0,"latency_ms":778.858549,"status":200}
    perfdiag_test.go:279: PERF_REQUEST {"history":20000,"clients":40,"client":4,"repetition":1,"latency_ms":1048.793042,"status":200}
    perfdiag_test.go:279: PERF_REQUEST {"history":20000,"clients":40,"client":5,"repetition":0,"latency_ms":758.344349,"status":200}
    perfdiag_test.go:279: PERF_REQUEST {"history":20000,"clients":40,"client":5,"repetition":1,"latency_ms":1039.605034,"status":200}
    perfdiag_test.go:279: PERF_REQUEST {"history":20000,"clients":40,"client":6,"repetition":0,"latency_ms":728.693738,"status":200}
    perfdiag_test.go:279: PERF_REQUEST {"history":20000,"clients":40,"client":6,"repetition":1,"latency_ms":1040.076204,"status":200}
    perfdiag_test.go:279: PERF_REQUEST {"history":20000,"clients":40,"client":7,"repetition":0,"latency_ms":699.325664,"status":200}
    perfdiag_test.go:279: PERF_REQUEST {"history":20000,"clients":40,"client":7,"repetition":1,"latency_ms":1042.473554,"status":200}
    perfdiag_test.go:279: PERF_REQUEST {"history":20000,"clients":40,"client":8,"repetition":0,"latency_ms":678.608956,"status":200}
    perfdiag_test.go:279: PERF_REQUEST {"history":20000,"clients":40,"client":8,"repetition":1,"latency_ms":1039.772988,"status":200}
    perfdiag_test.go:279: PERF_REQUEST {"history":20000,"clients":40,"client":9,"repetition":0,"latency_ms":59.484485,"status":200}
    perfdiag_test.go:279: PERF_REQUEST {"history":20000,"clients":40,"client":9,"repetition":1,"latency_ms":965.95953,"status":200}
    perfdiag_test.go:279: PERF_REQUEST {"history":20000,"clients":40,"client":10,"repetition":0,"latency_ms":996.982906,"status":200}
    perfdiag_test.go:279: PERF_REQUEST {"history":20000,"clients":40,"client":10,"repetition":1,"latency_ms":1033.572773,"status":200}
    perfdiag_test.go:279: PERF_REQUEST {"history":20000,"clients":40,"client":11,"repetition":0,"latency_ms":967.236316,"status":200}
    perfdiag_test.go:279: PERF_REQUEST {"history":20000,"clients":40,"client":11,"repetition":1,"latency_ms":1039.609081,"status":200}
    perfdiag_test.go:279: PERF_REQUEST {"history":20000,"clients":40,"client":12,"repetition":0,"latency_ms":102.060266,"status":200}
    perfdiag_test.go:279: PERF_REQUEST {"history":20000,"clients":40,"client":12,"repetition":1,"latency_ms":978.077152,"status":200}
    perfdiag_test.go:279: PERF_REQUEST {"history":20000,"clients":40,"client":13,"repetition":0,"latency_ms":82.37263,"status":200}
    perfdiag_test.go:279: PERF_REQUEST {"history":20000,"clients":40,"client":13,"repetition":1,"latency_ms":968.128062,"status":200}
    perfdiag_test.go:279: PERF_REQUEST {"history":20000,"clients":40,"client":14,"repetition":0,"latency_ms":651.095688,"status":200}
    perfdiag_test.go:279: PERF_REQUEST {"history":20000,"clients":40,"client":14,"repetition":1,"latency_ms":1039.618158,"status":200}
    perfdiag_test.go:279: PERF_REQUEST {"history":20000,"clients":40,"client":15,"repetition":0,"latency_ms":622.486354,"status":200}
    perfdiag_test.go:279: PERF_REQUEST {"history":20000,"clients":40,"client":15,"repetition":1,"latency_ms":1047.787443,"status":200}
    perfdiag_test.go:279: PERF_REQUEST {"history":20000,"clients":40,"client":16,"repetition":0,"latency_ms":600.893417,"status":200}
    perfdiag_test.go:279: PERF_REQUEST {"history":20000,"clients":40,"client":16,"repetition":1,"latency_ms":1034.366656,"status":200}
    perfdiag_test.go:279: PERF_REQUEST {"history":20000,"clients":40,"client":17,"repetition":0,"latency_ms":942.146005,"status":200}
    perfdiag_test.go:279: PERF_REQUEST {"history":20000,"clients":40,"client":17,"repetition":1,"latency_ms":1048.431507,"status":200}
    perfdiag_test.go:279: PERF_REQUEST {"history":20000,"clients":40,"client":18,"repetition":0,"latency_ms":571.515195,"status":200}
    perfdiag_test.go:279: PERF_REQUEST {"history":20000,"clients":40,"client":18,"repetition":1,"latency_ms":1039.547456,"status":200}
    perfdiag_test.go:279: PERF_REQUEST {"history":20000,"clients":40,"client":19,"repetition":0,"latency_ms":921.533912,"status":200}
    perfdiag_test.go:279: PERF_REQUEST {"history":20000,"clients":40,"client":19,"repetition":1,"latency_ms":1036.0865,"status":200}
    perfdiag_test.go:279: PERF_REQUEST {"history":20000,"clients":40,"client":20,"repetition":0,"latency_ms":541.536111,"status":200}
    perfdiag_test.go:279: PERF_REQUEST {"history":20000,"clients":40,"client":20,"repetition":1,"latency_ms":1048.991242,"status":200}
    perfdiag_test.go:279: PERF_REQUEST {"history":20000,"clients":40,"client":21,"repetition":0,"latency_ms":521.083735,"status":200}
    perfdiag_test.go:279: PERF_REQUEST {"history":20000,"clients":40,"client":21,"repetition":1,"latency_ms":1039.403768,"status":200}
    perfdiag_test.go:279: PERF_REQUEST {"history":20000,"clients":40,"client":22,"repetition":0,"latency_ms":492.23366,"status":200}
    perfdiag_test.go:279: PERF_REQUEST {"history":20000,"clients":40,"client":22,"repetition":1,"latency_ms":1038.745227,"status":200}
    perfdiag_test.go:279: PERF_REQUEST {"history":20000,"clients":40,"client":23,"repetition":0,"latency_ms":461.91966,"status":200}
    perfdiag_test.go:279: PERF_REQUEST {"history":20000,"clients":40,"client":23,"repetition":1,"latency_ms":1048.699247,"status":200}
    perfdiag_test.go:279: PERF_REQUEST {"history":20000,"clients":40,"client":24,"repetition":0,"latency_ms":441.264687,"status":200}
    perfdiag_test.go:279: PERF_REQUEST {"history":20000,"clients":40,"client":24,"repetition":1,"latency_ms":1039.552255,"status":200}
    perfdiag_test.go:279: PERF_REQUEST {"history":20000,"clients":40,"client":25,"repetition":0,"latency_ms":411.477872,"status":200}
    perfdiag_test.go:279: PERF_REQUEST {"history":20000,"clients":40,"client":25,"repetition":1,"latency_ms":1034.938565,"status":200}
    perfdiag_test.go:279: PERF_REQUEST {"history":20000,"clients":40,"client":26,"repetition":0,"latency_ms":21.056753,"status":200}
    perfdiag_test.go:279: PERF_REQUEST {"history":20000,"clients":40,"client":26,"repetition":1,"latency_ms":21.340925,"status":200}
    perfdiag_test.go:279: PERF_REQUEST {"history":20000,"clients":40,"client":27,"repetition":0,"latency_ms":120.746841,"status":200}
    perfdiag_test.go:279: PERF_REQUEST {"history":20000,"clients":40,"client":27,"repetition":1,"latency_ms":985.995426,"status":200}
    perfdiag_test.go:279: PERF_REQUEST {"history":20000,"clients":40,"client":28,"repetition":0,"latency_ms":142.163217,"status":200}
    perfdiag_test.go:279: PERF_REQUEST {"history":20000,"clients":40,"client":28,"repetition":1,"latency_ms":990.306521,"status":200}
    perfdiag_test.go:279: PERF_REQUEST {"history":20000,"clients":40,"client":29,"repetition":0,"latency_ms":161.965898,"status":200}
    perfdiag_test.go:279: PERF_REQUEST {"history":20000,"clients":40,"client":29,"repetition":1,"latency_ms":1028.507128,"status":200}
    perfdiag_test.go:279: PERF_REQUEST {"history":20000,"clients":40,"client":30,"repetition":0,"latency_ms":186.036292,"status":200}
    perfdiag_test.go:279: PERF_REQUEST {"history":20000,"clients":40,"client":30,"repetition":1,"latency_ms":1019.593924,"status":200}
    perfdiag_test.go:279: PERF_REQUEST {"history":20000,"clients":40,"client":31,"repetition":0,"latency_ms":212.959357,"status":200}
    perfdiag_test.go:279: PERF_REQUEST {"history":20000,"clients":40,"client":31,"repetition":1,"latency_ms":1013.824804,"status":200}
    perfdiag_test.go:279: PERF_REQUEST {"history":20000,"clients":40,"client":32,"repetition":0,"latency_ms":235.979148,"status":200}
    perfdiag_test.go:279: PERF_REQUEST {"history":20000,"clients":40,"client":32,"repetition":1,"latency_ms":1008.884353,"status":200}
    perfdiag_test.go:279: PERF_REQUEST {"history":20000,"clients":40,"client":33,"repetition":0,"latency_ms":262.022509,"status":200}
    perfdiag_test.go:279: PERF_REQUEST {"history":20000,"clients":40,"client":33,"repetition":1,"latency_ms":1005.793909,"status":200}
    perfdiag_test.go:279: PERF_REQUEST {"history":20000,"clients":40,"client":34,"repetition":0,"latency_ms":282.513927,"status":200}
    perfdiag_test.go:279: PERF_REQUEST {"history":20000,"clients":40,"client":34,"repetition":1,"latency_ms":1008.881248,"status":200}
    perfdiag_test.go:279: PERF_REQUEST {"history":20000,"clients":40,"client":35,"repetition":0,"latency_ms":302.165636,"status":200}
    perfdiag_test.go:279: PERF_REQUEST {"history":20000,"clients":40,"client":35,"repetition":1,"latency_ms":1018.905157,"status":200}
    perfdiag_test.go:279: PERF_REQUEST {"history":20000,"clients":40,"client":36,"repetition":0,"latency_ms":321.446721,"status":200}
    perfdiag_test.go:279: PERF_REQUEST {"history":20000,"clients":40,"client":36,"repetition":1,"latency_ms":1028.787883,"status":200}
    perfdiag_test.go:279: PERF_REQUEST {"history":20000,"clients":40,"client":37,"repetition":0,"latency_ms":339.332811,"status":200}
    perfdiag_test.go:279: PERF_REQUEST {"history":20000,"clients":40,"client":37,"repetition":1,"latency_ms":1031.812034,"status":200}
    perfdiag_test.go:279: PERF_REQUEST {"history":20000,"clients":40,"client":38,"repetition":0,"latency_ms":361.306849,"status":200}
    perfdiag_test.go:279: PERF_REQUEST {"history":20000,"clients":40,"client":38,"repetition":1,"latency_ms":1039.846515,"status":200}
    perfdiag_test.go:279: PERF_REQUEST {"history":20000,"clients":40,"client":39,"repetition":0,"latency_ms":381.884047,"status":200}
    perfdiag_test.go:279: PERF_REQUEST {"history":20000,"clients":40,"client":39,"repetition":1,"latency_ms":1049.130943,"status":200}
    perfdiag_test.go:291: PERF_PERSIST {"clients":40,"history":20000,"persist_index":0,"save_ms":20.941248,"snapshot_bytes":3350598,"wchar_delta":3350598,"write_bytes_delta":3354624}
    perfdiag_test.go:291: PERF_PERSIST {"clients":40,"history":20000,"persist_index":1,"save_ms":21.24208,"snapshot_bytes":3353541,"wchar_delta":3353541,"write_bytes_delta":3354624}
    perfdiag_test.go:291: PERF_PERSIST {"clients":40,"history":20000,"persist_index":2,"save_ms":16.971541,"snapshot_bytes":3353541,"wchar_delta":3353541,"write_bytes_delta":3354624}
    perfdiag_test.go:291: PERF_PERSIST {"clients":40,"history":20000,"persist_index":3,"save_ms":23.80027,"snapshot_bytes":3353541,"wchar_delta":3353541,"write_bytes_delta":3354624}
    perfdiag_test.go:291: PERF_PERSIST {"clients":40,"history":20000,"persist_index":4,"save_ms":19.880987,"snapshot_bytes":3353596,"wchar_delta":3353596,"write_bytes_delta":3354624}
    perfdiag_test.go:291: PERF_PERSIST {"clients":40,"history":20000,"persist_index":5,"save_ms":17.609773,"snapshot_bytes":3353651,"wchar_delta":3353651,"write_bytes_delta":3354624}
    perfdiag_test.go:291: PERF_PERSIST {"clients":40,"history":20000,"persist_index":6,"save_ms":21.404523,"snapshot_bytes":3353706,"wchar_delta":3353706,"write_bytes_delta":3354624}
    perfdiag_test.go:291: PERF_PERSIST {"clients":40,"history":20000,"persist_index":7,"save_ms":19.776752,"snapshot_bytes":3353761,"wchar_delta":3353761,"write_bytes_delta":3354624}
    perfdiag_test.go:291: PERF_PERSIST {"clients":40,"history":20000,"persist_index":8,"save_ms":24.059144,"snapshot_bytes":3353816,"wchar_delta":3353816,"write_bytes_delta":3354624}
    perfdiag_test.go:291: PERF_PERSIST {"clients":40,"history":20000,"persist_index":9,"save_ms":26.883491,"snapshot_bytes":3353871,"wchar_delta":3353871,"write_bytes_delta":3354624}
    perfdiag_test.go:291: PERF_PERSIST {"clients":40,"history":20000,"persist_index":10,"save_ms":23.007419,"snapshot_bytes":3353926,"wchar_delta":3353926,"write_bytes_delta":3354624}
    perfdiag_test.go:291: PERF_PERSIST {"clients":40,"history":20000,"persist_index":11,"save_ms":25.896366,"snapshot_bytes":3353981,"wchar_delta":3353981,"write_bytes_delta":3354624}
    perfdiag_test.go:291: PERF_PERSIST {"clients":40,"history":20000,"persist_index":12,"save_ms":20.580875,"snapshot_bytes":3354036,"wchar_delta":3354036,"write_bytes_delta":3354624}
    perfdiag_test.go:291: PERF_PERSIST {"clients":40,"history":20000,"persist_index":13,"save_ms":19.63124,"snapshot_bytes":3354091,"wchar_delta":3354091,"write_bytes_delta":3354624}
    perfdiag_test.go:291: PERF_PERSIST {"clients":40,"history":20000,"persist_index":14,"save_ms":18.286698,"snapshot_bytes":3354146,"wchar_delta":3354146,"write_bytes_delta":3354624}
    perfdiag_test.go:291: PERF_PERSIST {"clients":40,"history":20000,"persist_index":15,"save_ms":18.263224,"snapshot_bytes":3354201,"wchar_delta":3354201,"write_bytes_delta":3354624}
    perfdiag_test.go:291: PERF_PERSIST {"clients":40,"history":20000,"persist_index":16,"save_ms":21.966443,"snapshot_bytes":3354256,"wchar_delta":3354256,"write_bytes_delta":3354624}
    perfdiag_test.go:291: PERF_PERSIST {"clients":40,"history":20000,"persist_index":17,"save_ms":20.569363,"snapshot_bytes":3354311,"wchar_delta":3354311,"write_bytes_delta":3354624}
    perfdiag_test.go:291: PERF_PERSIST {"clients":40,"history":20000,"persist_index":18,"save_ms":29.588675,"snapshot_bytes":3354366,"wchar_delta":3354366,"write_bytes_delta":3354624}
    perfdiag_test.go:291: PERF_PERSIST {"clients":40,"history":20000,"persist_index":19,"save_ms":29.756278,"snapshot_bytes":3354421,"wchar_delta":3354421,"write_bytes_delta":3354624}
    perfdiag_test.go:291: PERF_PERSIST {"clients":40,"history":20000,"persist_index":20,"save_ms":20.628263,"snapshot_bytes":3354476,"wchar_delta":3354476,"write_bytes_delta":3354624}
    perfdiag_test.go:291: PERF_PERSIST {"clients":40,"history":20000,"persist_index":21,"save_ms":30.304002,"snapshot_bytes":3354531,"wchar_delta":3354531,"write_bytes_delta":3354624}
    perfdiag_test.go:291: PERF_PERSIST {"clients":40,"history":20000,"persist_index":22,"save_ms":28.841359,"snapshot_bytes":3354586,"wchar_delta":3354586,"write_bytes_delta":3354624}
    perfdiag_test.go:291: PERF_PERSIST {"clients":40,"history":20000,"persist_index":23,"save_ms":20.43383,"snapshot_bytes":3354641,"wchar_delta":3354641,"write_bytes_delta":3358720}
    perfdiag_test.go:291: PERF_PERSIST {"clients":40,"history":20000,"persist_index":24,"save_ms":29.956813,"snapshot_bytes":3354696,"wchar_delta":3354696,"write_bytes_delta":3358720}
    perfdiag_test.go:291: PERF_PERSIST {"clients":40,"history":20000,"persist_index":25,"save_ms":29.491614,"snapshot_bytes":3354751,"wchar_delta":3354751,"write_bytes_delta":3358720}
    perfdiag_test.go:291: PERF_PERSIST {"clients":40,"history":20000,"persist_index":26,"save_ms":21.623813,"snapshot_bytes":3354806,"wchar_delta":3354806,"write_bytes_delta":3358720}
    perfdiag_test.go:291: PERF_PERSIST {"clients":40,"history":20000,"persist_index":27,"save_ms":28.642758,"snapshot_bytes":3354861,"wchar_delta":3354861,"write_bytes_delta":3358720}
    perfdiag_test.go:291: PERF_PERSIST {"clients":40,"history":20000,"persist_index":28,"save_ms":29.651543,"snapshot_bytes":3354916,"wchar_delta":3354916,"write_bytes_delta":3358720}
    perfdiag_test.go:291: PERF_PERSIST {"clients":40,"history":20000,"persist_index":29,"save_ms":20.612985,"snapshot_bytes":3354971,"wchar_delta":3354971,"write_bytes_delta":3358720}
    perfdiag_test.go:291: PERF_PERSIST {"clients":40,"history":20000,"persist_index":30,"save_ms":29.574329,"snapshot_bytes":3355026,"wchar_delta":3355026,"write_bytes_delta":3358720}
    perfdiag_test.go:291: PERF_PERSIST {"clients":40,"history":20000,"persist_index":31,"save_ms":29.741591,"snapshot_bytes":3355081,"wchar_delta":3355081,"write_bytes_delta":3358720}
    perfdiag_test.go:291: PERF_PERSIST {"clients":40,"history":20000,"persist_index":32,"save_ms":20.581977,"snapshot_bytes":3355136,"wchar_delta":3355136,"write_bytes_delta":3358720}
    perfdiag_test.go:291: PERF_PERSIST {"clients":40,"history":20000,"persist_index":33,"save_ms":29.581612,"snapshot_bytes":3355191,"wchar_delta":3355191,"write_bytes_delta":3358720}
    perfdiag_test.go:291: PERF_PERSIST {"clients":40,"history":20000,"persist_index":34,"save_ms":29.785473,"snapshot_bytes":3355246,"wchar_delta":3355246,"write_bytes_delta":3358720}
    perfdiag_test.go:291: PERF_PERSIST {"clients":40,"history":20000,"persist_index":35,"save_ms":20.291534,"snapshot_bytes":3355301,"wchar_delta":3355301,"write_bytes_delta":3358720}
    perfdiag_test.go:291: PERF_PERSIST {"clients":40,"history":20000,"persist_index":36,"save_ms":30.328317,"snapshot_bytes":3355356,"wchar_delta":3355356,"write_bytes_delta":3358720}
    perfdiag_test.go:291: PERF_PERSIST {"clients":40,"history":20000,"persist_index":37,"save_ms":29.076328,"snapshot_bytes":3355411,"wchar_delta":3355411,"write_bytes_delta":3358720}
    perfdiag_test.go:291: PERF_PERSIST {"clients":40,"history":20000,"persist_index":38,"save_ms":21.093152,"snapshot_bytes":3355466,"wchar_delta":3355466,"write_bytes_delta":3358720}
    perfdiag_test.go:291: PERF_PERSIST {"clients":40,"history":20000,"persist_index":39,"save_ms":29.154424,"snapshot_bytes":3355521,"wchar_delta":3355521,"write_bytes_delta":3358720}
    perfdiag_test.go:291: PERF_PERSIST {"clients":40,"history":20000,"persist_index":40,"save_ms":29.653206,"snapshot_bytes":3355576,"wchar_delta":3355576,"write_bytes_delta":3358720}
    perfdiag_test.go:291: PERF_PERSIST {"clients":40,"history":20000,"persist_index":41,"save_ms":29.782277,"snapshot_bytes":3355631,"wchar_delta":3355631,"write_bytes_delta":3358720}
    perfdiag_test.go:291: PERF_PERSIST {"clients":40,"history":20000,"persist_index":42,"save_ms":20.343982,"snapshot_bytes":3355686,"wchar_delta":3355686,"write_bytes_delta":3358720}
    perfdiag_test.go:291: PERF_PERSIST {"clients":40,"history":20000,"persist_index":43,"save_ms":29.849091,"snapshot_bytes":3355686,"wchar_delta":3355686,"write_bytes_delta":3358720}
    perfdiag_test.go:291: PERF_PERSIST {"clients":40,"history":20000,"persist_index":44,"save_ms":29.625304,"snapshot_bytes":3355686,"wchar_delta":3355686,"write_bytes_delta":3358720}
    perfdiag_test.go:291: PERF_PERSIST {"clients":40,"history":20000,"persist_index":45,"save_ms":21.847912,"snapshot_bytes":3355686,"wchar_delta":3355694,"write_bytes_delta":3358720}
    perfdiag_test.go:291: PERF_PERSIST {"clients":40,"history":20000,"persist_index":46,"save_ms":57.819443,"snapshot_bytes":3355686,"wchar_delta":3355686,"write_bytes_delta":3358720}
    perfdiag_test.go:291: PERF_PERSIST {"clients":40,"history":20000,"persist_index":47,"save_ms":17.453992,"snapshot_bytes":3355686,"wchar_delta":3355686,"write_bytes_delta":3358720}
    perfdiag_test.go:291: PERF_PERSIST {"clients":40,"history":20000,"persist_index":48,"save_ms":18.885617,"snapshot_bytes":3355686,"wchar_delta":3355686,"write_bytes_delta":3358720}
    perfdiag_test.go:291: PERF_PERSIST {"clients":40,"history":20000,"persist_index":49,"save_ms":18.377438,"snapshot_bytes":3355686,"wchar_delta":3355686,"write_bytes_delta":3358720}
    perfdiag_test.go:291: PERF_PERSIST {"clients":40,"history":20000,"persist_index":50,"save_ms":25.432571,"snapshot_bytes":3355686,"wchar_delta":3355686,"write_bytes_delta":3358720}
    perfdiag_test.go:291: PERF_PERSIST {"clients":40,"history":20000,"persist_index":51,"save_ms":20.685119,"snapshot_bytes":3355686,"wchar_delta":3355686,"write_bytes_delta":3358720}
    perfdiag_test.go:291: PERF_PERSIST {"clients":40,"history":20000,"persist_index":52,"save_ms":29.715092,"snapshot_bytes":3355686,"wchar_delta":3355686,"write_bytes_delta":3358720}
    perfdiag_test.go:291: PERF_PERSIST {"clients":40,"history":20000,"persist_index":53,"save_ms":29.525357,"snapshot_bytes":3355686,"wchar_delta":3355686,"write_bytes_delta":3358720}
    perfdiag_test.go:291: PERF_PERSIST {"clients":40,"history":20000,"persist_index":54,"save_ms":20.438288,"snapshot_bytes":3355686,"wchar_delta":3355686,"write_bytes_delta":3358720}
    perfdiag_test.go:291: PERF_PERSIST {"clients":40,"history":20000,"persist_index":55,"save_ms":29.954339,"snapshot_bytes":3355686,"wchar_delta":3355686,"write_bytes_delta":3358720}
    perfdiag_test.go:291: PERF_PERSIST {"clients":40,"history":20000,"persist_index":56,"save_ms":29.84287,"snapshot_bytes":3355686,"wchar_delta":3355686,"write_bytes_delta":3358720}
    perfdiag_test.go:291: PERF_PERSIST {"clients":40,"history":20000,"persist_index":57,"save_ms":20.126466,"snapshot_bytes":3355686,"wchar_delta":3355686,"write_bytes_delta":3358720}
    perfdiag_test.go:291: PERF_PERSIST {"clients":40,"history":20000,"persist_index":58,"save_ms":29.661741,"snapshot_bytes":3355686,"wchar_delta":3355686,"write_bytes_delta":3358720}
    perfdiag_test.go:291: PERF_PERSIST {"clients":40,"history":20000,"persist_index":59,"save_ms":30.050749,"snapshot_bytes":3355686,"wchar_delta":3355686,"write_bytes_delta":3358720}
    perfdiag_test.go:291: PERF_PERSIST {"clients":40,"history":20000,"persist_index":60,"save_ms":20.117599,"snapshot_bytes":3355686,"wchar_delta":3355686,"write_bytes_delta":3358720}
    perfdiag_test.go:291: PERF_PERSIST {"clients":40,"history":20000,"persist_index":61,"save_ms":29.793558,"snapshot_bytes":3355686,"wchar_delta":3355686,"write_bytes_delta":3358720}
    perfdiag_test.go:291: PERF_PERSIST {"clients":40,"history":20000,"persist_index":62,"save_ms":29.67679,"snapshot_bytes":3355686,"wchar_delta":3355686,"write_bytes_delta":3358720}
    perfdiag_test.go:291: PERF_PERSIST {"clients":40,"history":20000,"persist_index":63,"save_ms":20.755121,"snapshot_bytes":3355686,"wchar_delta":3355686,"write_bytes_delta":3358720}
    perfdiag_test.go:291: PERF_PERSIST {"clients":40,"history":20000,"persist_index":64,"save_ms":30.127091,"snapshot_bytes":3355686,"wchar_delta":3355686,"write_bytes_delta":3358720}
    perfdiag_test.go:291: PERF_PERSIST {"clients":40,"history":20000,"persist_index":65,"save_ms":28.980921,"snapshot_bytes":3355686,"wchar_delta":3355686,"write_bytes_delta":3358720}
    perfdiag_test.go:291: PERF_PERSIST {"clients":40,"history":20000,"persist_index":66,"save_ms":20.770589,"snapshot_bytes":3355686,"wchar_delta":3355686,"write_bytes_delta":3358720}
    perfdiag_test.go:291: PERF_PERSIST {"clients":40,"history":20000,"persist_index":67,"save_ms":29.507394,"snapshot_bytes":3355686,"wchar_delta":3355686,"write_bytes_delta":3358720}
    perfdiag_test.go:291: PERF_PERSIST {"clients":40,"history":20000,"persist_index":68,"save_ms":29.695715,"snapshot_bytes":3355686,"wchar_delta":3355686,"write_bytes_delta":3358720}
    perfdiag_test.go:291: PERF_PERSIST {"clients":40,"history":20000,"persist_index":69,"save_ms":20.845349,"snapshot_bytes":3355686,"wchar_delta":3355686,"write_bytes_delta":3358720}
    perfdiag_test.go:291: PERF_PERSIST {"clients":40,"history":20000,"persist_index":70,"save_ms":29.484611,"snapshot_bytes":3355686,"wchar_delta":3355686,"write_bytes_delta":3358720}
    perfdiag_test.go:291: PERF_PERSIST {"clients":40,"history":20000,"persist_index":71,"save_ms":29.530467,"snapshot_bytes":3355686,"wchar_delta":3355686,"write_bytes_delta":3358720}
    perfdiag_test.go:291: PERF_PERSIST {"clients":40,"history":20000,"persist_index":72,"save_ms":20.555157,"snapshot_bytes":3355686,"wchar_delta":3355686,"write_bytes_delta":3358720}
    perfdiag_test.go:291: PERF_PERSIST {"clients":40,"history":20000,"persist_index":73,"save_ms":29.719209,"snapshot_bytes":3355686,"wchar_delta":3355686,"write_bytes_delta":3358720}
    perfdiag_test.go:291: PERF_PERSIST {"clients":40,"history":20000,"persist_index":74,"save_ms":30.031563,"snapshot_bytes":3355686,"wchar_delta":3355686,"write_bytes_delta":3358720}
    perfdiag_test.go:291: PERF_PERSIST {"clients":40,"history":20000,"persist_index":75,"save_ms":23.511169,"snapshot_bytes":3355686,"wchar_delta":3355686,"write_bytes_delta":3358720}
    perfdiag_test.go:291: PERF_PERSIST {"clients":40,"history":20000,"persist_index":76,"save_ms":26.368398,"snapshot_bytes":3355686,"wchar_delta":3355686,"write_bytes_delta":3358720}
    perfdiag_test.go:291: PERF_PERSIST {"clients":40,"history":20000,"persist_index":77,"save_ms":29.665819,"snapshot_bytes":3355686,"wchar_delta":3355686,"write_bytes_delta":3358720}
    perfdiag_test.go:291: PERF_PERSIST {"clients":40,"history":20000,"persist_index":78,"save_ms":20.352017,"snapshot_bytes":3355686,"wchar_delta":3355686,"write_bytes_delta":3358720}
    perfdiag_test.go:291: PERF_PERSIST {"clients":40,"history":20000,"persist_index":79,"save_ms":29.767209,"snapshot_bytes":3355686,"wchar_delta":3355686,"write_bytes_delta":3358720}
    perfdiag_test.go:291: PERF_IO_SUMMARY {"bytes_per_persist":3355032.525,"clients":40,"elapsed_seconds":2.041694541,"emitted_to_net_file_growth_ratio":51221.87061068702,"final_file_bytes":3355686,"history":20000,"initial_file_bytes":3350446,"net_file_growth_bytes":5240,"persist_calls":80,"persist_per_request":1,"persist_per_second":39.18313851239317,"proc_io_available":true,"ratio_denominator":"net snapshot file growth, not logical mutation bytes","snapshot_emitted_bytes":268402602,"wchar_delta":268402610,"write_bytes_delta":268603392,"write_bytes_per_second":131559048.920433}
    perfdiag_test.go:292: PERF_SUMMARY {"audit_count":20080,"clients":40,"elapsed_seconds":2.041694541,"failures":0,"goroutines_after":3,"goroutines_before":43,"goroutines_delta":-40,"heap_after_bytes":11339560,"heap_before_bytes":8030256,"heap_delta_bytes":3309304,"history":20000,"max_ms":1049.175046,"numgc_delta":56,"p50_ms":965.95953,"p95_ms":1048.699247,"p99_ms":1049.175046,"pause_delta_ns":1759701,"polls":2,"rate_requests_per_second":39.18313851239317,"requests":80,"snapshot_bytes":3355686,"successes":80,"totalalloc_delta_bytes":412692056}
--- PASS: TestPerfHTTPActiveHistoryMatrix (5.10s)
    --- PASS: TestPerfHTTPActiveHistoryMatrix/history_1000/clients_20 (0.06s)
    --- PASS: TestPerfHTTPActiveHistoryMatrix/history_1000/clients_40 (0.18s)
    --- PASS: TestPerfHTTPActiveHistoryMatrix/history_10000/clients_20 (0.55s)
    --- PASS: TestPerfHTTPActiveHistoryMatrix/history_10000/clients_40 (1.13s)
    --- PASS: TestPerfHTTPActiveHistoryMatrix/history_20000/clients_20 (1.05s)
    --- PASS: TestPerfHTTPActiveHistoryMatrix/history_20000/clients_40 (2.14s)
=== RUN   TestPerfHTTPActiveHistoryMatrix
=== RUN   TestPerfHTTPActiveHistoryMatrix/history_1000/clients_20
    perfdiag_test.go:279: PERF_REQUEST {"history":1000,"clients":20,"client":0,"repetition":0,"latency_ms":20.299168,"status":200}
    perfdiag_test.go:279: PERF_REQUEST {"history":1000,"clients":20,"client":0,"repetition":1,"latency_ms":26.313706,"status":200}
    perfdiag_test.go:279: PERF_REQUEST {"history":1000,"clients":20,"client":1,"repetition":0,"latency_ms":17.80052,"status":200}
    perfdiag_test.go:279: PERF_REQUEST {"history":1000,"clients":20,"client":1,"repetition":1,"latency_ms":26.365753,"status":200}
    perfdiag_test.go:279: PERF_REQUEST {"history":1000,"clients":20,"client":2,"repetition":0,"latency_ms":19.066424,"status":200}
    perfdiag_test.go:279: PERF_REQUEST {"history":1000,"clients":20,"client":2,"repetition":1,"latency_ms":26.326731,"status":200}
    perfdiag_test.go:279: PERF_REQUEST {"history":1000,"clients":20,"client":3,"repetition":0,"latency_ms":11.794618,"status":200}
    perfdiag_test.go:279: PERF_REQUEST {"history":1000,"clients":20,"client":3,"repetition":1,"latency_ms":26.503992,"status":200}
    perfdiag_test.go:279: PERF_REQUEST {"history":1000,"clients":20,"client":4,"repetition":0,"latency_ms":15.800483,"status":200}
    perfdiag_test.go:279: PERF_REQUEST {"history":1000,"clients":20,"client":4,"repetition":1,"latency_ms":26.499313,"status":200}
    perfdiag_test.go:279: PERF_REQUEST {"history":1000,"clients":20,"client":5,"repetition":0,"latency_ms":1.311601,"status":200}
    perfdiag_test.go:279: PERF_REQUEST {"history":1000,"clients":20,"client":5,"repetition":1,"latency_ms":1.435562,"status":200}
    perfdiag_test.go:279: PERF_REQUEST {"history":1000,"clients":20,"client":6,"repetition":0,"latency_ms":13.144601,"status":200}
    perfdiag_test.go:279: PERF_REQUEST {"history":1000,"clients":20,"client":6,"repetition":1,"latency_ms":26.405978,"status":200}
    perfdiag_test.go:279: PERF_REQUEST {"history":1000,"clients":20,"client":7,"repetition":0,"latency_ms":26.363008,"status":200}
    perfdiag_test.go:279: PERF_REQUEST {"history":1000,"clients":20,"client":7,"repetition":1,"latency_ms":25.992776,"status":200}
    perfdiag_test.go:279: PERF_REQUEST {"history":1000,"clients":20,"client":8,"repetition":0,"latency_ms":21.915619,"status":200}
    perfdiag_test.go:279: PERF_REQUEST {"history":1000,"clients":20,"client":8,"repetition":1,"latency_ms":26.207237,"status":200}
    perfdiag_test.go:279: PERF_REQUEST {"history":1000,"clients":20,"client":9,"repetition":0,"latency_ms":4.067249,"status":200}
    perfdiag_test.go:279: PERF_REQUEST {"history":1000,"clients":20,"client":9,"repetition":1,"latency_ms":26.040155,"status":200}
    perfdiag_test.go:279: PERF_REQUEST {"history":1000,"clients":20,"client":10,"repetition":0,"latency_ms":23.371398,"status":200}
    perfdiag_test.go:279: PERF_REQUEST {"history":1000,"clients":20,"client":10,"repetition":1,"latency_ms":25.940759,"status":200}
    perfdiag_test.go:279: PERF_REQUEST {"history":1000,"clients":20,"client":11,"repetition":0,"latency_ms":24.709448,"status":200}
    perfdiag_test.go:279: PERF_REQUEST {"history":1000,"clients":20,"client":11,"repetition":1,"latency_ms":25.928898,"status":200}
    perfdiag_test.go:279: PERF_REQUEST {"history":1000,"clients":20,"client":12,"repetition":0,"latency_ms":14.480807,"status":200}
    perfdiag_test.go:279: PERF_REQUEST {"history":1000,"clients":20,"client":12,"repetition":1,"latency_ms":26.817708,"status":200}
    perfdiag_test.go:279: PERF_REQUEST {"history":1000,"clients":20,"client":13,"repetition":0,"latency_ms":27.60052,"status":200}
    perfdiag_test.go:279: PERF_REQUEST {"history":1000,"clients":20,"client":13,"repetition":1,"latency_ms":25.912136,"status":200}
    perfdiag_test.go:279: PERF_REQUEST {"history":1000,"clients":20,"client":14,"repetition":0,"latency_ms":28.901421,"status":200}
    perfdiag_test.go:279: PERF_REQUEST {"history":1000,"clients":20,"client":14,"repetition":1,"latency_ms":25.927365,"status":200}
    perfdiag_test.go:279: PERF_REQUEST {"history":1000,"clients":20,"client":15,"repetition":0,"latency_ms":5.245731,"status":200}
    perfdiag_test.go:279: PERF_REQUEST {"history":1000,"clients":20,"client":15,"repetition":1,"latency_ms":26.034966,"status":200}
    perfdiag_test.go:279: PERF_REQUEST {"history":1000,"clients":20,"client":16,"repetition":0,"latency_ms":6.483244,"status":200}
    perfdiag_test.go:279: PERF_REQUEST {"history":1000,"clients":20,"client":16,"repetition":1,"latency_ms":26.811215,"status":200}
    perfdiag_test.go:279: PERF_REQUEST {"history":1000,"clients":20,"client":17,"repetition":0,"latency_ms":7.749509,"status":200}
    perfdiag_test.go:279: PERF_REQUEST {"history":1000,"clients":20,"client":17,"repetition":1,"latency_ms":26.755362,"status":200}
    perfdiag_test.go:279: PERF_REQUEST {"history":1000,"clients":20,"client":18,"repetition":0,"latency_ms":9.09839,"status":200}
    perfdiag_test.go:279: PERF_REQUEST {"history":1000,"clients":20,"client":18,"repetition":1,"latency_ms":26.661135,"status":200}
    perfdiag_test.go:279: PERF_REQUEST {"history":1000,"clients":20,"client":19,"repetition":0,"latency_ms":10.425049,"status":200}
    perfdiag_test.go:279: PERF_REQUEST {"history":1000,"clients":20,"client":19,"repetition":1,"latency_ms":26.619688,"status":200}
    perfdiag_test.go:291: PERF_PERSIST {"clients":20,"history":1000,"persist_index":0,"save_ms":1.227794,"snapshot_bytes":230157,"wchar_delta":230157,"write_bytes_delta":233472}
    perfdiag_test.go:291: PERF_PERSIST {"clients":20,"history":1000,"persist_index":1,"save_ms":1.366614,"snapshot_bytes":231580,"wchar_delta":231580,"write_bytes_delta":233472}
    perfdiag_test.go:291: PERF_PERSIST {"clients":20,"history":1000,"persist_index":2,"save_ms":1.289971,"snapshot_bytes":231580,"wchar_delta":231580,"write_bytes_delta":233472}
    perfdiag_test.go:291: PERF_PERSIST {"clients":20,"history":1000,"persist_index":3,"save_ms":1.233485,"snapshot_bytes":231580,"wchar_delta":231580,"write_bytes_delta":233472}
    perfdiag_test.go:291: PERF_PERSIST {"clients":20,"history":1000,"persist_index":4,"save_ms":1.23095,"snapshot_bytes":231635,"wchar_delta":231635,"write_bytes_delta":233472}
    perfdiag_test.go:291: PERF_PERSIST {"clients":20,"history":1000,"persist_index":5,"save_ms":1.262068,"snapshot_bytes":231690,"wchar_delta":231690,"write_bytes_delta":233472}
    perfdiag_test.go:291: PERF_PERSIST {"clients":20,"history":1000,"persist_index":6,"save_ms":1.326438,"snapshot_bytes":231745,"wchar_delta":231745,"write_bytes_delta":233472}
    perfdiag_test.go:291: PERF_PERSIST {"clients":20,"history":1000,"persist_index":7,"save_ms":1.315909,"snapshot_bytes":231800,"wchar_delta":231800,"write_bytes_delta":233472}
    perfdiag_test.go:291: PERF_PERSIST {"clients":20,"history":1000,"persist_index":8,"save_ms":1.350263,"snapshot_bytes":231855,"wchar_delta":231855,"write_bytes_delta":233472}
    perfdiag_test.go:291: PERF_PERSIST {"clients":20,"history":1000,"persist_index":9,"save_ms":1.335035,"snapshot_bytes":231910,"wchar_delta":231910,"write_bytes_delta":233472}
    perfdiag_test.go:291: PERF_PERSIST {"clients":20,"history":1000,"persist_index":10,"save_ms":1.323422,"snapshot_bytes":231965,"wchar_delta":231965,"write_bytes_delta":233472}
    perfdiag_test.go:291: PERF_PERSIST {"clients":20,"history":1000,"persist_index":11,"save_ms":1.309476,"snapshot_bytes":232020,"wchar_delta":232020,"write_bytes_delta":233472}
    perfdiag_test.go:291: PERF_PERSIST {"clients":20,"history":1000,"persist_index":12,"save_ms":1.980981,"snapshot_bytes":232075,"wchar_delta":232075,"write_bytes_delta":233472}
    perfdiag_test.go:291: PERF_PERSIST {"clients":20,"history":1000,"persist_index":13,"save_ms":1.260956,"snapshot_bytes":232130,"wchar_delta":232130,"write_bytes_delta":233472}
    perfdiag_test.go:291: PERF_PERSIST {"clients":20,"history":1000,"persist_index":14,"save_ms":1.225139,"snapshot_bytes":232185,"wchar_delta":232185,"write_bytes_delta":233472}
    perfdiag_test.go:291: PERF_PERSIST {"clients":20,"history":1000,"persist_index":15,"save_ms":1.286454,"snapshot_bytes":232240,"wchar_delta":232240,"write_bytes_delta":233472}
    perfdiag_test.go:291: PERF_PERSIST {"clients":20,"history":1000,"persist_index":16,"save_ms":1.470127,"snapshot_bytes":232295,"wchar_delta":232295,"write_bytes_delta":233472}
    perfdiag_test.go:291: PERF_PERSIST {"clients":20,"history":1000,"persist_index":17,"save_ms":1.237342,"snapshot_bytes":232350,"wchar_delta":232350,"write_bytes_delta":233472}
    perfdiag_test.go:291: PERF_PERSIST {"clients":20,"history":1000,"persist_index":18,"save_ms":1.716678,"snapshot_bytes":232405,"wchar_delta":232405,"write_bytes_delta":233472}
    perfdiag_test.go:291: PERF_PERSIST {"clients":20,"history":1000,"persist_index":19,"save_ms":1.226562,"snapshot_bytes":232460,"wchar_delta":232460,"write_bytes_delta":233472}
    perfdiag_test.go:291: PERF_PERSIST {"clients":20,"history":1000,"persist_index":20,"save_ms":1.283628,"snapshot_bytes":232515,"wchar_delta":232515,"write_bytes_delta":233472}
    perfdiag_test.go:291: PERF_PERSIST {"clients":20,"history":1000,"persist_index":21,"save_ms":1.238795,"snapshot_bytes":232570,"wchar_delta":232570,"write_bytes_delta":233472}
    perfdiag_test.go:291: PERF_PERSIST {"clients":20,"history":1000,"persist_index":22,"save_ms":1.218006,"snapshot_bytes":232625,"wchar_delta":232625,"write_bytes_delta":233472}
    perfdiag_test.go:291: PERF_PERSIST {"clients":20,"history":1000,"persist_index":23,"save_ms":1.936057,"snapshot_bytes":232625,"wchar_delta":232625,"write_bytes_delta":233472}
    perfdiag_test.go:291: PERF_PERSIST {"clients":20,"history":1000,"persist_index":24,"save_ms":1.238184,"snapshot_bytes":232625,"wchar_delta":232625,"write_bytes_delta":233472}
    perfdiag_test.go:291: PERF_PERSIST {"clients":20,"history":1000,"persist_index":25,"save_ms":1.249034,"snapshot_bytes":232625,"wchar_delta":232625,"write_bytes_delta":233472}
    perfdiag_test.go:291: PERF_PERSIST {"clients":20,"history":1000,"persist_index":26,"save_ms":1.286644,"snapshot_bytes":232625,"wchar_delta":232625,"write_bytes_delta":233472}
    perfdiag_test.go:291: PERF_PERSIST {"clients":20,"history":1000,"persist_index":27,"save_ms":1.235939,"snapshot_bytes":232625,"wchar_delta":232625,"write_bytes_delta":233472}
    perfdiag_test.go:291: PERF_PERSIST {"clients":20,"history":1000,"persist_index":28,"save_ms":1.225619,"snapshot_bytes":232625,"wchar_delta":232625,"write_bytes_delta":233472}
    perfdiag_test.go:291: PERF_PERSIST {"clients":20,"history":1000,"persist_index":29,"save_ms":1.581505,"snapshot_bytes":232625,"wchar_delta":232625,"write_bytes_delta":233472}
    perfdiag_test.go:291: PERF_PERSIST {"clients":20,"history":1000,"persist_index":30,"save_ms":1.276715,"snapshot_bytes":232625,"wchar_delta":232625,"write_bytes_delta":233472}
    perfdiag_test.go:291: PERF_PERSIST {"clients":20,"history":1000,"persist_index":31,"save_ms":1.226361,"snapshot_bytes":232625,"wchar_delta":232625,"write_bytes_delta":233472}
    perfdiag_test.go:291: PERF_PERSIST {"clients":20,"history":1000,"persist_index":32,"save_ms":1.214379,"snapshot_bytes":232625,"wchar_delta":232625,"write_bytes_delta":233472}
    perfdiag_test.go:291: PERF_PERSIST {"clients":20,"history":1000,"persist_index":33,"save_ms":1.227794,"snapshot_bytes":232625,"wchar_delta":232625,"write_bytes_delta":233472}
    perfdiag_test.go:291: PERF_PERSIST {"clients":20,"history":1000,"persist_index":34,"save_ms":1.228605,"snapshot_bytes":232625,"wchar_delta":232625,"write_bytes_delta":233472}
    perfdiag_test.go:291: PERF_PERSIST {"clients":20,"history":1000,"persist_index":35,"save_ms":1.208077,"snapshot_bytes":232625,"wchar_delta":232625,"write_bytes_delta":233472}
    perfdiag_test.go:291: PERF_PERSIST {"clients":20,"history":1000,"persist_index":36,"save_ms":1.705116,"snapshot_bytes":232625,"wchar_delta":232625,"write_bytes_delta":233472}
    perfdiag_test.go:291: PERF_PERSIST {"clients":20,"history":1000,"persist_index":37,"save_ms":1.234887,"snapshot_bytes":232625,"wchar_delta":232625,"write_bytes_delta":233472}
    perfdiag_test.go:291: PERF_PERSIST {"clients":20,"history":1000,"persist_index":38,"save_ms":1.224148,"snapshot_bytes":232625,"wchar_delta":232625,"write_bytes_delta":233472}
    perfdiag_test.go:291: PERF_PERSIST {"clients":20,"history":1000,"persist_index":39,"save_ms":1.229537,"snapshot_bytes":232625,"wchar_delta":232625,"write_bytes_delta":233472}
    perfdiag_test.go:291: PERF_IO_SUMMARY {"bytes_per_persist":232249.8,"clients":20,"elapsed_seconds":0.055032336,"emitted_to_net_file_growth_ratio":3545.798473282443,"final_file_bytes":232625,"history":1000,"initial_file_bytes":230005,"net_file_growth_bytes":2620,"persist_calls":40,"persist_per_request":1,"persist_per_second":726.8453950419258,"proc_io_available":true,"ratio_denominator":"net snapshot file growth, not logical mutation bytes","snapshot_emitted_bytes":9289992,"wchar_delta":9289992,"write_bytes_delta":9338880,"write_bytes_per_second":169698048.07122853}
    perfdiag_test.go:292: PERF_SUMMARY {"audit_count":1040,"clients":20,"elapsed_seconds":0.055032336,"failures":0,"goroutines_after":3,"goroutines_before":23,"goroutines_delta":-20,"heap_after_bytes":2439064,"heap_before_bytes":22278544,"heap_delta_bytes":-19839480,"history":1000,"max_ms":28.901421,"numgc_delta":5,"p50_ms":25.927365,"p95_ms":26.817708,"p99_ms":28.901421,"pause_delta_ns":335740,"polls":2,"rate_requests_per_second":726.8453950419258,"requests":40,"snapshot_bytes":232625,"successes":40,"totalalloc_delta_bytes":15997984}
=== RUN   TestPerfHTTPActiveHistoryMatrix/history_1000/clients_40
    perfdiag_test.go:279: PERF_REQUEST {"history":1000,"clients":40,"client":0,"repetition":0,"latency_ms":39.606083,"status":200}
    perfdiag_test.go:279: PERF_REQUEST {"history":1000,"clients":40,"client":0,"repetition":1,"latency_ms":86.205011,"status":200}
    perfdiag_test.go:279: PERF_REQUEST {"history":1000,"clients":40,"client":1,"repetition":0,"latency_ms":38.038704,"status":200}
    perfdiag_test.go:279: PERF_REQUEST {"history":1000,"clients":40,"client":1,"repetition":1,"latency_ms":86.197036,"status":200}
    perfdiag_test.go:279: PERF_REQUEST {"history":1000,"clients":40,"client":2,"repetition":0,"latency_ms":36.186213,"status":200}
    perfdiag_test.go:279: PERF_REQUEST {"history":1000,"clients":40,"client":2,"repetition":1,"latency_ms":86.187448,"status":200}
    perfdiag_test.go:279: PERF_REQUEST {"history":1000,"clients":40,"client":3,"repetition":0,"latency_ms":2.356463,"status":200}
    perfdiag_test.go:279: PERF_REQUEST {"history":1000,"clients":40,"client":3,"repetition":1,"latency_ms":1.82014,"status":200}
    perfdiag_test.go:279: PERF_REQUEST {"history":1000,"clients":40,"client":4,"repetition":0,"latency_ms":32.732059,"status":200}
    perfdiag_test.go:279: PERF_REQUEST {"history":1000,"clients":40,"client":4,"repetition":1,"latency_ms":80.491275,"status":200}
    perfdiag_test.go:279: PERF_REQUEST {"history":1000,"clients":40,"client":5,"repetition":0,"latency_ms":31.187643,"status":200}
    perfdiag_test.go:279: PERF_REQUEST {"history":1000,"clients":40,"client":5,"repetition":1,"latency_ms":79.907684,"status":200}
    perfdiag_test.go:279: PERF_REQUEST {"history":1000,"clients":40,"client":6,"repetition":0,"latency_ms":29.621617,"status":200}
    perfdiag_test.go:279: PERF_REQUEST {"history":1000,"clients":40,"client":6,"repetition":1,"latency_ms":79.913786,"status":200}
    perfdiag_test.go:279: PERF_REQUEST {"history":1000,"clients":40,"client":7,"repetition":0,"latency_ms":34.530118,"status":200}
    perfdiag_test.go:279: PERF_REQUEST {"history":1000,"clients":40,"client":7,"repetition":1,"latency_ms":80.218465,"status":200}
    perfdiag_test.go:279: PERF_REQUEST {"history":1000,"clients":40,"client":8,"repetition":0,"latency_ms":26.060644,"status":200}
    perfdiag_test.go:279: PERF_REQUEST {"history":1000,"clients":40,"client":8,"repetition":1,"latency_ms":79.696941,"status":200}
    perfdiag_test.go:279: PERF_REQUEST {"history":1000,"clients":40,"client":9,"repetition":0,"latency_ms":22.259631,"status":200}
    perfdiag_test.go:279: PERF_REQUEST {"history":1000,"clients":40,"client":9,"repetition":1,"latency_ms":80.258851,"status":200}
    perfdiag_test.go:279: PERF_REQUEST {"history":1000,"clients":40,"client":10,"repetition":0,"latency_ms":20.682755,"status":200}
    perfdiag_test.go:279: PERF_REQUEST {"history":1000,"clients":40,"client":10,"repetition":1,"latency_ms":74.201292,"status":200}
    perfdiag_test.go:279: PERF_REQUEST {"history":1000,"clients":40,"client":11,"repetition":0,"latency_ms":27.598005,"status":200}
    perfdiag_test.go:279: PERF_REQUEST {"history":1000,"clients":40,"client":11,"repetition":1,"latency_ms":80.100545,"status":200}
    perfdiag_test.go:279: PERF_REQUEST {"history":1000,"clients":40,"client":12,"repetition":0,"latency_ms":15.687411,"status":200}
    perfdiag_test.go:279: PERF_REQUEST {"history":1000,"clients":40,"client":12,"repetition":1,"latency_ms":74.198236,"status":200}
    perfdiag_test.go:279: PERF_REQUEST {"history":1000,"clients":40,"client":13,"repetition":0,"latency_ms":12.343183,"status":200}
    perfdiag_test.go:279: PERF_REQUEST {"history":1000,"clients":40,"client":13,"repetition":1,"latency_ms":74.048267,"status":200}
    perfdiag_test.go:279: PERF_REQUEST {"history":1000,"clients":40,"client":14,"repetition":0,"latency_ms":10.748062,"status":200}
    perfdiag_test.go:279: PERF_REQUEST {"history":1000,"clients":40,"client":14,"repetition":1,"latency_ms":74.12474,"status":200}
    perfdiag_test.go:279: PERF_REQUEST {"history":1000,"clients":40,"client":15,"repetition":0,"latency_ms":17.191983,"status":200}
    perfdiag_test.go:279: PERF_REQUEST {"history":1000,"clients":40,"client":15,"repetition":1,"latency_ms":74.15713,"status":200}
    perfdiag_test.go:279: PERF_REQUEST {"history":1000,"clients":40,"client":16,"repetition":0,"latency_ms":7.324716,"status":200}
    perfdiag_test.go:279: PERF_REQUEST {"history":1000,"clients":40,"client":16,"repetition":1,"latency_ms":67.802026,"status":200}
    perfdiag_test.go:279: PERF_REQUEST {"history":1000,"clients":40,"client":17,"repetition":0,"latency_ms":9.198457,"status":200}
    perfdiag_test.go:279: PERF_REQUEST {"history":1000,"clients":40,"client":17,"repetition":1,"latency_ms":73.539566,"status":200}
    perfdiag_test.go:279: PERF_REQUEST {"history":1000,"clients":40,"client":18,"repetition":0,"latency_ms":60.297013,"status":200}
    perfdiag_test.go:279: PERF_REQUEST {"history":1000,"clients":40,"client":18,"repetition":1,"latency_ms":92.071201,"status":200}
    perfdiag_test.go:279: PERF_REQUEST {"history":1000,"clients":40,"client":19,"repetition":0,"latency_ms":14.762283,"status":200}
    perfdiag_test.go:279: PERF_REQUEST {"history":1000,"clients":40,"client":19,"repetition":1,"latency_ms":73.741443,"status":200}
    perfdiag_test.go:279: PERF_REQUEST {"history":1000,"clients":40,"client":20,"repetition":0,"latency_ms":55.00249,"status":200}
    perfdiag_test.go:279: PERF_REQUEST {"history":1000,"clients":40,"client":20,"repetition":1,"latency_ms":92.205172,"status":200}
    perfdiag_test.go:279: PERF_REQUEST {"history":1000,"clients":40,"client":21,"repetition":0,"latency_ms":62.169241,"status":200}
    perfdiag_test.go:279: PERF_REQUEST {"history":1000,"clients":40,"client":21,"repetition":1,"latency_ms":91.771562,"status":200}
    perfdiag_test.go:279: PERF_REQUEST {"history":1000,"clients":40,"client":22,"repetition":0,"latency_ms":56.625262,"status":200}
    perfdiag_test.go:279: PERF_REQUEST {"history":1000,"clients":40,"client":22,"repetition":1,"latency_ms":91.770961,"status":200}
    perfdiag_test.go:279: PERF_REQUEST {"history":1000,"clients":40,"client":23,"repetition":0,"latency_ms":58.642472,"status":200}
    perfdiag_test.go:279: PERF_REQUEST {"history":1000,"clients":40,"client":23,"repetition":1,"latency_ms":92.186156,"status":200}
    perfdiag_test.go:279: PERF_REQUEST {"history":1000,"clients":40,"client":24,"repetition":0,"latency_ms":53.436735,"status":200}
    perfdiag_test.go:279: PERF_REQUEST {"history":1000,"clients":40,"client":24,"repetition":1,"latency_ms":91.975332,"status":200}
    perfdiag_test.go:279: PERF_REQUEST {"history":1000,"clients":40,"client":25,"repetition":0,"latency_ms":44.859378,"status":200}
    perfdiag_test.go:279: PERF_REQUEST {"history":1000,"clients":40,"client":25,"repetition":1,"latency_ms":86.533585,"status":200}
    perfdiag_test.go:279: PERF_REQUEST {"history":1000,"clients":40,"client":26,"repetition":0,"latency_ms":51.35194,"status":200}
    perfdiag_test.go:279: PERF_REQUEST {"history":1000,"clients":40,"client":26,"repetition":1,"latency_ms":91.904621,"status":200}
    perfdiag_test.go:279: PERF_REQUEST {"history":1000,"clients":40,"client":27,"repetition":0,"latency_ms":49.828252,"status":200}
    perfdiag_test.go:279: PERF_REQUEST {"history":1000,"clients":40,"client":27,"repetition":1,"latency_ms":92.525641,"status":200}
    perfdiag_test.go:279: PERF_REQUEST {"history":1000,"clients":40,"client":28,"repetition":0,"latency_ms":46.74924,"status":200}
    perfdiag_test.go:279: PERF_REQUEST {"history":1000,"clients":40,"client":28,"repetition":1,"latency_ms":86.181738,"status":200}
    perfdiag_test.go:279: PERF_REQUEST {"history":1000,"clients":40,"client":29,"repetition":0,"latency_ms":48.279869,"status":200}
    perfdiag_test.go:279: PERF_REQUEST {"history":1000,"clients":40,"client":29,"repetition":1,"latency_ms":86.218686,"status":200}
    perfdiag_test.go:279: PERF_REQUEST {"history":1000,"clients":40,"client":30,"repetition":0,"latency_ms":19.003808,"status":200}
    perfdiag_test.go:279: PERF_REQUEST {"history":1000,"clients":40,"client":30,"repetition":1,"latency_ms":73.982754,"status":200}
    perfdiag_test.go:279: PERF_REQUEST {"history":1000,"clients":40,"client":31,"repetition":0,"latency_ms":23.803756,"status":200}
    perfdiag_test.go:279: PERF_REQUEST {"history":1000,"clients":40,"client":31,"repetition":1,"latency_ms":79.660954,"status":200}
    perfdiag_test.go:279: PERF_REQUEST {"history":1000,"clients":40,"client":32,"repetition":0,"latency_ms":70.282941,"status":200}
    perfdiag_test.go:279: PERF_REQUEST {"history":1000,"clients":40,"client":32,"repetition":1,"latency_ms":96.693007,"status":200}
    perfdiag_test.go:279: PERF_REQUEST {"history":1000,"clients":40,"client":33,"repetition":0,"latency_ms":71.778746,"status":200}
    perfdiag_test.go:279: PERF_REQUEST {"history":1000,"clients":40,"client":33,"repetition":1,"latency_ms":96.707564,"status":200}
    perfdiag_test.go:279: PERF_REQUEST {"history":1000,"clients":40,"client":34,"repetition":0,"latency_ms":68.706686,"status":200}
    perfdiag_test.go:279: PERF_REQUEST {"history":1000,"clients":40,"client":34,"repetition":1,"latency_ms":96.023957,"status":200}
    perfdiag_test.go:279: PERF_REQUEST {"history":1000,"clients":40,"client":35,"repetition":0,"latency_ms":66.244846,"status":200}
    perfdiag_test.go:279: PERF_REQUEST {"history":1000,"clients":40,"client":35,"repetition":1,"latency_ms":96.952101,"status":200}
    perfdiag_test.go:279: PERF_REQUEST {"history":1000,"clients":40,"client":36,"repetition":0,"latency_ms":42.66106,"status":200}
    perfdiag_test.go:279: PERF_REQUEST {"history":1000,"clients":40,"client":36,"repetition":1,"latency_ms":85.719313,"status":200}
    perfdiag_test.go:279: PERF_REQUEST {"history":1000,"clients":40,"client":37,"repetition":0,"latency_ms":64.771253,"status":200}
    perfdiag_test.go:279: PERF_REQUEST {"history":1000,"clients":40,"client":37,"repetition":1,"latency_ms":92.536391,"status":200}
    perfdiag_test.go:279: PERF_REQUEST {"history":1000,"clients":40,"client":38,"repetition":0,"latency_ms":44.221105,"status":200}
    perfdiag_test.go:279: PERF_REQUEST {"history":1000,"clients":40,"client":38,"repetition":1,"latency_ms":85.875796,"status":200}
    perfdiag_test.go:279: PERF_REQUEST {"history":1000,"clients":40,"client":39,"repetition":0,"latency_ms":6.299129,"status":200}
    perfdiag_test.go:279: PERF_REQUEST {"history":1000,"clients":40,"client":39,"repetition":1,"latency_ms":67.714352,"status":200}
    perfdiag_test.go:291: PERF_PERSIST {"clients":40,"history":1000,"persist_index":0,"save_ms":2.275912,"snapshot_bytes":300517,"wchar_delta":300517,"write_bytes_delta":303104}
    perfdiag_test.go:291: PERF_PERSIST {"clients":40,"history":1000,"persist_index":1,"save_ms":1.672736,"snapshot_bytes":303460,"wchar_delta":303460,"write_bytes_delta":307200}
    perfdiag_test.go:291: PERF_PERSIST {"clients":40,"history":1000,"persist_index":2,"save_ms":2.16769,"snapshot_bytes":303460,"wchar_delta":303460,"write_bytes_delta":307200}
    perfdiag_test.go:291: PERF_PERSIST {"clients":40,"history":1000,"persist_index":3,"save_ms":1.549094,"snapshot_bytes":303460,"wchar_delta":303460,"write_bytes_delta":307200}
    perfdiag_test.go:291: PERF_PERSIST {"clients":40,"history":1000,"persist_index":4,"save_ms":1.856218,"snapshot_bytes":303515,"wchar_delta":303515,"write_bytes_delta":307200}
    perfdiag_test.go:291: PERF_PERSIST {"clients":40,"history":1000,"persist_index":5,"save_ms":1.549535,"snapshot_bytes":303570,"wchar_delta":303570,"write_bytes_delta":307200}
    perfdiag_test.go:291: PERF_PERSIST {"clients":40,"history":1000,"persist_index":6,"save_ms":1.587887,"snapshot_bytes":303625,"wchar_delta":303625,"write_bytes_delta":307200}
    perfdiag_test.go:291: PERF_PERSIST {"clients":40,"history":1000,"persist_index":7,"save_ms":1.885763,"snapshot_bytes":303680,"wchar_delta":303680,"write_bytes_delta":307200}
    perfdiag_test.go:291: PERF_PERSIST {"clients":40,"history":1000,"persist_index":8,"save_ms":1.513017,"snapshot_bytes":303735,"wchar_delta":303735,"write_bytes_delta":307200}
    perfdiag_test.go:291: PERF_PERSIST {"clients":40,"history":1000,"persist_index":9,"save_ms":1.517605,"snapshot_bytes":303790,"wchar_delta":303790,"write_bytes_delta":307200}
    perfdiag_test.go:291: PERF_PERSIST {"clients":40,"history":1000,"persist_index":10,"save_ms":1.757193,"snapshot_bytes":303845,"wchar_delta":303845,"write_bytes_delta":307200}
    perfdiag_test.go:291: PERF_PERSIST {"clients":40,"history":1000,"persist_index":11,"save_ms":1.559674,"snapshot_bytes":303900,"wchar_delta":303900,"write_bytes_delta":307200}
    perfdiag_test.go:291: PERF_PERSIST {"clients":40,"history":1000,"persist_index":12,"save_ms":1.554946,"snapshot_bytes":303955,"wchar_delta":303955,"write_bytes_delta":307200}
    perfdiag_test.go:291: PERF_PERSIST {"clients":40,"history":1000,"persist_index":13,"save_ms":1.52504,"snapshot_bytes":304010,"wchar_delta":304010,"write_bytes_delta":307200}
    perfdiag_test.go:291: PERF_PERSIST {"clients":40,"history":1000,"persist_index":14,"save_ms":2.229536,"snapshot_bytes":304065,"wchar_delta":304065,"write_bytes_delta":307200}
    perfdiag_test.go:291: PERF_PERSIST {"clients":40,"history":1000,"persist_index":15,"save_ms":1.517304,"snapshot_bytes":304120,"wchar_delta":304120,"write_bytes_delta":307200}
    perfdiag_test.go:291: PERF_PERSIST {"clients":40,"history":1000,"persist_index":16,"save_ms":1.987213,"snapshot_bytes":304175,"wchar_delta":304175,"write_bytes_delta":307200}
    perfdiag_test.go:291: PERF_PERSIST {"clients":40,"history":1000,"persist_index":17,"save_ms":1.551109,"snapshot_bytes":304230,"wchar_delta":304230,"write_bytes_delta":307200}
    perfdiag_test.go:291: PERF_PERSIST {"clients":40,"history":1000,"persist_index":18,"save_ms":1.530038,"snapshot_bytes":304285,"wchar_delta":304285,"write_bytes_delta":307200}
    perfdiag_test.go:291: PERF_PERSIST {"clients":40,"history":1000,"persist_index":19,"save_ms":1.627991,"snapshot_bytes":304340,"wchar_delta":304340,"write_bytes_delta":307200}
    perfdiag_test.go:291: PERF_PERSIST {"clients":40,"history":1000,"persist_index":20,"save_ms":1.554404,"snapshot_bytes":304395,"wchar_delta":304395,"write_bytes_delta":307200}
    perfdiag_test.go:291: PERF_PERSIST {"clients":40,"history":1000,"persist_index":21,"save_ms":1.842473,"snapshot_bytes":304450,"wchar_delta":304450,"write_bytes_delta":307200}
    perfdiag_test.go:291: PERF_PERSIST {"clients":40,"history":1000,"persist_index":22,"save_ms":1.560216,"snapshot_bytes":304505,"wchar_delta":304505,"write_bytes_delta":307200}
    perfdiag_test.go:291: PERF_PERSIST {"clients":40,"history":1000,"persist_index":23,"save_ms":1.636077,"snapshot_bytes":304560,"wchar_delta":304560,"write_bytes_delta":307200}
    perfdiag_test.go:291: PERF_PERSIST {"clients":40,"history":1000,"persist_index":24,"save_ms":1.892957,"snapshot_bytes":304615,"wchar_delta":304615,"write_bytes_delta":307200}
    perfdiag_test.go:291: PERF_PERSIST {"clients":40,"history":1000,"persist_index":25,"save_ms":1.534787,"snapshot_bytes":304670,"wchar_delta":304670,"write_bytes_delta":307200}
    perfdiag_test.go:291: PERF_PERSIST {"clients":40,"history":1000,"persist_index":26,"save_ms":1.8574,"snapshot_bytes":304725,"wchar_delta":304725,"write_bytes_delta":307200}
    perfdiag_test.go:291: PERF_PERSIST {"clients":40,"history":1000,"persist_index":27,"save_ms":1.521924,"snapshot_bytes":304780,"wchar_delta":304780,"write_bytes_delta":307200}
    perfdiag_test.go:291: PERF_PERSIST {"clients":40,"history":1000,"persist_index":28,"save_ms":1.533275,"snapshot_bytes":304835,"wchar_delta":304835,"write_bytes_delta":307200}
    perfdiag_test.go:291: PERF_PERSIST {"clients":40,"history":1000,"persist_index":29,"save_ms":1.510793,"snapshot_bytes":304890,"wchar_delta":304890,"write_bytes_delta":307200}
    perfdiag_test.go:291: PERF_PERSIST {"clients":40,"history":1000,"persist_index":30,"save_ms":2.061512,"snapshot_bytes":304945,"wchar_delta":304945,"write_bytes_delta":307200}
    perfdiag_test.go:291: PERF_PERSIST {"clients":40,"history":1000,"persist_index":31,"save_ms":1.559304,"snapshot_bytes":305000,"wchar_delta":305000,"write_bytes_delta":307200}
    perfdiag_test.go:291: PERF_PERSIST {"clients":40,"history":1000,"persist_index":32,"save_ms":1.53606,"snapshot_bytes":305055,"wchar_delta":305055,"write_bytes_delta":307200}
    perfdiag_test.go:291: PERF_PERSIST {"clients":40,"history":1000,"persist_index":33,"save_ms":2.063586,"snapshot_bytes":305110,"wchar_delta":305110,"write_bytes_delta":307200}
    perfdiag_test.go:291: PERF_PERSIST {"clients":40,"history":1000,"persist_index":34,"save_ms":1.647268,"snapshot_bytes":305165,"wchar_delta":305165,"write_bytes_delta":307200}
    perfdiag_test.go:291: PERF_PERSIST {"clients":40,"history":1000,"persist_index":35,"save_ms":1.769706,"snapshot_bytes":305220,"wchar_delta":305220,"write_bytes_delta":307200}
    perfdiag_test.go:291: PERF_PERSIST {"clients":40,"history":1000,"persist_index":36,"save_ms":1.558432,"snapshot_bytes":305275,"wchar_delta":305275,"write_bytes_delta":307200}
    perfdiag_test.go:291: PERF_PERSIST {"clients":40,"history":1000,"persist_index":37,"save_ms":1.513297,"snapshot_bytes":305330,"wchar_delta":305330,"write_bytes_delta":307200}
    perfdiag_test.go:291: PERF_PERSIST {"clients":40,"history":1000,"persist_index":38,"save_ms":2.517594,"snapshot_bytes":305385,"wchar_delta":305385,"write_bytes_delta":307200}
    perfdiag_test.go:291: PERF_PERSIST {"clients":40,"history":1000,"persist_index":39,"save_ms":1.60549,"snapshot_bytes":305440,"wchar_delta":305440,"write_bytes_delta":307200}
    perfdiag_test.go:291: PERF_PERSIST {"clients":40,"history":1000,"persist_index":40,"save_ms":1.523396,"snapshot_bytes":305495,"wchar_delta":305495,"write_bytes_delta":307200}
    perfdiag_test.go:291: PERF_PERSIST {"clients":40,"history":1000,"persist_index":41,"save_ms":1.891975,"snapshot_bytes":305550,"wchar_delta":305550,"write_bytes_delta":307200}
    perfdiag_test.go:291: PERF_PERSIST {"clients":40,"history":1000,"persist_index":42,"save_ms":1.614757,"snapshot_bytes":305605,"wchar_delta":305605,"write_bytes_delta":307200}
    perfdiag_test.go:291: PERF_PERSIST {"clients":40,"history":1000,"persist_index":43,"save_ms":7.591525,"snapshot_bytes":305605,"wchar_delta":305605,"write_bytes_delta":307200}
    perfdiag_test.go:291: PERF_PERSIST {"clients":40,"history":1000,"persist_index":44,"save_ms":1.59483,"snapshot_bytes":305605,"wchar_delta":305605,"write_bytes_delta":307200}
    perfdiag_test.go:291: PERF_PERSIST {"clients":40,"history":1000,"persist_index":45,"save_ms":2.027118,"snapshot_bytes":305605,"wchar_delta":305605,"write_bytes_delta":307200}
    perfdiag_test.go:291: PERF_PERSIST {"clients":40,"history":1000,"persist_index":46,"save_ms":1.574181,"snapshot_bytes":305605,"wchar_delta":305605,"write_bytes_delta":307200}
    perfdiag_test.go:291: PERF_PERSIST {"clients":40,"history":1000,"persist_index":47,"save_ms":1.967275,"snapshot_bytes":305605,"wchar_delta":305605,"write_bytes_delta":307200}
    perfdiag_test.go:291: PERF_PERSIST {"clients":40,"history":1000,"persist_index":48,"save_ms":1.525911,"snapshot_bytes":305605,"wchar_delta":305605,"write_bytes_delta":307200}
    perfdiag_test.go:291: PERF_PERSIST {"clients":40,"history":1000,"persist_index":49,"save_ms":1.544165,"snapshot_bytes":305605,"wchar_delta":305605,"write_bytes_delta":307200}
    perfdiag_test.go:291: PERF_PERSIST {"clients":40,"history":1000,"persist_index":50,"save_ms":1.886185,"snapshot_bytes":305605,"wchar_delta":305605,"write_bytes_delta":307200}
    perfdiag_test.go:291: PERF_PERSIST {"clients":40,"history":1000,"persist_index":51,"save_ms":7.608035,"snapshot_bytes":305605,"wchar_delta":305605,"write_bytes_delta":307200}
    perfdiag_test.go:291: PERF_PERSIST {"clients":40,"history":1000,"persist_index":52,"save_ms":1.558382,"snapshot_bytes":305605,"wchar_delta":305605,"write_bytes_delta":307200}
    perfdiag_test.go:291: PERF_PERSIST {"clients":40,"history":1000,"persist_index":53,"save_ms":1.639624,"snapshot_bytes":305605,"wchar_delta":305605,"write_bytes_delta":307200}
    perfdiag_test.go:291: PERF_PERSIST {"clients":40,"history":1000,"persist_index":54,"save_ms":2.222934,"snapshot_bytes":305605,"wchar_delta":305605,"write_bytes_delta":307200}
    perfdiag_test.go:291: PERF_PERSIST {"clients":40,"history":1000,"persist_index":55,"save_ms":1.548503,"snapshot_bytes":305605,"wchar_delta":305605,"write_bytes_delta":307200}
    perfdiag_test.go:291: PERF_PERSIST {"clients":40,"history":1000,"persist_index":56,"save_ms":1.530259,"snapshot_bytes":305605,"wchar_delta":305605,"write_bytes_delta":307200}
    perfdiag_test.go:291: PERF_PERSIST {"clients":40,"history":1000,"persist_index":57,"save_ms":2.085206,"snapshot_bytes":305605,"wchar_delta":305605,"write_bytes_delta":307200}
    perfdiag_test.go:291: PERF_PERSIST {"clients":40,"history":1000,"persist_index":58,"save_ms":1.61601,"snapshot_bytes":305605,"wchar_delta":305605,"write_bytes_delta":307200}
    perfdiag_test.go:291: PERF_PERSIST {"clients":40,"history":1000,"persist_index":59,"save_ms":7.506355,"snapshot_bytes":305605,"wchar_delta":305605,"write_bytes_delta":307200}
    perfdiag_test.go:291: PERF_PERSIST {"clients":40,"history":1000,"persist_index":60,"save_ms":1.868732,"snapshot_bytes":305605,"wchar_delta":305605,"write_bytes_delta":307200}
    perfdiag_test.go:291: PERF_PERSIST {"clients":40,"history":1000,"persist_index":61,"save_ms":1.550678,"snapshot_bytes":305605,"wchar_delta":305605,"write_bytes_delta":307200}
    perfdiag_test.go:291: PERF_PERSIST {"clients":40,"history":1000,"persist_index":62,"save_ms":1.537853,"snapshot_bytes":305605,"wchar_delta":305605,"write_bytes_delta":307200}
    perfdiag_test.go:291: PERF_PERSIST {"clients":40,"history":1000,"persist_index":63,"save_ms":1.849516,"snapshot_bytes":305605,"wchar_delta":305605,"write_bytes_delta":307200}
    perfdiag_test.go:291: PERF_PERSIST {"clients":40,"history":1000,"persist_index":64,"save_ms":2.154054,"snapshot_bytes":305605,"wchar_delta":305605,"write_bytes_delta":307200}
    perfdiag_test.go:291: PERF_PERSIST {"clients":40,"history":1000,"persist_index":65,"save_ms":1.537583,"snapshot_bytes":305605,"wchar_delta":305605,"write_bytes_delta":307200}
    perfdiag_test.go:291: PERF_PERSIST {"clients":40,"history":1000,"persist_index":66,"save_ms":1.55208,"snapshot_bytes":305605,"wchar_delta":305605,"write_bytes_delta":307200}
    perfdiag_test.go:291: PERF_PERSIST {"clients":40,"history":1000,"persist_index":67,"save_ms":7.798551,"snapshot_bytes":305605,"wchar_delta":305605,"write_bytes_delta":307200}
    perfdiag_test.go:291: PERF_PERSIST {"clients":40,"history":1000,"persist_index":68,"save_ms":1.520902,"snapshot_bytes":305605,"wchar_delta":305605,"write_bytes_delta":307200}
    perfdiag_test.go:291: PERF_PERSIST {"clients":40,"history":1000,"persist_index":69,"save_ms":1.54097,"snapshot_bytes":305605,"wchar_delta":305605,"write_bytes_delta":307200}
    perfdiag_test.go:291: PERF_PERSIST {"clients":40,"history":1000,"persist_index":70,"save_ms":1.775688,"snapshot_bytes":305605,"wchar_delta":305605,"write_bytes_delta":307200}
    perfdiag_test.go:291: PERF_PERSIST {"clients":40,"history":1000,"persist_index":71,"save_ms":1.693284,"snapshot_bytes":305605,"wchar_delta":305605,"write_bytes_delta":307200}
    perfdiag_test.go:291: PERF_PERSIST {"clients":40,"history":1000,"persist_index":72,"save_ms":1.895592,"snapshot_bytes":305605,"wchar_delta":305605,"write_bytes_delta":307200}
    perfdiag_test.go:291: PERF_PERSIST {"clients":40,"history":1000,"persist_index":73,"save_ms":1.532363,"snapshot_bytes":305605,"wchar_delta":305605,"write_bytes_delta":307200}
    perfdiag_test.go:291: PERF_PERSIST {"clients":40,"history":1000,"persist_index":74,"save_ms":1.570674,"snapshot_bytes":305605,"wchar_delta":305605,"write_bytes_delta":307200}
    perfdiag_test.go:291: PERF_PERSIST {"clients":40,"history":1000,"persist_index":75,"save_ms":2.284939,"snapshot_bytes":305605,"wchar_delta":305605,"write_bytes_delta":307200}
    perfdiag_test.go:291: PERF_PERSIST {"clients":40,"history":1000,"persist_index":76,"save_ms":5.966258,"snapshot_bytes":305605,"wchar_delta":305605,"write_bytes_delta":307200}
    perfdiag_test.go:291: PERF_PERSIST {"clients":40,"history":1000,"persist_index":77,"save_ms":1.552621,"snapshot_bytes":305605,"wchar_delta":305605,"write_bytes_delta":307200}
    perfdiag_test.go:291: PERF_PERSIST {"clients":40,"history":1000,"persist_index":78,"save_ms":2.255945,"snapshot_bytes":305605,"wchar_delta":305605,"write_bytes_delta":307200}
    perfdiag_test.go:291: PERF_PERSIST {"clients":40,"history":1000,"persist_index":79,"save_ms":1.558903,"snapshot_bytes":305605,"wchar_delta":305605,"write_bytes_delta":307200}
    perfdiag_test.go:291: PERF_IO_SUMMARY {"bytes_per_persist":304951.525,"clients":40,"elapsed_seconds":0.169053079,"emitted_to_net_file_growth_ratio":4655.748473282442,"final_file_bytes":305605,"history":1000,"initial_file_bytes":300365,"net_file_growth_bytes":5240,"persist_calls":80,"persist_per_request":1,"persist_per_second":473.2241522794152,"proc_io_available":true,"ratio_denominator":"net snapshot file growth, not logical mutation bytes","snapshot_emitted_bytes":24396122,"wchar_delta":24396122,"write_bytes_delta":24571904,"write_bytes_per_second":145350230.50363964}
    perfdiag_test.go:292: PERF_SUMMARY {"audit_count":1080,"clients":40,"elapsed_seconds":0.169053079,"failures":0,"goroutines_after":3,"goroutines_before":43,"goroutines_delta":-40,"heap_after_bytes":2185400,"heap_before_bytes":3024400,"heap_delta_bytes":-839000,"history":1000,"max_ms":96.952101,"numgc_delta":27,"p50_ms":67.802026,"p95_ms":92.536391,"p99_ms":96.952101,"pause_delta_ns":703774,"polls":2,"rate_requests_per_second":473.2241522794152,"requests":80,"snapshot_bytes":305605,"successes":80,"totalalloc_delta_bytes":43705560}
=== RUN   TestPerfHTTPActiveHistoryMatrix/history_10000/clients_20
    perfdiag_test.go:279: PERF_REQUEST {"history":10000,"clients":20,"client":0,"repetition":0,"latency_ms":78.741225,"status":200}
    perfdiag_test.go:279: PERF_REQUEST {"history":10000,"clients":20,"client":0,"repetition":1,"latency_ms":240.991593,"status":200}
    perfdiag_test.go:279: PERF_REQUEST {"history":10000,"clients":20,"client":1,"repetition":0,"latency_ms":11.493085,"status":200}
    perfdiag_test.go:279: PERF_REQUEST {"history":10000,"clients":20,"client":1,"repetition":1,"latency_ms":249.134199,"status":200}
    perfdiag_test.go:279: PERF_REQUEST {"history":10000,"clients":20,"client":2,"repetition":0,"latency_ms":69.752039,"status":200}
    perfdiag_test.go:279: PERF_REQUEST {"history":10000,"clients":20,"client":2,"repetition":1,"latency_ms":238.964156,"status":200}
    perfdiag_test.go:279: PERF_REQUEST {"history":10000,"clients":20,"client":3,"repetition":0,"latency_ms":22.252449,"status":200}
    perfdiag_test.go:279: PERF_REQUEST {"history":10000,"clients":20,"client":3,"repetition":1,"latency_ms":11.362681,"status":200}
    perfdiag_test.go:279: PERF_REQUEST {"history":10000,"clients":20,"client":4,"repetition":0,"latency_ms":153.28645,"status":200}
    perfdiag_test.go:279: PERF_REQUEST {"history":10000,"clients":20,"client":4,"repetition":1,"latency_ms":247.411379,"status":200}
    perfdiag_test.go:279: PERF_REQUEST {"history":10000,"clients":20,"client":5,"repetition":0,"latency_ms":163.688967,"status":200}
    perfdiag_test.go:279: PERF_REQUEST {"history":10000,"clients":20,"client":5,"repetition":1,"latency_ms":256.381369,"status":200}
    perfdiag_test.go:279: PERF_REQUEST {"history":10000,"clients":20,"client":6,"repetition":0,"latency_ms":180.041281,"status":200}
    perfdiag_test.go:279: PERF_REQUEST {"history":10000,"clients":20,"client":6,"repetition":1,"latency_ms":249.877698,"status":200}
    perfdiag_test.go:279: PERF_REQUEST {"history":10000,"clients":20,"client":7,"repetition":0,"latency_ms":190.219668,"status":200}
    perfdiag_test.go:279: PERF_REQUEST {"history":10000,"clients":20,"client":7,"repetition":1,"latency_ms":250.127805,"status":200}
    perfdiag_test.go:279: PERF_REQUEST {"history":10000,"clients":20,"client":8,"repetition":0,"latency_ms":200.47498,"status":200}
    perfdiag_test.go:279: PERF_REQUEST {"history":10000,"clients":20,"client":8,"repetition":1,"latency_ms":257.892072,"status":200}
    perfdiag_test.go:279: PERF_REQUEST {"history":10000,"clients":20,"client":9,"repetition":0,"latency_ms":219.840595,"status":200}
    perfdiag_test.go:279: PERF_REQUEST {"history":10000,"clients":20,"client":9,"repetition":1,"latency_ms":251.016275,"status":200}
    perfdiag_test.go:279: PERF_REQUEST {"history":10000,"clients":20,"client":10,"repetition":0,"latency_ms":61.0558,"status":200}
    perfdiag_test.go:279: PERF_REQUEST {"history":10000,"clients":20,"client":10,"repetition":1,"latency_ms":237.163812,"status":200}
    perfdiag_test.go:279: PERF_REQUEST {"history":10000,"clients":20,"client":11,"repetition":0,"latency_ms":240.164459,"status":200}
    perfdiag_test.go:279: PERF_REQUEST {"history":10000,"clients":20,"client":11,"repetition":1,"latency_ms":259.21337,"status":200}
    perfdiag_test.go:279: PERF_REQUEST {"history":10000,"clients":20,"client":12,"repetition":0,"latency_ms":98.196717,"status":200}
    perfdiag_test.go:279: PERF_REQUEST {"history":10000,"clients":20,"client":12,"repetition":1,"latency_ms":250.172247,"status":200}
    perfdiag_test.go:279: PERF_REQUEST {"history":10000,"clients":20,"client":13,"repetition":0,"latency_ms":108.403458,"status":200}
    perfdiag_test.go:279: PERF_REQUEST {"history":10000,"clients":20,"client":13,"repetition":1,"latency_ms":250.137783,"status":200}
    perfdiag_test.go:279: PERF_REQUEST {"history":10000,"clients":20,"client":14,"repetition":0,"latency_ms":87.251887,"status":200}
    perfdiag_test.go:279: PERF_REQUEST {"history":10000,"clients":20,"client":14,"repetition":1,"latency_ms":249.151962,"status":200}
    perfdiag_test.go:279: PERF_REQUEST {"history":10000,"clients":20,"client":15,"repetition":0,"latency_ms":118.671683,"status":200}
    perfdiag_test.go:279: PERF_REQUEST {"history":10000,"clients":20,"client":15,"repetition":1,"latency_ms":259.324018,"status":200}
    perfdiag_test.go:279: PERF_REQUEST {"history":10000,"clients":20,"client":16,"repetition":0,"latency_ms":138.131183,"status":200}
    perfdiag_test.go:279: PERF_REQUEST {"history":10000,"clients":20,"client":16,"repetition":1,"latency_ms":245.947564,"status":200}
    perfdiag_test.go:279: PERF_REQUEST {"history":10000,"clients":20,"client":17,"repetition":0,"latency_ms":229.961374,"status":200}
    perfdiag_test.go:279: PERF_REQUEST {"history":10000,"clients":20,"client":17,"repetition":1,"latency_ms":250.519036,"status":200}
    perfdiag_test.go:279: PERF_REQUEST {"history":10000,"clients":20,"client":18,"repetition":0,"latency_ms":40.645915,"status":200}
    perfdiag_test.go:279: PERF_REQUEST {"history":10000,"clients":20,"client":18,"repetition":1,"latency_ms":228.172862,"status":200}
    perfdiag_test.go:279: PERF_REQUEST {"history":10000,"clients":20,"client":19,"repetition":0,"latency_ms":51.011243,"status":200}
    perfdiag_test.go:279: PERF_REQUEST {"history":10000,"clients":20,"client":19,"repetition":1,"latency_ms":228.196607,"status":200}
    perfdiag_test.go:291: PERF_PERSIST {"clients":20,"history":10000,"persist_index":0,"save_ms":11.376517,"snapshot_bytes":1670198,"wchar_delta":1670198,"write_bytes_delta":1671168}
    perfdiag_test.go:291: PERF_PERSIST {"clients":20,"history":10000,"persist_index":1,"save_ms":10.657063,"snapshot_bytes":1671621,"wchar_delta":1671621,"write_bytes_delta":1675264}
    perfdiag_test.go:291: PERF_PERSIST {"clients":20,"history":10000,"persist_index":2,"save_ms":9.939181,"snapshot_bytes":1671676,"wchar_delta":1671676,"write_bytes_delta":1675264}
    perfdiag_test.go:291: PERF_PERSIST {"clients":20,"history":10000,"persist_index":3,"save_ms":9.849323,"snapshot_bytes":1671676,"wchar_delta":1671676,"write_bytes_delta":1675264}
    perfdiag_test.go:291: PERF_PERSIST {"clients":20,"history":10000,"persist_index":4,"save_ms":10.384272,"snapshot_bytes":1671676,"wchar_delta":1671676,"write_bytes_delta":1675264}
    perfdiag_test.go:291: PERF_PERSIST {"clients":20,"history":10000,"persist_index":5,"save_ms":9.072702,"snapshot_bytes":1671731,"wchar_delta":1671731,"write_bytes_delta":1675264}
    perfdiag_test.go:291: PERF_PERSIST {"clients":20,"history":10000,"persist_index":6,"save_ms":9.443856,"snapshot_bytes":1671786,"wchar_delta":1671786,"write_bytes_delta":1675264}
    perfdiag_test.go:291: PERF_PERSIST {"clients":20,"history":10000,"persist_index":7,"save_ms":8.99655,"snapshot_bytes":1671841,"wchar_delta":1671841,"write_bytes_delta":1675264}
    perfdiag_test.go:291: PERF_PERSIST {"clients":20,"history":10000,"persist_index":8,"save_ms":8.448656,"snapshot_bytes":1671896,"wchar_delta":1671896,"write_bytes_delta":1675264}
    perfdiag_test.go:291: PERF_PERSIST {"clients":20,"history":10000,"persist_index":9,"save_ms":11.274847,"snapshot_bytes":1671951,"wchar_delta":1671951,"write_bytes_delta":1675264}
    perfdiag_test.go:291: PERF_PERSIST {"clients":20,"history":10000,"persist_index":10,"save_ms":10.242648,"snapshot_bytes":1672006,"wchar_delta":1672006,"write_bytes_delta":1675264}
    perfdiag_test.go:291: PERF_PERSIST {"clients":20,"history":10000,"persist_index":11,"save_ms":10.288103,"snapshot_bytes":1672061,"wchar_delta":1672061,"write_bytes_delta":1675264}
    perfdiag_test.go:291: PERF_PERSIST {"clients":20,"history":10000,"persist_index":12,"save_ms":19.366245,"snapshot_bytes":1672116,"wchar_delta":1672116,"write_bytes_delta":1675264}
    perfdiag_test.go:291: PERF_PERSIST {"clients":20,"history":10000,"persist_index":13,"save_ms":12.952982,"snapshot_bytes":1672171,"wchar_delta":1672171,"write_bytes_delta":1675264}
    perfdiag_test.go:291: PERF_PERSIST {"clients":20,"history":10000,"persist_index":14,"save_ms":10.504026,"snapshot_bytes":1672226,"wchar_delta":1672226,"write_bytes_delta":1675264}
    perfdiag_test.go:291: PERF_PERSIST {"clients":20,"history":10000,"persist_index":15,"save_ms":16.465255,"snapshot_bytes":1672281,"wchar_delta":1672281,"write_bytes_delta":1675264}
    perfdiag_test.go:291: PERF_PERSIST {"clients":20,"history":10000,"persist_index":16,"save_ms":10.206871,"snapshot_bytes":1672336,"wchar_delta":1672336,"write_bytes_delta":1675264}
    perfdiag_test.go:291: PERF_PERSIST {"clients":20,"history":10000,"persist_index":17,"save_ms":10.244321,"snapshot_bytes":1672391,"wchar_delta":1672391,"write_bytes_delta":1675264}
    perfdiag_test.go:291: PERF_PERSIST {"clients":20,"history":10000,"persist_index":18,"save_ms":19.380822,"snapshot_bytes":1672446,"wchar_delta":1672446,"write_bytes_delta":1675264}
    perfdiag_test.go:291: PERF_PERSIST {"clients":20,"history":10000,"persist_index":19,"save_ms":10.183027,"snapshot_bytes":1672501,"wchar_delta":1672501,"write_bytes_delta":1675264}
    perfdiag_test.go:291: PERF_PERSIST {"clients":20,"history":10000,"persist_index":20,"save_ms":10.386136,"snapshot_bytes":1672556,"wchar_delta":1672556,"write_bytes_delta":1675264}
    perfdiag_test.go:291: PERF_PERSIST {"clients":20,"history":10000,"persist_index":21,"save_ms":19.592468,"snapshot_bytes":1672611,"wchar_delta":1672611,"write_bytes_delta":1675264}
    perfdiag_test.go:291: PERF_PERSIST {"clients":20,"history":10000,"persist_index":22,"save_ms":9.941005,"snapshot_bytes":1672666,"wchar_delta":1672666,"write_bytes_delta":1675264}
    perfdiag_test.go:291: PERF_PERSIST {"clients":20,"history":10000,"persist_index":23,"save_ms":10.422995,"snapshot_bytes":1672666,"wchar_delta":1672666,"write_bytes_delta":1675264}
    perfdiag_test.go:291: PERF_PERSIST {"clients":20,"history":10000,"persist_index":24,"save_ms":19.247012,"snapshot_bytes":1672666,"wchar_delta":1672666,"write_bytes_delta":1675264}
    perfdiag_test.go:291: PERF_PERSIST {"clients":20,"history":10000,"persist_index":25,"save_ms":10.268727,"snapshot_bytes":1672666,"wchar_delta":1672666,"write_bytes_delta":1675264}
    perfdiag_test.go:291: PERF_PERSIST {"clients":20,"history":10000,"persist_index":26,"save_ms":11.017816,"snapshot_bytes":1672666,"wchar_delta":1672666,"write_bytes_delta":1675264}
    perfdiag_test.go:291: PERF_PERSIST {"clients":20,"history":10000,"persist_index":27,"save_ms":18.626473,"snapshot_bytes":1672666,"wchar_delta":1672666,"write_bytes_delta":1675264}
    perfdiag_test.go:291: PERF_PERSIST {"clients":20,"history":10000,"persist_index":28,"save_ms":10.27558,"snapshot_bytes":1672666,"wchar_delta":1672666,"write_bytes_delta":1675264}
    perfdiag_test.go:291: PERF_PERSIST {"clients":20,"history":10000,"persist_index":29,"save_ms":10.269828,"snapshot_bytes":1672666,"wchar_delta":1672666,"write_bytes_delta":1675264}
    perfdiag_test.go:291: PERF_PERSIST {"clients":20,"history":10000,"persist_index":30,"save_ms":19.399778,"snapshot_bytes":1672666,"wchar_delta":1672666,"write_bytes_delta":1675264}
    perfdiag_test.go:291: PERF_PERSIST {"clients":20,"history":10000,"persist_index":31,"save_ms":10.107546,"snapshot_bytes":1672666,"wchar_delta":1672666,"write_bytes_delta":1675264}
    perfdiag_test.go:291: PERF_PERSIST {"clients":20,"history":10000,"persist_index":32,"save_ms":10.324741,"snapshot_bytes":1672666,"wchar_delta":1672666,"write_bytes_delta":1675264}
    perfdiag_test.go:291: PERF_PERSIST {"clients":20,"history":10000,"persist_index":33,"save_ms":19.400459,"snapshot_bytes":1672666,"wchar_delta":1672666,"write_bytes_delta":1675264}
    perfdiag_test.go:291: PERF_PERSIST {"clients":20,"history":10000,"persist_index":34,"save_ms":10.124076,"snapshot_bytes":1672666,"wchar_delta":1672666,"write_bytes_delta":1675264}
    perfdiag_test.go:291: PERF_PERSIST {"clients":20,"history":10000,"persist_index":35,"save_ms":10.355779,"snapshot_bytes":1672666,"wchar_delta":1672666,"write_bytes_delta":1675264}
    perfdiag_test.go:291: PERF_PERSIST {"clients":20,"history":10000,"persist_index":36,"save_ms":19.356658,"snapshot_bytes":1672666,"wchar_delta":1672666,"write_bytes_delta":1675264}
    perfdiag_test.go:291: PERF_PERSIST {"clients":20,"history":10000,"persist_index":37,"save_ms":11.174229,"snapshot_bytes":1672666,"wchar_delta":1672666,"write_bytes_delta":1675264}
    perfdiag_test.go:291: PERF_PERSIST {"clients":20,"history":10000,"persist_index":38,"save_ms":9.49462,"snapshot_bytes":1672666,"wchar_delta":1672666,"write_bytes_delta":1675264}
    perfdiag_test.go:291: PERF_PERSIST {"clients":20,"history":10000,"persist_index":39,"save_ms":19.294862,"snapshot_bytes":1672666,"wchar_delta":1672666,"write_bytes_delta":1675264}
    perfdiag_test.go:291: PERF_IO_SUMMARY {"bytes_per_persist":1672293.55,"clients":20,"elapsed_seconds":0.500418765,"emitted_to_net_file_growth_ratio":25531.19923664122,"final_file_bytes":1672666,"history":10000,"initial_file_bytes":1670046,"net_file_growth_bytes":2620,"persist_calls":40,"persist_per_request":1,"persist_per_second":79.93305366956012,"proc_io_available":true,"ratio_denominator":"net snapshot file growth, not logical mutation bytes","snapshot_emitted_bytes":66891742,"wchar_delta":66891742,"write_bytes_delta":67006464,"write_bytes_per_second":133900782.07798621}
    perfdiag_test.go:292: PERF_SUMMARY {"audit_count":10040,"clients":20,"elapsed_seconds":0.500418765,"failures":0,"goroutines_after":3,"goroutines_before":23,"goroutines_delta":-20,"heap_after_bytes":5889032,"heap_before_bytes":4697480,"heap_delta_bytes":1191552,"history":10000,"max_ms":259.324018,"numgc_delta":26,"p50_ms":228.172862,"p95_ms":257.892072,"p99_ms":259.324018,"pause_delta_ns":665189,"polls":2,"rate_requests_per_second":79.93305366956012,"requests":40,"snapshot_bytes":1672666,"successes":40,"totalalloc_delta_bytes":103320816}
=== RUN   TestPerfHTTPActiveHistoryMatrix/history_10000/clients_40
    perfdiag_test.go:279: PERF_REQUEST {"history":10000,"clients":40,"client":0,"repetition":0,"latency_ms":497.47843,"status":200}
    perfdiag_test.go:279: PERF_REQUEST {"history":10000,"clients":40,"client":0,"repetition":1,"latency_ms":548.218276,"status":200}
    perfdiag_test.go:279: PERF_REQUEST {"history":10000,"clients":40,"client":1,"repetition":0,"latency_ms":230.258289,"status":200}
    perfdiag_test.go:279: PERF_REQUEST {"history":10000,"clients":40,"client":1,"repetition":1,"latency_ms":539.98414,"status":200}
    perfdiag_test.go:279: PERF_REQUEST {"history":10000,"clients":40,"client":2,"repetition":0,"latency_ms":266.205716,"status":200}
    perfdiag_test.go:279: PERF_REQUEST {"history":10000,"clients":40,"client":2,"repetition":1,"latency_ms":540.895974,"status":200}
    perfdiag_test.go:279: PERF_REQUEST {"history":10000,"clients":40,"client":3,"repetition":0,"latency_ms":12.757897,"status":200}
    perfdiag_test.go:279: PERF_REQUEST {"history":10000,"clients":40,"client":3,"repetition":1,"latency_ms":11.31949,"status":200}
    perfdiag_test.go:279: PERF_REQUEST {"history":10000,"clients":40,"client":4,"repetition":0,"latency_ms":379.018081,"status":200}
    perfdiag_test.go:279: PERF_REQUEST {"history":10000,"clients":40,"client":4,"repetition":1,"latency_ms":539.85014,"status":200}
    perfdiag_test.go:279: PERF_REQUEST {"history":10000,"clients":40,"client":5,"repetition":0,"latency_ms":389.343103,"status":200}
    perfdiag_test.go:279: PERF_REQUEST {"history":10000,"clients":40,"client":5,"repetition":1,"latency_ms":547.006532,"status":200}
    perfdiag_test.go:279: PERF_REQUEST {"history":10000,"clients":40,"client":6,"repetition":0,"latency_ms":408.799397,"status":200}
    perfdiag_test.go:279: PERF_REQUEST {"history":10000,"clients":40,"client":6,"repetition":1,"latency_ms":540.185067,"status":200}
    perfdiag_test.go:279: PERF_REQUEST {"history":10000,"clients":40,"client":7,"repetition":0,"latency_ms":419.019452,"status":200}
    perfdiag_test.go:279: PERF_REQUEST {"history":10000,"clients":40,"client":7,"repetition":1,"latency_ms":538.855933,"status":200}
    perfdiag_test.go:279: PERF_REQUEST {"history":10000,"clients":40,"client":8,"repetition":0,"latency_ms":429.718854,"status":200}
    perfdiag_test.go:279: PERF_REQUEST {"history":10000,"clients":40,"client":8,"repetition":1,"latency_ms":548.935536,"status":200}
    perfdiag_test.go:279: PERF_REQUEST {"history":10000,"clients":40,"client":9,"repetition":0,"latency_ms":41.863311,"status":200}
    perfdiag_test.go:279: PERF_REQUEST {"history":10000,"clients":40,"client":9,"repetition":1,"latency_ms":495.667617,"status":200}
    perfdiag_test.go:279: PERF_REQUEST {"history":10000,"clients":40,"client":10,"repetition":0,"latency_ms":54.410614,"status":200}
    perfdiag_test.go:279: PERF_REQUEST {"history":10000,"clients":40,"client":10,"repetition":1,"latency_ms":503.794432,"status":200}
    perfdiag_test.go:279: PERF_REQUEST {"history":10000,"clients":40,"client":11,"repetition":0,"latency_ms":64.925331,"status":200}
    perfdiag_test.go:279: PERF_REQUEST {"history":10000,"clients":40,"client":11,"repetition":1,"latency_ms":503.999956,"status":200}
    perfdiag_test.go:279: PERF_REQUEST {"history":10000,"clients":40,"client":12,"repetition":0,"latency_ms":73.610808,"status":200}
    perfdiag_test.go:279: PERF_REQUEST {"history":10000,"clients":40,"client":12,"repetition":1,"latency_ms":511.062732,"status":200}
    perfdiag_test.go:279: PERF_REQUEST {"history":10000,"clients":40,"client":13,"repetition":0,"latency_ms":84.992556,"status":200}
    perfdiag_test.go:279: PERF_REQUEST {"history":10000,"clients":40,"client":13,"repetition":1,"latency_ms":514.433941,"status":200}
    perfdiag_test.go:279: PERF_REQUEST {"history":10000,"clients":40,"client":14,"repetition":0,"latency_ms":93.657706,"status":200}
    perfdiag_test.go:279: PERF_REQUEST {"history":10000,"clients":40,"client":14,"repetition":1,"latency_ms":512.732892,"status":200}
    perfdiag_test.go:279: PERF_REQUEST {"history":10000,"clients":40,"client":15,"repetition":0,"latency_ms":124.538837,"status":200}
    perfdiag_test.go:279: PERF_REQUEST {"history":10000,"clients":40,"client":15,"repetition":1,"latency_ms":532.987378,"status":200}
    perfdiag_test.go:279: PERF_REQUEST {"history":10000,"clients":40,"client":16,"repetition":0,"latency_ms":167.767869,"status":200}
    perfdiag_test.go:279: PERF_REQUEST {"history":10000,"clients":40,"client":16,"repetition":1,"latency_ms":541.798541,"status":200}
    perfdiag_test.go:279: PERF_REQUEST {"history":10000,"clients":40,"client":17,"repetition":0,"latency_ms":178.293776,"status":200}
    perfdiag_test.go:279: PERF_REQUEST {"history":10000,"clients":40,"client":17,"repetition":1,"latency_ms":548.903366,"status":200}
    perfdiag_test.go:279: PERF_REQUEST {"history":10000,"clients":40,"client":18,"repetition":0,"latency_ms":197.58493,"status":200}
    perfdiag_test.go:279: PERF_REQUEST {"history":10000,"clients":40,"client":18,"repetition":1,"latency_ms":540.919057,"status":200}
    perfdiag_test.go:279: PERF_REQUEST {"history":10000,"clients":40,"client":19,"repetition":0,"latency_ms":207.837597,"status":200}
    perfdiag_test.go:279: PERF_REQUEST {"history":10000,"clients":40,"client":19,"repetition":1,"latency_ms":538.883414,"status":200}
    perfdiag_test.go:279: PERF_REQUEST {"history":10000,"clients":40,"client":20,"repetition":0,"latency_ms":456.520211,"status":200}
    perfdiag_test.go:279: PERF_REQUEST {"history":10000,"clients":40,"client":20,"repetition":1,"latency_ms":540.527696,"status":200}
    perfdiag_test.go:279: PERF_REQUEST {"history":10000,"clients":40,"client":21,"repetition":0,"latency_ms":34.731404,"status":200}
    perfdiag_test.go:279: PERF_REQUEST {"history":10000,"clients":40,"client":21,"repetition":1,"latency_ms":496.854816,"status":200}
    perfdiag_test.go:279: PERF_REQUEST {"history":10000,"clients":40,"client":22,"repetition":0,"latency_ms":108.298201,"status":200}
    perfdiag_test.go:279: PERF_REQUEST {"history":10000,"clients":40,"client":22,"repetition":1,"latency_ms":521.87776,"status":200}
    perfdiag_test.go:279: PERF_REQUEST {"history":10000,"clients":40,"client":23,"repetition":0,"latency_ms":117.774998,"status":200}
    perfdiag_test.go:279: PERF_REQUEST {"history":10000,"clients":40,"client":23,"repetition":1,"latency_ms":523.685547,"status":200}
    perfdiag_test.go:279: PERF_REQUEST {"history":10000,"clients":40,"client":24,"repetition":0,"latency_ms":350.473137,"status":200}
    perfdiag_test.go:279: PERF_REQUEST {"history":10000,"clients":40,"client":24,"repetition":1,"latency_ms":537.948267,"status":200}
    perfdiag_test.go:279: PERF_REQUEST {"history":10000,"clients":40,"client":25,"repetition":0,"latency_ms":361.536748,"status":200}
    perfdiag_test.go:279: PERF_REQUEST {"history":10000,"clients":40,"client":25,"repetition":1,"latency_ms":548.208528,"status":200}
    perfdiag_test.go:279: PERF_REQUEST {"history":10000,"clients":40,"client":26,"repetition":0,"latency_ms":134.019381,"status":200}
    perfdiag_test.go:279: PERF_REQUEST {"history":10000,"clients":40,"client":26,"repetition":1,"latency_ms":533.895715,"status":200}
    perfdiag_test.go:279: PERF_REQUEST {"history":10000,"clients":40,"client":27,"repetition":0,"latency_ms":142.841925,"status":200}
    perfdiag_test.go:279: PERF_REQUEST {"history":10000,"clients":40,"client":27,"repetition":1,"latency_ms":533.490047,"status":200}
    perfdiag_test.go:279: PERF_REQUEST {"history":10000,"clients":40,"client":28,"repetition":0,"latency_ms":153.10416,"status":200}
    perfdiag_test.go:279: PERF_REQUEST {"history":10000,"clients":40,"client":28,"repetition":1,"latency_ms":544.655248,"status":200}
    perfdiag_test.go:279: PERF_REQUEST {"history":10000,"clients":40,"client":29,"repetition":0,"latency_ms":446.539633,"status":200}
    perfdiag_test.go:279: PERF_REQUEST {"history":10000,"clients":40,"client":29,"repetition":1,"latency_ms":540.199574,"status":200}
    perfdiag_test.go:279: PERF_REQUEST {"history":10000,"clients":40,"client":30,"repetition":0,"latency_ms":516.444318,"status":200}
    perfdiag_test.go:279: PERF_REQUEST {"history":10000,"clients":40,"client":30,"repetition":1,"latency_ms":538.256363,"status":200}
    perfdiag_test.go:279: PERF_REQUEST {"history":10000,"clients":40,"client":31,"repetition":0,"latency_ms":476.164476,"status":200}
    perfdiag_test.go:279: PERF_REQUEST {"history":10000,"clients":40,"client":31,"repetition":1,"latency_ms":539.971697,"status":200}
    perfdiag_test.go:279: PERF_REQUEST {"history":10000,"clients":40,"client":32,"repetition":0,"latency_ms":237.899206,"status":200}
    perfdiag_test.go:279: PERF_REQUEST {"history":10000,"clients":40,"client":32,"repetition":1,"latency_ms":540.66853,"status":200}
    perfdiag_test.go:279: PERF_REQUEST {"history":10000,"clients":40,"client":33,"repetition":0,"latency_ms":247.37997,"status":200}
    perfdiag_test.go:279: PERF_REQUEST {"history":10000,"clients":40,"client":33,"repetition":1,"latency_ms":546.072718,"status":200}
    perfdiag_test.go:279: PERF_REQUEST {"history":10000,"clients":40,"client":34,"repetition":0,"latency_ms":486.903291,"status":200}
    perfdiag_test.go:279: PERF_REQUEST {"history":10000,"clients":40,"client":34,"repetition":1,"latency_ms":537.18956,"status":200}
    perfdiag_test.go:279: PERF_REQUEST {"history":10000,"clients":40,"client":35,"repetition":0,"latency_ms":277.448913,"status":200}
    perfdiag_test.go:279: PERF_REQUEST {"history":10000,"clients":40,"client":35,"repetition":1,"latency_ms":540.751605,"status":200}
    perfdiag_test.go:279: PERF_REQUEST {"history":10000,"clients":40,"client":36,"repetition":0,"latency_ms":287.624335,"status":200}
    perfdiag_test.go:279: PERF_REQUEST {"history":10000,"clients":40,"client":36,"repetition":1,"latency_ms":548.641997,"status":200}
    perfdiag_test.go:279: PERF_REQUEST {"history":10000,"clients":40,"client":37,"repetition":0,"latency_ms":306.748518,"status":200}
    perfdiag_test.go:279: PERF_REQUEST {"history":10000,"clients":40,"client":37,"repetition":1,"latency_ms":540.116619,"status":200}
    perfdiag_test.go:279: PERF_REQUEST {"history":10000,"clients":40,"client":38,"repetition":0,"latency_ms":317.285406,"status":200}
    perfdiag_test.go:279: PERF_REQUEST {"history":10000,"clients":40,"client":38,"repetition":1,"latency_ms":545.918238,"status":200}
    perfdiag_test.go:279: PERF_REQUEST {"history":10000,"clients":40,"client":39,"repetition":0,"latency_ms":336.454613,"status":200}
    perfdiag_test.go:279: PERF_REQUEST {"history":10000,"clients":40,"client":39,"repetition":1,"latency_ms":540.005961,"status":200}
    perfdiag_test.go:291: PERF_PERSIST {"clients":40,"history":10000,"persist_index":0,"save_ms":12.644506,"snapshot_bytes":1740598,"wchar_delta":1740598,"write_bytes_delta":1740800}
    perfdiag_test.go:291: PERF_PERSIST {"clients":40,"history":10000,"persist_index":1,"save_ms":11.202541,"snapshot_bytes":1743541,"wchar_delta":1743541,"write_bytes_delta":1744896}
    perfdiag_test.go:291: PERF_PERSIST {"clients":40,"history":10000,"persist_index":2,"save_ms":10.642516,"snapshot_bytes":1743541,"wchar_delta":1743541,"write_bytes_delta":1744896}
    perfdiag_test.go:291: PERF_PERSIST {"clients":40,"history":10000,"persist_index":3,"save_ms":8.908855,"snapshot_bytes":1743541,"wchar_delta":1743541,"write_bytes_delta":1744896}
    perfdiag_test.go:291: PERF_PERSIST {"clients":40,"history":10000,"persist_index":4,"save_ms":12.743391,"snapshot_bytes":1743596,"wchar_delta":1743596,"write_bytes_delta":1744896}
    perfdiag_test.go:291: PERF_PERSIST {"clients":40,"history":10000,"persist_index":5,"save_ms":10.544783,"snapshot_bytes":1743651,"wchar_delta":1743651,"write_bytes_delta":1744896}
    perfdiag_test.go:291: PERF_PERSIST {"clients":40,"history":10000,"persist_index":6,"save_ms":8.699104,"snapshot_bytes":1743706,"wchar_delta":1743706,"write_bytes_delta":1744896}
    perfdiag_test.go:291: PERF_PERSIST {"clients":40,"history":10000,"persist_index":7,"save_ms":11.478737,"snapshot_bytes":1743761,"wchar_delta":1743761,"write_bytes_delta":1744896}
    perfdiag_test.go:291: PERF_PERSIST {"clients":40,"history":10000,"persist_index":8,"save_ms":8.761811,"snapshot_bytes":1743816,"wchar_delta":1743816,"write_bytes_delta":1744896}
    perfdiag_test.go:291: PERF_PERSIST {"clients":40,"history":10000,"persist_index":9,"save_ms":12.429314,"snapshot_bytes":1743871,"wchar_delta":1743871,"write_bytes_delta":1744896}
    perfdiag_test.go:291: PERF_PERSIST {"clients":40,"history":10000,"persist_index":10,"save_ms":9.489872,"snapshot_bytes":1743926,"wchar_delta":1743926,"write_bytes_delta":1744896}
    perfdiag_test.go:291: PERF_PERSIST {"clients":40,"history":10000,"persist_index":11,"save_ms":8.965281,"snapshot_bytes":1743981,"wchar_delta":1743981,"write_bytes_delta":1744896}
    perfdiag_test.go:291: PERF_PERSIST {"clients":40,"history":10000,"persist_index":12,"save_ms":9.56387,"snapshot_bytes":1744036,"wchar_delta":1744036,"write_bytes_delta":1744896}
    perfdiag_test.go:291: PERF_PERSIST {"clients":40,"history":10000,"persist_index":13,"save_ms":8.839136,"snapshot_bytes":1744091,"wchar_delta":1744091,"write_bytes_delta":1744896}
    perfdiag_test.go:291: PERF_PERSIST {"clients":40,"history":10000,"persist_index":14,"save_ms":10.26511,"snapshot_bytes":1744146,"wchar_delta":1744146,"write_bytes_delta":1744896}
    perfdiag_test.go:291: PERF_PERSIST {"clients":40,"history":10000,"persist_index":15,"save_ms":14.607905,"snapshot_bytes":1744201,"wchar_delta":1744201,"write_bytes_delta":1744896}
    perfdiag_test.go:291: PERF_PERSIST {"clients":40,"history":10000,"persist_index":16,"save_ms":10.551856,"snapshot_bytes":1744256,"wchar_delta":1744256,"write_bytes_delta":1744896}
    perfdiag_test.go:291: PERF_PERSIST {"clients":40,"history":10000,"persist_index":17,"save_ms":19.276377,"snapshot_bytes":1744311,"wchar_delta":1744311,"write_bytes_delta":1744896}
    perfdiag_test.go:291: PERF_PERSIST {"clients":40,"history":10000,"persist_index":18,"save_ms":10.393069,"snapshot_bytes":1744366,"wchar_delta":1744366,"write_bytes_delta":1744896}
    perfdiag_test.go:291: PERF_PERSIST {"clients":40,"history":10000,"persist_index":19,"save_ms":19.289882,"snapshot_bytes":1744421,"wchar_delta":1744421,"write_bytes_delta":1744896}
    perfdiag_test.go:291: PERF_PERSIST {"clients":40,"history":10000,"persist_index":20,"save_ms":10.799498,"snapshot_bytes":1744476,"wchar_delta":1744476,"write_bytes_delta":1744896}
    perfdiag_test.go:291: PERF_PERSIST {"clients":40,"history":10000,"persist_index":21,"save_ms":9.823796,"snapshot_bytes":1744531,"wchar_delta":1744531,"write_bytes_delta":1744896}
    perfdiag_test.go:291: PERF_PERSIST {"clients":40,"history":10000,"persist_index":22,"save_ms":19.422931,"snapshot_bytes":1744586,"wchar_delta":1744586,"write_bytes_delta":1744896}
    perfdiag_test.go:291: PERF_PERSIST {"clients":40,"history":10000,"persist_index":23,"save_ms":10.647114,"snapshot_bytes":1744641,"wchar_delta":1744641,"write_bytes_delta":1744896}
    perfdiag_test.go:291: PERF_PERSIST {"clients":40,"history":10000,"persist_index":24,"save_ms":10.175152,"snapshot_bytes":1744696,"wchar_delta":1744696,"write_bytes_delta":1744896}
    perfdiag_test.go:291: PERF_PERSIST {"clients":40,"history":10000,"persist_index":25,"save_ms":19.124163,"snapshot_bytes":1744751,"wchar_delta":1744751,"write_bytes_delta":1744896}
    perfdiag_test.go:291: PERF_PERSIST {"clients":40,"history":10000,"persist_index":26,"save_ms":10.539081,"snapshot_bytes":1744806,"wchar_delta":1744806,"write_bytes_delta":1744896}
    perfdiag_test.go:291: PERF_PERSIST {"clients":40,"history":10000,"persist_index":27,"save_ms":19.27812,"snapshot_bytes":1744861,"wchar_delta":1744861,"write_bytes_delta":1744896}
    perfdiag_test.go:291: PERF_PERSIST {"clients":40,"history":10000,"persist_index":28,"save_ms":10.467969,"snapshot_bytes":1744916,"wchar_delta":1744916,"write_bytes_delta":1748992}
    perfdiag_test.go:291: PERF_PERSIST {"clients":40,"history":10000,"persist_index":29,"save_ms":11.095401,"snapshot_bytes":1744971,"wchar_delta":1744979,"write_bytes_delta":1748992}
    perfdiag_test.go:291: PERF_PERSIST {"clients":40,"history":10000,"persist_index":30,"save_ms":18.43772,"snapshot_bytes":1745026,"wchar_delta":1745026,"write_bytes_delta":1748992}
    perfdiag_test.go:291: PERF_PERSIST {"clients":40,"history":10000,"persist_index":31,"save_ms":10.323409,"snapshot_bytes":1745081,"wchar_delta":1745081,"write_bytes_delta":1748992}
    perfdiag_test.go:291: PERF_PERSIST {"clients":40,"history":10000,"persist_index":32,"save_ms":19.42263,"snapshot_bytes":1745136,"wchar_delta":1745136,"write_bytes_delta":1748992}
    perfdiag_test.go:291: PERF_PERSIST {"clients":40,"history":10000,"persist_index":33,"save_ms":10.214034,"snapshot_bytes":1745191,"wchar_delta":1745191,"write_bytes_delta":1748992}
    perfdiag_test.go:291: PERF_PERSIST {"clients":40,"history":10000,"persist_index":34,"save_ms":10.779882,"snapshot_bytes":1745246,"wchar_delta":1745246,"write_bytes_delta":1748992}
    perfdiag_test.go:291: PERF_PERSIST {"clients":40,"history":10000,"persist_index":35,"save_ms":19.146375,"snapshot_bytes":1745301,"wchar_delta":1745301,"write_bytes_delta":1748992}
    perfdiag_test.go:291: PERF_PERSIST {"clients":40,"history":10000,"persist_index":36,"save_ms":10.086676,"snapshot_bytes":1745356,"wchar_delta":1745356,"write_bytes_delta":1748992}
    perfdiag_test.go:291: PERF_PERSIST {"clients":40,"history":10000,"persist_index":37,"save_ms":19.579825,"snapshot_bytes":1745411,"wchar_delta":1745411,"write_bytes_delta":1748992}
    perfdiag_test.go:291: PERF_PERSIST {"clients":40,"history":10000,"persist_index":38,"save_ms":10.143623,"snapshot_bytes":1745466,"wchar_delta":1745466,"write_bytes_delta":1748992}
    perfdiag_test.go:291: PERF_PERSIST {"clients":40,"history":10000,"persist_index":39,"save_ms":11.28717,"snapshot_bytes":1745521,"wchar_delta":1745521,"write_bytes_delta":1748992}
    perfdiag_test.go:291: PERF_PERSIST {"clients":40,"history":10000,"persist_index":40,"save_ms":18.526156,"snapshot_bytes":1745576,"wchar_delta":1745576,"write_bytes_delta":1748992}
    perfdiag_test.go:291: PERF_PERSIST {"clients":40,"history":10000,"persist_index":41,"save_ms":11.368601,"snapshot_bytes":1745631,"wchar_delta":1745631,"write_bytes_delta":1748992}
    perfdiag_test.go:291: PERF_PERSIST {"clients":40,"history":10000,"persist_index":42,"save_ms":11.000184,"snapshot_bytes":1745686,"wchar_delta":1745686,"write_bytes_delta":1748992}
    perfdiag_test.go:291: PERF_PERSIST {"clients":40,"history":10000,"persist_index":43,"save_ms":17.61904,"snapshot_bytes":1745686,"wchar_delta":1745686,"write_bytes_delta":1748992}
    perfdiag_test.go:291: PERF_PERSIST {"clients":40,"history":10000,"persist_index":44,"save_ms":10.714179,"snapshot_bytes":1745686,"wchar_delta":1745686,"write_bytes_delta":1748992}
    perfdiag_test.go:291: PERF_PERSIST {"clients":40,"history":10000,"persist_index":45,"save_ms":19.098495,"snapshot_bytes":1745686,"wchar_delta":1745686,"write_bytes_delta":1748992}
    perfdiag_test.go:291: PERF_PERSIST {"clients":40,"history":10000,"persist_index":46,"save_ms":11.509315,"snapshot_bytes":1745686,"wchar_delta":1745686,"write_bytes_delta":1748992}
    perfdiag_test.go:291: PERF_PERSIST {"clients":40,"history":10000,"persist_index":47,"save_ms":10.817442,"snapshot_bytes":1745686,"wchar_delta":1745686,"write_bytes_delta":1748992}
    perfdiag_test.go:291: PERF_PERSIST {"clients":40,"history":10000,"persist_index":48,"save_ms":17.837097,"snapshot_bytes":1745686,"wchar_delta":1745686,"write_bytes_delta":1748992}
    perfdiag_test.go:291: PERF_PERSIST {"clients":40,"history":10000,"persist_index":49,"save_ms":11.492494,"snapshot_bytes":1745686,"wchar_delta":1745686,"write_bytes_delta":1748992}
    perfdiag_test.go:291: PERF_PERSIST {"clients":40,"history":10000,"persist_index":50,"save_ms":18.087235,"snapshot_bytes":1745686,"wchar_delta":1745686,"write_bytes_delta":1748992}
    perfdiag_test.go:291: PERF_PERSIST {"clients":40,"history":10000,"persist_index":51,"save_ms":10.423876,"snapshot_bytes":1745686,"wchar_delta":1745686,"write_bytes_delta":1748992}
    perfdiag_test.go:291: PERF_PERSIST {"clients":40,"history":10000,"persist_index":52,"save_ms":10.184739,"snapshot_bytes":1745686,"wchar_delta":1745686,"write_bytes_delta":1748992}
    perfdiag_test.go:291: PERF_PERSIST {"clients":40,"history":10000,"persist_index":53,"save_ms":19.553855,"snapshot_bytes":1745686,"wchar_delta":1745686,"write_bytes_delta":1748992}
    perfdiag_test.go:291: PERF_PERSIST {"clients":40,"history":10000,"persist_index":54,"save_ms":11.899293,"snapshot_bytes":1745686,"wchar_delta":1745686,"write_bytes_delta":1748992}
    perfdiag_test.go:291: PERF_PERSIST {"clients":40,"history":10000,"persist_index":55,"save_ms":17.743814,"snapshot_bytes":1745686,"wchar_delta":1745686,"write_bytes_delta":1748992}
    perfdiag_test.go:291: PERF_PERSIST {"clients":40,"history":10000,"persist_index":56,"save_ms":11.205077,"snapshot_bytes":1745686,"wchar_delta":1745686,"write_bytes_delta":1748992}
    perfdiag_test.go:291: PERF_PERSIST {"clients":40,"history":10000,"persist_index":57,"save_ms":10.660278,"snapshot_bytes":1745686,"wchar_delta":1745686,"write_bytes_delta":1748992}
    perfdiag_test.go:291: PERF_PERSIST {"clients":40,"history":10000,"persist_index":58,"save_ms":18.121379,"snapshot_bytes":1745686,"wchar_delta":1745686,"write_bytes_delta":1748992}
    perfdiag_test.go:291: PERF_PERSIST {"clients":40,"history":10000,"persist_index":59,"save_ms":11.446177,"snapshot_bytes":1745686,"wchar_delta":1745686,"write_bytes_delta":1748992}
    perfdiag_test.go:291: PERF_PERSIST {"clients":40,"history":10000,"persist_index":60,"save_ms":18.299582,"snapshot_bytes":1745686,"wchar_delta":1745686,"write_bytes_delta":1748992}
    perfdiag_test.go:291: PERF_PERSIST {"clients":40,"history":10000,"persist_index":61,"save_ms":11.168588,"snapshot_bytes":1745686,"wchar_delta":1745686,"write_bytes_delta":1748992}
    perfdiag_test.go:291: PERF_PERSIST {"clients":40,"history":10000,"persist_index":62,"save_ms":10.588053,"snapshot_bytes":1745686,"wchar_delta":1745686,"write_bytes_delta":1748992}
    perfdiag_test.go:291: PERF_PERSIST {"clients":40,"history":10000,"persist_index":63,"save_ms":18.166875,"snapshot_bytes":1745686,"wchar_delta":1745686,"write_bytes_delta":1748992}
    perfdiag_test.go:291: PERF_PERSIST {"clients":40,"history":10000,"persist_index":64,"save_ms":10.41478,"snapshot_bytes":1745686,"wchar_delta":1745686,"write_bytes_delta":1748992}
    perfdiag_test.go:291: PERF_PERSIST {"clients":40,"history":10000,"persist_index":65,"save_ms":19.391943,"snapshot_bytes":1745686,"wchar_delta":1745686,"write_bytes_delta":1748992}
    perfdiag_test.go:291: PERF_PERSIST {"clients":40,"history":10000,"persist_index":66,"save_ms":10.304473,"snapshot_bytes":1745686,"wchar_delta":1745686,"write_bytes_delta":1748992}
    perfdiag_test.go:291: PERF_PERSIST {"clients":40,"history":10000,"persist_index":67,"save_ms":11.036541,"snapshot_bytes":1745686,"wchar_delta":1745686,"write_bytes_delta":1748992}
    perfdiag_test.go:291: PERF_PERSIST {"clients":40,"history":10000,"persist_index":68,"save_ms":18.703186,"snapshot_bytes":1745686,"wchar_delta":1745686,"write_bytes_delta":1748992}
    perfdiag_test.go:291: PERF_PERSIST {"clients":40,"history":10000,"persist_index":69,"save_ms":10.180692,"snapshot_bytes":1745686,"wchar_delta":1745686,"write_bytes_delta":1748992}
    perfdiag_test.go:291: PERF_PERSIST {"clients":40,"history":10000,"persist_index":70,"save_ms":19.518219,"snapshot_bytes":1745686,"wchar_delta":1745686,"write_bytes_delta":1748992}
    perfdiag_test.go:291: PERF_PERSIST {"clients":40,"history":10000,"persist_index":71,"save_ms":10.454183,"snapshot_bytes":1745686,"wchar_delta":1745686,"write_bytes_delta":1748992}
    perfdiag_test.go:291: PERF_PERSIST {"clients":40,"history":10000,"persist_index":72,"save_ms":10.514947,"snapshot_bytes":1745686,"wchar_delta":1745686,"write_bytes_delta":1748992}
    perfdiag_test.go:291: PERF_PERSIST {"clients":40,"history":10000,"persist_index":73,"save_ms":19.251181,"snapshot_bytes":1745686,"wchar_delta":1745686,"write_bytes_delta":1748992}
    perfdiag_test.go:291: PERF_PERSIST {"clients":40,"history":10000,"persist_index":74,"save_ms":10.413547,"snapshot_bytes":1745686,"wchar_delta":1745686,"write_bytes_delta":1748992}
    perfdiag_test.go:291: PERF_PERSIST {"clients":40,"history":10000,"persist_index":75,"save_ms":10.490502,"snapshot_bytes":1745686,"wchar_delta":1745686,"write_bytes_delta":1748992}
    perfdiag_test.go:291: PERF_PERSIST {"clients":40,"history":10000,"persist_index":76,"save_ms":18.950168,"snapshot_bytes":1745686,"wchar_delta":1745686,"write_bytes_delta":1748992}
    perfdiag_test.go:291: PERF_PERSIST {"clients":40,"history":10000,"persist_index":77,"save_ms":10.31342,"snapshot_bytes":1745686,"wchar_delta":1745686,"write_bytes_delta":1748992}
    perfdiag_test.go:291: PERF_PERSIST {"clients":40,"history":10000,"persist_index":78,"save_ms":19.365343,"snapshot_bytes":1745686,"wchar_delta":1745686,"write_bytes_delta":1748992}
    perfdiag_test.go:291: PERF_PERSIST {"clients":40,"history":10000,"persist_index":79,"save_ms":10.974456,"snapshot_bytes":1745686,"wchar_delta":1745686,"write_bytes_delta":1748992}
    perfdiag_test.go:291: PERF_IO_SUMMARY {"bytes_per_persist":1745032.525,"clients":40,"elapsed_seconds":1.061323394,"emitted_to_net_file_growth_ratio":26641.7179389313,"final_file_bytes":1745686,"history":10000,"initial_file_bytes":1740446,"net_file_growth_bytes":5240,"persist_calls":80,"persist_per_request":1,"persist_per_second":75.37759032945617,"proc_io_available":true,"ratio_denominator":"net snapshot file growth, not logical mutation bytes","snapshot_emitted_bytes":139602602,"wchar_delta":139602610,"write_bytes_delta":139800576,"write_bytes_per_second":131722881.81937504}
    perfdiag_test.go:292: PERF_SUMMARY {"audit_count":10080,"clients":40,"elapsed_seconds":1.061323394,"failures":0,"goroutines_after":3,"goroutines_before":43,"goroutines_delta":-40,"heap_after_bytes":6419688,"heap_before_bytes":5005128,"heap_delta_bytes":1414560,"history":10000,"max_ms":548.935536,"numgc_delta":51,"p50_ms":495.667617,"p95_ms":548.208528,"p99_ms":548.935536,"pause_delta_ns":1585261,"polls":2,"rate_requests_per_second":75.37759032945617,"requests":80,"snapshot_bytes":1745686,"successes":80,"totalalloc_delta_bytes":219499992}
=== RUN   TestPerfHTTPActiveHistoryMatrix/history_20000/clients_20
    perfdiag_test.go:279: PERF_REQUEST {"history":20000,"clients":20,"client":0,"repetition":0,"latency_ms":182.345957,"status":200}
    perfdiag_test.go:279: PERF_REQUEST {"history":20000,"clients":20,"client":0,"repetition":1,"latency_ms":490.07661,"status":200}
    perfdiag_test.go:279: PERF_REQUEST {"history":20000,"clients":20,"client":1,"repetition":0,"latency_ms":160.383059,"status":200}
    perfdiag_test.go:279: PERF_REQUEST {"history":20000,"clients":20,"client":1,"repetition":1,"latency_ms":488.330698,"status":200}
    perfdiag_test.go:279: PERF_REQUEST {"history":20000,"clients":20,"client":2,"repetition":0,"latency_ms":205.834765,"status":200}
    perfdiag_test.go:279: PERF_REQUEST {"history":20000,"clients":20,"client":2,"repetition":1,"latency_ms":499.16916,"status":200}
    perfdiag_test.go:279: PERF_REQUEST {"history":20000,"clients":20,"client":3,"repetition":0,"latency_ms":54.670479,"status":200}
    perfdiag_test.go:279: PERF_REQUEST {"history":20000,"clients":20,"client":3,"repetition":1,"latency_ms":438.16785,"status":200}
    perfdiag_test.go:279: PERF_REQUEST {"history":20000,"clients":20,"client":4,"repetition":0,"latency_ms":445.505771,"status":200}
    perfdiag_test.go:279: PERF_REQUEST {"history":20000,"clients":20,"client":4,"repetition":1,"latency_ms":498.798918,"status":200}
    perfdiag_test.go:279: PERF_REQUEST {"history":20000,"clients":20,"client":5,"repetition":0,"latency_ms":19.624849,"status":200}
    perfdiag_test.go:279: PERF_REQUEST {"history":20000,"clients":20,"client":5,"repetition":1,"latency_ms":18.085753,"status":200}
    perfdiag_test.go:279: PERF_REQUEST {"history":20000,"clients":20,"client":6,"repetition":0,"latency_ms":264.777617,"status":200}
    perfdiag_test.go:279: PERF_REQUEST {"history":20000,"clients":20,"client":6,"repetition":1,"latency_ms":490.284219,"status":200}
    perfdiag_test.go:279: PERF_REQUEST {"history":20000,"clients":20,"client":7,"repetition":0,"latency_ms":285.051838,"status":200}
    perfdiag_test.go:279: PERF_REQUEST {"history":20000,"clients":20,"client":7,"repetition":1,"latency_ms":499.136348,"status":200}
    perfdiag_test.go:279: PERF_REQUEST {"history":20000,"clients":20,"client":8,"repetition":0,"latency_ms":313.901092,"status":200}
    perfdiag_test.go:279: PERF_REQUEST {"history":20000,"clients":20,"client":8,"repetition":1,"latency_ms":495.579793,"status":200}
    perfdiag_test.go:279: PERF_REQUEST {"history":20000,"clients":20,"client":9,"repetition":0,"latency_ms":343.249389,"status":200}
    perfdiag_test.go:279: PERF_REQUEST {"history":20000,"clients":20,"client":9,"repetition":1,"latency_ms":490.176477,"status":200}
    perfdiag_test.go:279: PERF_REQUEST {"history":20000,"clients":20,"client":10,"repetition":0,"latency_ms":473.304753,"status":200}
    perfdiag_test.go:279: PERF_REQUEST {"history":20000,"clients":20,"client":10,"repetition":1,"latency_ms":486.778959,"status":200}
    perfdiag_test.go:279: PERF_REQUEST {"history":20000,"clients":20,"client":11,"repetition":0,"latency_ms":393.647486,"status":200}
    perfdiag_test.go:279: PERF_REQUEST {"history":20000,"clients":20,"client":11,"repetition":1,"latency_ms":486.158289,"status":200}
    perfdiag_test.go:279: PERF_REQUEST {"history":20000,"clients":20,"client":12,"repetition":0,"latency_ms":363.816357,"status":200}
    perfdiag_test.go:279: PERF_REQUEST {"history":20000,"clients":20,"client":12,"repetition":1,"latency_ms":499.351971,"status":200}
    perfdiag_test.go:279: PERF_REQUEST {"history":20000,"clients":20,"client":13,"repetition":0,"latency_ms":423.474657,"status":200}
    perfdiag_test.go:279: PERF_REQUEST {"history":20000,"clients":20,"client":13,"repetition":1,"latency_ms":489.802487,"status":200}
    perfdiag_test.go:279: PERF_REQUEST {"history":20000,"clients":20,"client":14,"repetition":0,"latency_ms":235.167883,"status":200}
    perfdiag_test.go:279: PERF_REQUEST {"history":20000,"clients":20,"client":14,"repetition":1,"latency_ms":496.907233,"status":200}
    perfdiag_test.go:279: PERF_REQUEST {"history":20000,"clients":20,"client":15,"repetition":0,"latency_ms":71.171291,"status":200}
    perfdiag_test.go:279: PERF_REQUEST {"history":20000,"clients":20,"client":15,"repetition":1,"latency_ms":451.76147,"status":200}
    perfdiag_test.go:279: PERF_REQUEST {"history":20000,"clients":20,"client":16,"repetition":0,"latency_ms":88.52739,"status":200}
    perfdiag_test.go:279: PERF_REQUEST {"history":20000,"clients":20,"client":16,"repetition":1,"latency_ms":454.474529,"status":200}
    perfdiag_test.go:279: PERF_REQUEST {"history":20000,"clients":20,"client":17,"repetition":0,"latency_ms":105.314126,"status":200}
    perfdiag_test.go:279: PERF_REQUEST {"history":20000,"clients":20,"client":17,"repetition":1,"latency_ms":462.830663,"status":200}
    perfdiag_test.go:279: PERF_REQUEST {"history":20000,"clients":20,"client":18,"repetition":0,"latency_ms":126.210329,"status":200}
    perfdiag_test.go:279: PERF_REQUEST {"history":20000,"clients":20,"client":18,"repetition":1,"latency_ms":476.044873,"status":200}
    perfdiag_test.go:279: PERF_REQUEST {"history":20000,"clients":20,"client":19,"repetition":0,"latency_ms":143.409536,"status":200}
    perfdiag_test.go:279: PERF_REQUEST {"history":20000,"clients":20,"client":19,"repetition":1,"latency_ms":478.683012,"status":200}
    perfdiag_test.go:291: PERF_PERSIST {"clients":20,"history":20000,"persist_index":0,"save_ms":19.527627,"snapshot_bytes":3280198,"wchar_delta":3280198,"write_bytes_delta":3280896}
    perfdiag_test.go:291: PERF_PERSIST {"clients":20,"history":20000,"persist_index":1,"save_ms":18.010372,"snapshot_bytes":3281621,"wchar_delta":3281621,"write_bytes_delta":3284992}
    perfdiag_test.go:291: PERF_PERSIST {"clients":20,"history":20000,"persist_index":2,"save_ms":16.94411,"snapshot_bytes":3281621,"wchar_delta":3281621,"write_bytes_delta":3284992}
    perfdiag_test.go:291: PERF_PERSIST {"clients":20,"history":20000,"persist_index":3,"save_ms":18.385062,"snapshot_bytes":3281621,"wchar_delta":3281621,"write_bytes_delta":3284992}
    perfdiag_test.go:291: PERF_PERSIST {"clients":20,"history":20000,"persist_index":4,"save_ms":17.424668,"snapshot_bytes":3281676,"wchar_delta":3281676,"write_bytes_delta":3284992}
    perfdiag_test.go:291: PERF_PERSIST {"clients":20,"history":20000,"persist_index":5,"save_ms":16.844544,"snapshot_bytes":3281731,"wchar_delta":3281731,"write_bytes_delta":3284992}
    perfdiag_test.go:291: PERF_PERSIST {"clients":20,"history":20000,"persist_index":6,"save_ms":21.082802,"snapshot_bytes":3281786,"wchar_delta":3281786,"write_bytes_delta":3284992}
    perfdiag_test.go:291: PERF_PERSIST {"clients":20,"history":20000,"persist_index":7,"save_ms":17.47421,"snapshot_bytes":3281841,"wchar_delta":3281841,"write_bytes_delta":3284992}
    perfdiag_test.go:291: PERF_PERSIST {"clients":20,"history":20000,"persist_index":8,"save_ms":17.030601,"snapshot_bytes":3281896,"wchar_delta":3281896,"write_bytes_delta":3284992}
    perfdiag_test.go:291: PERF_PERSIST {"clients":20,"history":20000,"persist_index":9,"save_ms":22.001839,"snapshot_bytes":3281951,"wchar_delta":3281951,"write_bytes_delta":3284992}
    perfdiag_test.go:291: PERF_PERSIST {"clients":20,"history":20000,"persist_index":10,"save_ms":20.599169,"snapshot_bytes":3282006,"wchar_delta":3282006,"write_bytes_delta":3284992}
    perfdiag_test.go:291: PERF_PERSIST {"clients":20,"history":20000,"persist_index":11,"save_ms":29.486304,"snapshot_bytes":3282061,"wchar_delta":3282061,"write_bytes_delta":3284992}
    perfdiag_test.go:291: PERF_PERSIST {"clients":20,"history":20000,"persist_index":12,"save_ms":29.638087,"snapshot_bytes":3282116,"wchar_delta":3282116,"write_bytes_delta":3284992}
    perfdiag_test.go:291: PERF_PERSIST {"clients":20,"history":20000,"persist_index":13,"save_ms":20.349983,"snapshot_bytes":3282171,"wchar_delta":3282171,"write_bytes_delta":3284992}
    perfdiag_test.go:291: PERF_PERSIST {"clients":20,"history":20000,"persist_index":14,"save_ms":29.865322,"snapshot_bytes":3282226,"wchar_delta":3282226,"write_bytes_delta":3284992}
    perfdiag_test.go:291: PERF_PERSIST {"clients":20,"history":20000,"persist_index":15,"save_ms":29.39314,"snapshot_bytes":3282281,"wchar_delta":3282281,"write_bytes_delta":3284992}
    perfdiag_test.go:291: PERF_PERSIST {"clients":20,"history":20000,"persist_index":16,"save_ms":20.590142,"snapshot_bytes":3282336,"wchar_delta":3282336,"write_bytes_delta":3284992}
    perfdiag_test.go:291: PERF_PERSIST {"clients":20,"history":20000,"persist_index":17,"save_ms":29.779682,"snapshot_bytes":3282391,"wchar_delta":3282391,"write_bytes_delta":3284992}
    perfdiag_test.go:291: PERF_PERSIST {"clients":20,"history":20000,"persist_index":18,"save_ms":29.858449,"snapshot_bytes":3282446,"wchar_delta":3282446,"write_bytes_delta":3284992}
    perfdiag_test.go:291: PERF_PERSIST {"clients":20,"history":20000,"persist_index":19,"save_ms":20.382895,"snapshot_bytes":3282501,"wchar_delta":3282501,"write_bytes_delta":3284992}
    perfdiag_test.go:291: PERF_PERSIST {"clients":20,"history":20000,"persist_index":20,"save_ms":29.271603,"snapshot_bytes":3282556,"wchar_delta":3282556,"write_bytes_delta":3284992}
    perfdiag_test.go:291: PERF_PERSIST {"clients":20,"history":20000,"persist_index":21,"save_ms":20.411047,"snapshot_bytes":3282611,"wchar_delta":3282611,"write_bytes_delta":3284992}
    perfdiag_test.go:291: PERF_PERSIST {"clients":20,"history":20000,"persist_index":22,"save_ms":29.827111,"snapshot_bytes":3282666,"wchar_delta":3282666,"write_bytes_delta":3284992}
    perfdiag_test.go:291: PERF_PERSIST {"clients":20,"history":20000,"persist_index":23,"save_ms":20.303886,"snapshot_bytes":3282666,"wchar_delta":3282666,"write_bytes_delta":3284992}
    perfdiag_test.go:291: PERF_PERSIST {"clients":20,"history":20000,"persist_index":24,"save_ms":29.791805,"snapshot_bytes":3282666,"wchar_delta":3282666,"write_bytes_delta":3284992}
    perfdiag_test.go:291: PERF_PERSIST {"clients":20,"history":20000,"persist_index":25,"save_ms":29.540074,"snapshot_bytes":3282666,"wchar_delta":3282666,"write_bytes_delta":3284992}
    perfdiag_test.go:291: PERF_PERSIST {"clients":20,"history":20000,"persist_index":26,"save_ms":20.45535,"snapshot_bytes":3282666,"wchar_delta":3282666,"write_bytes_delta":3284992}
    perfdiag_test.go:291: PERF_PERSIST {"clients":20,"history":20000,"persist_index":27,"save_ms":29.71428,"snapshot_bytes":3282666,"wchar_delta":3282666,"write_bytes_delta":3284992}
    perfdiag_test.go:291: PERF_PERSIST {"clients":20,"history":20000,"persist_index":28,"save_ms":20.387653,"snapshot_bytes":3282666,"wchar_delta":3282666,"write_bytes_delta":3284992}
    perfdiag_test.go:291: PERF_PERSIST {"clients":20,"history":20000,"persist_index":29,"save_ms":29.713148,"snapshot_bytes":3282666,"wchar_delta":3282666,"write_bytes_delta":3284992}
    perfdiag_test.go:291: PERF_PERSIST {"clients":20,"history":20000,"persist_index":30,"save_ms":29.541006,"snapshot_bytes":3282666,"wchar_delta":3282666,"write_bytes_delta":3284992}
    perfdiag_test.go:291: PERF_PERSIST {"clients":20,"history":20000,"persist_index":31,"save_ms":20.679679,"snapshot_bytes":3282666,"wchar_delta":3282666,"write_bytes_delta":3284992}
    perfdiag_test.go:291: PERF_PERSIST {"clients":20,"history":20000,"persist_index":32,"save_ms":29.480924,"snapshot_bytes":3282666,"wchar_delta":3282666,"write_bytes_delta":3284992}
    perfdiag_test.go:291: PERF_PERSIST {"clients":20,"history":20000,"persist_index":33,"save_ms":29.497905,"snapshot_bytes":3282666,"wchar_delta":3282666,"write_bytes_delta":3284992}
    perfdiag_test.go:291: PERF_PERSIST {"clients":20,"history":20000,"persist_index":34,"save_ms":20.575144,"snapshot_bytes":3282666,"wchar_delta":3282666,"write_bytes_delta":3284992}
    perfdiag_test.go:291: PERF_PERSIST {"clients":20,"history":20000,"persist_index":35,"save_ms":29.758913,"snapshot_bytes":3282666,"wchar_delta":3282666,"write_bytes_delta":3284992}
    perfdiag_test.go:291: PERF_PERSIST {"clients":20,"history":20000,"persist_index":36,"save_ms":20.529629,"snapshot_bytes":3282666,"wchar_delta":3282666,"write_bytes_delta":3284992}
    perfdiag_test.go:291: PERF_PERSIST {"clients":20,"history":20000,"persist_index":37,"save_ms":29.566094,"snapshot_bytes":3282666,"wchar_delta":3282666,"write_bytes_delta":3284992}
    perfdiag_test.go:291: PERF_PERSIST {"clients":20,"history":20000,"persist_index":38,"save_ms":29.473981,"snapshot_bytes":3282666,"wchar_delta":3282666,"write_bytes_delta":3284992}
    perfdiag_test.go:291: PERF_PERSIST {"clients":20,"history":20000,"persist_index":39,"save_ms":20.566758,"snapshot_bytes":3282666,"wchar_delta":3282666,"write_bytes_delta":3284992}
    perfdiag_test.go:291: PERF_IO_SUMMARY {"bytes_per_persist":3282290.8,"clients":20,"elapsed_seconds":0.965428577,"emitted_to_net_file_growth_ratio":50111.30992366412,"final_file_bytes":3282666,"history":20000,"initial_file_bytes":3280046,"net_file_growth_bytes":2620,"persist_calls":40,"persist_per_request":1,"persist_per_second":41.43237620363086,"proc_io_available":true,"ratio_denominator":"net snapshot file growth, not logical mutation bytes","snapshot_emitted_bytes":131291632,"wchar_delta":131291632,"write_bytes_delta":131395584,"write_bytes_per_second":136100781.6945945}
    perfdiag_test.go:292: PERF_SUMMARY {"audit_count":20040,"clients":20,"elapsed_seconds":0.965428577,"failures":0,"goroutines_after":3,"goroutines_before":23,"goroutines_delta":-20,"heap_after_bytes":10807528,"heap_before_bytes":8656880,"heap_delta_bytes":2150648,"history":20000,"max_ms":499.351971,"numgc_delta":27,"p50_ms":438.16785,"p95_ms":499.136348,"p99_ms":499.351971,"pause_delta_ns":797537,"polls":2,"rate_requests_per_second":41.43237620363086,"requests":40,"snapshot_bytes":3282666,"successes":40,"totalalloc_delta_bytes":199403392}
=== RUN   TestPerfHTTPActiveHistoryMatrix/history_20000/clients_40
    perfdiag_test.go:279: PERF_REQUEST {"history":20000,"clients":40,"client":0,"repetition":0,"latency_ms":1006.465975,"status":200}
    perfdiag_test.go:279: PERF_REQUEST {"history":20000,"clients":40,"client":0,"repetition":1,"latency_ms":1039.92948,"status":200}
    perfdiag_test.go:279: PERF_REQUEST {"history":20000,"clients":40,"client":1,"repetition":0,"latency_ms":977.028452,"status":200}
    perfdiag_test.go:279: PERF_REQUEST {"history":20000,"clients":40,"client":1,"repetition":1,"latency_ms":1041.571709,"status":200}
    perfdiag_test.go:279: PERF_REQUEST {"history":20000,"clients":40,"client":2,"repetition":0,"latency_ms":917.498523,"status":200}
    perfdiag_test.go:279: PERF_REQUEST {"history":20000,"clients":40,"client":2,"repetition":1,"latency_ms":1047.205445,"status":200}
    perfdiag_test.go:279: PERF_REQUEST {"history":20000,"clients":40,"client":3,"repetition":0,"latency_ms":947.195391,"status":200}
    perfdiag_test.go:279: PERF_REQUEST {"history":20000,"clients":40,"client":3,"repetition":1,"latency_ms":1049.326409,"status":200}
    perfdiag_test.go:279: PERF_REQUEST {"history":20000,"clients":40,"client":4,"repetition":0,"latency_ms":787.380151,"status":200}
    perfdiag_test.go:279: PERF_REQUEST {"history":20000,"clients":40,"client":4,"repetition":1,"latency_ms":1048.223187,"status":200}
    perfdiag_test.go:279: PERF_REQUEST {"history":20000,"clients":40,"client":5,"repetition":0,"latency_ms":897.097224,"status":200}
    perfdiag_test.go:279: PERF_REQUEST {"history":20000,"clients":40,"client":5,"repetition":1,"latency_ms":1039.505559,"status":200}
    perfdiag_test.go:279: PERF_REQUEST {"history":20000,"clients":40,"client":6,"repetition":0,"latency_ms":867.219749,"status":200}
    perfdiag_test.go:279: PERF_REQUEST {"history":20000,"clients":40,"client":6,"repetition":1,"latency_ms":1048.608447,"status":200}
    perfdiag_test.go:279: PERF_REQUEST {"history":20000,"clients":40,"client":7,"repetition":0,"latency_ms":21.465918,"status":200}
    perfdiag_test.go:279: PERF_REQUEST {"history":20000,"clients":40,"client":7,"repetition":1,"latency_ms":19.032731,"status":200}
    perfdiag_test.go:279: PERF_REQUEST {"history":20000,"clients":40,"client":8,"repetition":0,"latency_ms":817.053234,"status":200}
    perfdiag_test.go:279: PERF_REQUEST {"history":20000,"clients":40,"client":8,"repetition":1,"latency_ms":1039.254589,"status":200}
    perfdiag_test.go:279: PERF_REQUEST {"history":20000,"clients":40,"client":9,"repetition":0,"latency_ms":517.777378,"status":200}
    perfdiag_test.go:279: PERF_REQUEST {"history":20000,"clients":40,"client":9,"repetition":1,"latency_ms":1047.050246,"status":200}
    perfdiag_test.go:279: PERF_REQUEST {"history":20000,"clients":40,"client":10,"repetition":0,"latency_ms":757.600118,"status":200}
    perfdiag_test.go:279: PERF_REQUEST {"history":20000,"clients":40,"client":10,"repetition":1,"latency_ms":1046.718846,"status":200}
    perfdiag_test.go:279: PERF_REQUEST {"history":20000,"clients":40,"client":11,"repetition":0,"latency_ms":737.023352,"status":200}
    perfdiag_test.go:279: PERF_REQUEST {"history":20000,"clients":40,"client":11,"repetition":1,"latency_ms":1039.554951,"status":200}
    perfdiag_test.go:279: PERF_REQUEST {"history":20000,"clients":40,"client":12,"repetition":0,"latency_ms":707.287871,"status":200}
    perfdiag_test.go:279: PERF_REQUEST {"history":20000,"clients":40,"client":12,"repetition":1,"latency_ms":1049.02248,"status":200}
    perfdiag_test.go:279: PERF_REQUEST {"history":20000,"clients":40,"client":13,"repetition":0,"latency_ms":677.600262,"status":200}
    perfdiag_test.go:279: PERF_REQUEST {"history":20000,"clients":40,"client":13,"repetition":1,"latency_ms":1043.615458,"status":200}
    perfdiag_test.go:279: PERF_REQUEST {"history":20000,"clients":40,"client":14,"repetition":0,"latency_ms":657.20333,"status":200}
    perfdiag_test.go:279: PERF_REQUEST {"history":20000,"clients":40,"client":14,"repetition":1,"latency_ms":1039.200549,"status":200}
    perfdiag_test.go:279: PERF_REQUEST {"history":20000,"clients":40,"client":15,"repetition":0,"latency_ms":627.393532,"status":200}
    perfdiag_test.go:279: PERF_REQUEST {"history":20000,"clients":40,"client":15,"repetition":1,"latency_ms":1049.017141,"status":200}
    perfdiag_test.go:279: PERF_REQUEST {"history":20000,"clients":40,"client":16,"repetition":0,"latency_ms":837.314772,"status":200}
    perfdiag_test.go:279: PERF_REQUEST {"history":20000,"clients":40,"client":16,"repetition":1,"latency_ms":1045.62363,"status":200}
    perfdiag_test.go:279: PERF_REQUEST {"history":20000,"clients":40,"client":17,"repetition":0,"latency_ms":577.141978,"status":200}
    perfdiag_test.go:279: PERF_REQUEST {"history":20000,"clients":40,"client":17,"repetition":1,"latency_ms":1039.288954,"status":200}
    perfdiag_test.go:279: PERF_REQUEST {"history":20000,"clients":40,"client":18,"repetition":0,"latency_ms":547.371293,"status":200}
    perfdiag_test.go:279: PERF_REQUEST {"history":20000,"clients":40,"client":18,"repetition":1,"latency_ms":1048.849938,"status":200}
    perfdiag_test.go:279: PERF_REQUEST {"history":20000,"clients":40,"client":19,"repetition":0,"latency_ms":63.955589,"status":200}
    perfdiag_test.go:279: PERF_REQUEST {"history":20000,"clients":40,"client":19,"repetition":1,"latency_ms":963.602667,"status":200}
    perfdiag_test.go:279: PERF_REQUEST {"history":20000,"clients":40,"client":20,"repetition":0,"latency_ms":497.246527,"status":200}
    perfdiag_test.go:279: PERF_REQUEST {"history":20000,"clients":40,"client":20,"repetition":1,"latency_ms":1039.627266,"status":200}
    perfdiag_test.go:279: PERF_REQUEST {"history":20000,"clients":40,"client":21,"repetition":0,"latency_ms":467.664975,"status":200}
    perfdiag_test.go:279: PERF_REQUEST {"history":20000,"clients":40,"client":21,"repetition":1,"latency_ms":1048.69069,"status":200}
    perfdiag_test.go:279: PERF_REQUEST {"history":20000,"clients":40,"client":22,"repetition":0,"latency_ms":437.779766,"status":200}
    perfdiag_test.go:279: PERF_REQUEST {"history":20000,"clients":40,"client":22,"repetition":1,"latency_ms":1046.68356,"status":200}
    perfdiag_test.go:279: PERF_REQUEST {"history":20000,"clients":40,"client":23,"repetition":0,"latency_ms":417.310429,"status":200}
    perfdiag_test.go:279: PERF_REQUEST {"history":20000,"clients":40,"client":23,"repetition":1,"latency_ms":1039.36734,"status":200}
    perfdiag_test.go:279: PERF_REQUEST {"history":20000,"clients":40,"client":24,"repetition":0,"latency_ms":597.567112,"status":200}
    perfdiag_test.go:279: PERF_REQUEST {"history":20000,"clients":40,"client":24,"repetition":1,"latency_ms":1045.042163,"status":200}
    perfdiag_test.go:279: PERF_REQUEST {"history":20000,"clients":40,"client":25,"repetition":0,"latency_ms":357.850791,"status":200}
    perfdiag_test.go:279: PERF_REQUEST {"history":20000,"clients":40,"client":25,"repetition":1,"latency_ms":1046.710009,"status":200}
    perfdiag_test.go:279: PERF_REQUEST {"history":20000,"clients":40,"client":26,"repetition":0,"latency_ms":337.308649,"status":200}
    perfdiag_test.go:279: PERF_REQUEST {"history":20000,"clients":40,"client":26,"repetition":1,"latency_ms":1039.307599,"status":200}
    perfdiag_test.go:279: PERF_REQUEST {"history":20000,"clients":40,"client":27,"repetition":0,"latency_ms":307.590522,"status":200}
    perfdiag_test.go:279: PERF_REQUEST {"history":20000,"clients":40,"client":27,"repetition":1,"latency_ms":1039.884797,"status":200}
    perfdiag_test.go:279: PERF_REQUEST {"history":20000,"clients":40,"client":28,"repetition":0,"latency_ms":278.24975,"status":200}
    perfdiag_test.go:279: PERF_REQUEST {"history":20000,"clients":40,"client":28,"repetition":1,"latency_ms":1046.70465,"status":200}
    perfdiag_test.go:279: PERF_REQUEST {"history":20000,"clients":40,"client":29,"repetition":0,"latency_ms":387.60711,"status":200}
    perfdiag_test.go:279: PERF_REQUEST {"history":20000,"clients":40,"client":29,"repetition":1,"latency_ms":1039.448422,"status":200}
    perfdiag_test.go:279: PERF_REQUEST {"history":20000,"clients":40,"client":30,"repetition":0,"latency_ms":229.891414,"status":200}
    perfdiag_test.go:279: PERF_REQUEST {"history":20000,"clients":40,"client":30,"repetition":1,"latency_ms":1038.748443,"status":200}
    perfdiag_test.go:279: PERF_REQUEST {"history":20000,"clients":40,"client":31,"repetition":0,"latency_ms":211.56953,"status":200}
    perfdiag_test.go:279: PERF_REQUEST {"history":20000,"clients":40,"client":31,"repetition":1,"latency_ms":1032.988912,"status":200}
    perfdiag_test.go:279: PERF_REQUEST {"history":20000,"clients":40,"client":32,"repetition":0,"latency_ms":257.30763,"status":200}
    perfdiag_test.go:279: PERF_REQUEST {"history":20000,"clients":40,"client":32,"repetition":1,"latency_ms":1039.692788,"status":200}
    perfdiag_test.go:279: PERF_REQUEST {"history":20000,"clients":40,"client":33,"repetition":0,"latency_ms":194.13258,"status":200}
    perfdiag_test.go:279: PERF_REQUEST {"history":20000,"clients":40,"client":33,"repetition":1,"latency_ms":1022.950906,"status":200}
    perfdiag_test.go:279: PERF_REQUEST {"history":20000,"clients":40,"client":34,"repetition":0,"latency_ms":174.950539,"status":200}
    perfdiag_test.go:279: PERF_REQUEST {"history":20000,"clients":40,"client":34,"repetition":1,"latency_ms":1012.24301,"status":200}
    perfdiag_test.go:279: PERF_REQUEST {"history":20000,"clients":40,"client":35,"repetition":0,"latency_ms":82.022045,"status":200}
    perfdiag_test.go:279: PERF_REQUEST {"history":20000,"clients":40,"client":35,"repetition":1,"latency_ms":975.162576,"status":200}
    perfdiag_test.go:279: PERF_REQUEST {"history":20000,"clients":40,"client":36,"repetition":0,"latency_ms":155.331301,"status":200}
    perfdiag_test.go:279: PERF_REQUEST {"history":20000,"clients":40,"client":36,"repetition":1,"latency_ms":1008.242104,"status":200}
    perfdiag_test.go:279: PERF_REQUEST {"history":20000,"clients":40,"client":37,"repetition":0,"latency_ms":99.486106,"status":200}
    perfdiag_test.go:279: PERF_REQUEST {"history":20000,"clients":40,"client":37,"repetition":1,"latency_ms":991.79364,"status":200}
    perfdiag_test.go:279: PERF_REQUEST {"history":20000,"clients":40,"client":38,"repetition":0,"latency_ms":118.616571,"status":200}
    perfdiag_test.go:279: PERF_REQUEST {"history":20000,"clients":40,"client":38,"repetition":1,"latency_ms":995.788815,"status":200}
    perfdiag_test.go:279: PERF_REQUEST {"history":20000,"clients":40,"client":39,"repetition":0,"latency_ms":137.071102,"status":200}
    perfdiag_test.go:279: PERF_REQUEST {"history":20000,"clients":40,"client":39,"repetition":1,"latency_ms":1000.227168,"status":200}
    perfdiag_test.go:291: PERF_PERSIST {"clients":40,"history":20000,"persist_index":0,"save_ms":21.350442,"snapshot_bytes":3350674,"wchar_delta":3350674,"write_bytes_delta":3354624}
    perfdiag_test.go:291: PERF_PERSIST {"clients":40,"history":20000,"persist_index":1,"save_ms":18.770161,"snapshot_bytes":3353541,"wchar_delta":3353541,"write_bytes_delta":3354624}
    perfdiag_test.go:291: PERF_PERSIST {"clients":40,"history":20000,"persist_index":2,"save_ms":23.593934,"snapshot_bytes":3353541,"wchar_delta":3353541,"write_bytes_delta":3354624}
    perfdiag_test.go:291: PERF_PERSIST {"clients":40,"history":20000,"persist_index":3,"save_ms":18.000954,"snapshot_bytes":3353541,"wchar_delta":3353541,"write_bytes_delta":3354624}
    perfdiag_test.go:291: PERF_PERSIST {"clients":40,"history":20000,"persist_index":4,"save_ms":17.516659,"snapshot_bytes":3353596,"wchar_delta":3353596,"write_bytes_delta":3354624}
    perfdiag_test.go:291: PERF_PERSIST {"clients":40,"history":20000,"persist_index":5,"save_ms":19.115877,"snapshot_bytes":3353651,"wchar_delta":3353651,"write_bytes_delta":3354624}
    perfdiag_test.go:291: PERF_PERSIST {"clients":40,"history":20000,"persist_index":6,"save_ms":18.433772,"snapshot_bytes":3353706,"wchar_delta":3353706,"write_bytes_delta":3354624}
    perfdiag_test.go:291: PERF_PERSIST {"clients":40,"history":20000,"persist_index":7,"save_ms":18.248266,"snapshot_bytes":3353761,"wchar_delta":3353761,"write_bytes_delta":3354624}
    perfdiag_test.go:291: PERF_PERSIST {"clients":40,"history":20000,"persist_index":8,"save_ms":19.602467,"snapshot_bytes":3353816,"wchar_delta":3353816,"write_bytes_delta":3354624}
    perfdiag_test.go:291: PERF_PERSIST {"clients":40,"history":20000,"persist_index":9,"save_ms":19.151083,"snapshot_bytes":3353871,"wchar_delta":3353871,"write_bytes_delta":3354624}
    perfdiag_test.go:291: PERF_PERSIST {"clients":40,"history":20000,"persist_index":10,"save_ms":17.434155,"snapshot_bytes":3353926,"wchar_delta":3353926,"write_bytes_delta":3354624}
    perfdiag_test.go:291: PERF_PERSIST {"clients":40,"history":20000,"persist_index":11,"save_ms":18.304291,"snapshot_bytes":3353981,"wchar_delta":3353981,"write_bytes_delta":3354624}
    perfdiag_test.go:291: PERF_PERSIST {"clients":40,"history":20000,"persist_index":12,"save_ms":27.394475,"snapshot_bytes":3354036,"wchar_delta":3354036,"write_bytes_delta":3354624}
    perfdiag_test.go:291: PERF_PERSIST {"clients":40,"history":20000,"persist_index":13,"save_ms":20.940386,"snapshot_bytes":3354091,"wchar_delta":3354091,"write_bytes_delta":3354624}
    perfdiag_test.go:291: PERF_PERSIST {"clients":40,"history":20000,"persist_index":14,"save_ms":29.309464,"snapshot_bytes":3354146,"wchar_delta":3354146,"write_bytes_delta":3354624}
    perfdiag_test.go:291: PERF_PERSIST {"clients":40,"history":20000,"persist_index":15,"save_ms":29.695375,"snapshot_bytes":3354201,"wchar_delta":3354201,"write_bytes_delta":3354624}
    perfdiag_test.go:291: PERF_PERSIST {"clients":40,"history":20000,"persist_index":16,"save_ms":20.536662,"snapshot_bytes":3354256,"wchar_delta":3354256,"write_bytes_delta":3354624}
    perfdiag_test.go:291: PERF_PERSIST {"clients":40,"history":20000,"persist_index":17,"save_ms":29.74093,"snapshot_bytes":3354311,"wchar_delta":3354311,"write_bytes_delta":3354624}
    perfdiag_test.go:291: PERF_PERSIST {"clients":40,"history":20000,"persist_index":18,"save_ms":29.684795,"snapshot_bytes":3354366,"wchar_delta":3354366,"write_bytes_delta":3354624}
    perfdiag_test.go:291: PERF_PERSIST {"clients":40,"history":20000,"persist_index":19,"save_ms":20.470919,"snapshot_bytes":3354421,"wchar_delta":3354421,"write_bytes_delta":3354624}
    perfdiag_test.go:291: PERF_PERSIST {"clients":40,"history":20000,"persist_index":20,"save_ms":29.85863,"snapshot_bytes":3354476,"wchar_delta":3354476,"write_bytes_delta":3354624}
    perfdiag_test.go:291: PERF_PERSIST {"clients":40,"history":20000,"persist_index":21,"save_ms":29.566404,"snapshot_bytes":3354531,"wchar_delta":3354531,"write_bytes_delta":3354624}
    perfdiag_test.go:291: PERF_PERSIST {"clients":40,"history":20000,"persist_index":22,"save_ms":20.527936,"snapshot_bytes":3354586,"wchar_delta":3354586,"write_bytes_delta":3354624}
    perfdiag_test.go:291: PERF_PERSIST {"clients":40,"history":20000,"persist_index":23,"save_ms":29.573637,"snapshot_bytes":3354641,"wchar_delta":3354641,"write_bytes_delta":3358720}
    perfdiag_test.go:291: PERF_PERSIST {"clients":40,"history":20000,"persist_index":24,"save_ms":29.761248,"snapshot_bytes":3354696,"wchar_delta":3354696,"write_bytes_delta":3358720}
    perfdiag_test.go:291: PERF_PERSIST {"clients":40,"history":20000,"persist_index":25,"save_ms":20.404374,"snapshot_bytes":3354751,"wchar_delta":3354751,"write_bytes_delta":3358720}
    perfdiag_test.go:291: PERF_PERSIST {"clients":40,"history":20000,"persist_index":26,"save_ms":29.800521,"snapshot_bytes":3354806,"wchar_delta":3354806,"write_bytes_delta":3358720}
    perfdiag_test.go:291: PERF_PERSIST {"clients":40,"history":20000,"persist_index":27,"save_ms":29.788979,"snapshot_bytes":3354861,"wchar_delta":3354861,"write_bytes_delta":3358720}
    perfdiag_test.go:291: PERF_PERSIST {"clients":40,"history":20000,"persist_index":28,"save_ms":20.384007,"snapshot_bytes":3354916,"wchar_delta":3354916,"write_bytes_delta":3358720}
    perfdiag_test.go:291: PERF_PERSIST {"clients":40,"history":20000,"persist_index":29,"save_ms":29.666781,"snapshot_bytes":3354971,"wchar_delta":3354971,"write_bytes_delta":3358720}
    perfdiag_test.go:291: PERF_PERSIST {"clients":40,"history":20000,"persist_index":30,"save_ms":29.713448,"snapshot_bytes":3355026,"wchar_delta":3355026,"write_bytes_delta":3358720}
    perfdiag_test.go:291: PERF_PERSIST {"clients":40,"history":20000,"persist_index":31,"save_ms":20.44985,"snapshot_bytes":3355081,"wchar_delta":3355081,"write_bytes_delta":3358720}
    perfdiag_test.go:291: PERF_PERSIST {"clients":40,"history":20000,"persist_index":32,"save_ms":29.879518,"snapshot_bytes":3355136,"wchar_delta":3355136,"write_bytes_delta":3358720}
    perfdiag_test.go:291: PERF_PERSIST {"clients":40,"history":20000,"persist_index":33,"save_ms":29.641835,"snapshot_bytes":3355191,"wchar_delta":3355191,"write_bytes_delta":3358720}
    perfdiag_test.go:291: PERF_PERSIST {"clients":40,"history":20000,"persist_index":34,"save_ms":20.247121,"snapshot_bytes":3355246,"wchar_delta":3355246,"write_bytes_delta":3358720}
    perfdiag_test.go:291: PERF_PERSIST {"clients":40,"history":20000,"persist_index":35,"save_ms":29.88578,"snapshot_bytes":3355301,"wchar_delta":3355301,"write_bytes_delta":3358720}
    perfdiag_test.go:291: PERF_PERSIST {"clients":40,"history":20000,"persist_index":36,"save_ms":29.854151,"snapshot_bytes":3355356,"wchar_delta":3355356,"write_bytes_delta":3358720}
    perfdiag_test.go:291: PERF_PERSIST {"clients":40,"history":20000,"persist_index":37,"save_ms":20.402651,"snapshot_bytes":3355411,"wchar_delta":3355411,"write_bytes_delta":3358720}
    perfdiag_test.go:291: PERF_PERSIST {"clients":40,"history":20000,"persist_index":38,"save_ms":29.677922,"snapshot_bytes":3355466,"wchar_delta":3355466,"write_bytes_delta":3358720}
    perfdiag_test.go:291: PERF_PERSIST {"clients":40,"history":20000,"persist_index":39,"save_ms":29.818535,"snapshot_bytes":3355521,"wchar_delta":3355521,"write_bytes_delta":3358720}
    perfdiag_test.go:291: PERF_PERSIST {"clients":40,"history":20000,"persist_index":40,"save_ms":29.426372,"snapshot_bytes":3355576,"wchar_delta":3355576,"write_bytes_delta":3358720}
    perfdiag_test.go:291: PERF_PERSIST {"clients":40,"history":20000,"persist_index":41,"save_ms":20.651918,"snapshot_bytes":3355631,"wchar_delta":3355631,"write_bytes_delta":3358720}
    perfdiag_test.go:291: PERF_PERSIST {"clients":40,"history":20000,"persist_index":42,"save_ms":29.702729,"snapshot_bytes":3355686,"wchar_delta":3355686,"write_bytes_delta":3358720}
    perfdiag_test.go:291: PERF_PERSIST {"clients":40,"history":20000,"persist_index":43,"save_ms":36.305926,"snapshot_bytes":3355686,"wchar_delta":3355686,"write_bytes_delta":3358720}
    perfdiag_test.go:291: PERF_PERSIST {"clients":40,"history":20000,"persist_index":44,"save_ms":20.775378,"snapshot_bytes":3355686,"wchar_delta":3355686,"write_bytes_delta":3358720}
    perfdiag_test.go:291: PERF_PERSIST {"clients":40,"history":20000,"persist_index":45,"save_ms":23.156598,"snapshot_bytes":3355686,"wchar_delta":3355686,"write_bytes_delta":3358720}
    perfdiag_test.go:291: PERF_PERSIST {"clients":40,"history":20000,"persist_index":46,"save_ms":29.32339,"snapshot_bytes":3355686,"wchar_delta":3355686,"write_bytes_delta":3358720}
    perfdiag_test.go:291: PERF_PERSIST {"clients":40,"history":20000,"persist_index":47,"save_ms":20.624957,"snapshot_bytes":3355686,"wchar_delta":3355686,"write_bytes_delta":3358720}
    perfdiag_test.go:291: PERF_PERSIST {"clients":40,"history":20000,"persist_index":48,"save_ms":29.884268,"snapshot_bytes":3355686,"wchar_delta":3355686,"write_bytes_delta":3358720}
    perfdiag_test.go:291: PERF_PERSIST {"clients":40,"history":20000,"persist_index":49,"save_ms":29.802355,"snapshot_bytes":3355686,"wchar_delta":3355686,"write_bytes_delta":3358720}
    perfdiag_test.go:291: PERF_PERSIST {"clients":40,"history":20000,"persist_index":50,"save_ms":21.810773,"snapshot_bytes":3355686,"wchar_delta":3355686,"write_bytes_delta":3358720}
    perfdiag_test.go:291: PERF_PERSIST {"clients":40,"history":20000,"persist_index":51,"save_ms":28.313212,"snapshot_bytes":3355686,"wchar_delta":3355686,"write_bytes_delta":3358720}
    perfdiag_test.go:291: PERF_PERSIST {"clients":40,"history":20000,"persist_index":52,"save_ms":29.4145,"snapshot_bytes":3355686,"wchar_delta":3355686,"write_bytes_delta":3358720}
    perfdiag_test.go:291: PERF_PERSIST {"clients":40,"history":20000,"persist_index":53,"save_ms":20.552602,"snapshot_bytes":3355686,"wchar_delta":3355686,"write_bytes_delta":3358720}
    perfdiag_test.go:291: PERF_PERSIST {"clients":40,"history":20000,"persist_index":54,"save_ms":29.651723,"snapshot_bytes":3355686,"wchar_delta":3355686,"write_bytes_delta":3358720}
    perfdiag_test.go:291: PERF_PERSIST {"clients":40,"history":20000,"persist_index":55,"save_ms":30.068723,"snapshot_bytes":3355686,"wchar_delta":3355686,"write_bytes_delta":3358720}
    perfdiag_test.go:291: PERF_PERSIST {"clients":40,"history":20000,"persist_index":56,"save_ms":20.164257,"snapshot_bytes":3355686,"wchar_delta":3355686,"write_bytes_delta":3358720}
    perfdiag_test.go:291: PERF_PERSIST {"clients":40,"history":20000,"persist_index":57,"save_ms":29.770866,"snapshot_bytes":3355686,"wchar_delta":3355686,"write_bytes_delta":3358720}
    perfdiag_test.go:291: PERF_PERSIST {"clients":40,"history":20000,"persist_index":58,"save_ms":29.887554,"snapshot_bytes":3355686,"wchar_delta":3355686,"write_bytes_delta":3358720}
    perfdiag_test.go:291: PERF_PERSIST {"clients":40,"history":20000,"persist_index":59,"save_ms":29.429508,"snapshot_bytes":3355686,"wchar_delta":3355686,"write_bytes_delta":3358720}
    perfdiag_test.go:291: PERF_PERSIST {"clients":40,"history":20000,"persist_index":60,"save_ms":20.891255,"snapshot_bytes":3355686,"wchar_delta":3355686,"write_bytes_delta":3358720}
    perfdiag_test.go:291: PERF_PERSIST {"clients":40,"history":20000,"persist_index":61,"save_ms":29.275981,"snapshot_bytes":3355686,"wchar_delta":3355686,"write_bytes_delta":3358720}
    perfdiag_test.go:291: PERF_PERSIST {"clients":40,"history":20000,"persist_index":62,"save_ms":29.662023,"snapshot_bytes":3355686,"wchar_delta":3355686,"write_bytes_delta":3358720}
    perfdiag_test.go:291: PERF_PERSIST {"clients":40,"history":20000,"persist_index":63,"save_ms":20.515903,"snapshot_bytes":3355686,"wchar_delta":3355686,"write_bytes_delta":3358720}
    perfdiag_test.go:291: PERF_PERSIST {"clients":40,"history":20000,"persist_index":64,"save_ms":29.659718,"snapshot_bytes":3355686,"wchar_delta":3355686,"write_bytes_delta":3358720}
    perfdiag_test.go:291: PERF_PERSIST {"clients":40,"history":20000,"persist_index":65,"save_ms":29.75651,"snapshot_bytes":3355686,"wchar_delta":3355686,"write_bytes_delta":3358720}
    perfdiag_test.go:291: PERF_PERSIST {"clients":40,"history":20000,"persist_index":66,"save_ms":20.480447,"snapshot_bytes":3355686,"wchar_delta":3355686,"write_bytes_delta":3358720}
    perfdiag_test.go:291: PERF_PERSIST {"clients":40,"history":20000,"persist_index":67,"save_ms":29.641574,"snapshot_bytes":3355686,"wchar_delta":3355686,"write_bytes_delta":3358720}
    perfdiag_test.go:291: PERF_PERSIST {"clients":40,"history":20000,"persist_index":68,"save_ms":29.732635,"snapshot_bytes":3355686,"wchar_delta":3355686,"write_bytes_delta":3358720}
    perfdiag_test.go:291: PERF_PERSIST {"clients":40,"history":20000,"persist_index":69,"save_ms":20.722489,"snapshot_bytes":3355686,"wchar_delta":3355686,"write_bytes_delta":3358720}
    perfdiag_test.go:291: PERF_PERSIST {"clients":40,"history":20000,"persist_index":70,"save_ms":29.505661,"snapshot_bytes":3355686,"wchar_delta":3355686,"write_bytes_delta":3358720}
    perfdiag_test.go:291: PERF_PERSIST {"clients":40,"history":20000,"persist_index":71,"save_ms":29.582764,"snapshot_bytes":3355686,"wchar_delta":3355686,"write_bytes_delta":3358720}
    perfdiag_test.go:291: PERF_PERSIST {"clients":40,"history":20000,"persist_index":72,"save_ms":20.592886,"snapshot_bytes":3355686,"wchar_delta":3355686,"write_bytes_delta":3358720}
    perfdiag_test.go:291: PERF_PERSIST {"clients":40,"history":20000,"persist_index":73,"save_ms":29.664888,"snapshot_bytes":3355686,"wchar_delta":3355686,"write_bytes_delta":3358720}
    perfdiag_test.go:291: PERF_PERSIST {"clients":40,"history":20000,"persist_index":74,"save_ms":29.631445,"snapshot_bytes":3355686,"wchar_delta":3355686,"write_bytes_delta":3358720}
    perfdiag_test.go:291: PERF_PERSIST {"clients":40,"history":20000,"persist_index":75,"save_ms":21.00133,"snapshot_bytes":3355686,"wchar_delta":3355686,"write_bytes_delta":3358720}
    perfdiag_test.go:291: PERF_PERSIST {"clients":40,"history":20000,"persist_index":76,"save_ms":29.424518,"snapshot_bytes":3355686,"wchar_delta":3355686,"write_bytes_delta":3358720}
    perfdiag_test.go:291: PERF_PERSIST {"clients":40,"history":20000,"persist_index":77,"save_ms":29.876203,"snapshot_bytes":3355686,"wchar_delta":3355686,"write_bytes_delta":3358720}
    perfdiag_test.go:291: PERF_PERSIST {"clients":40,"history":20000,"persist_index":78,"save_ms":20.87824,"snapshot_bytes":3355686,"wchar_delta":3355686,"write_bytes_delta":3358720}
    perfdiag_test.go:291: PERF_PERSIST {"clients":40,"history":20000,"persist_index":79,"save_ms":29.122194,"snapshot_bytes":3355686,"wchar_delta":3355686,"write_bytes_delta":3358720}
    perfdiag_test.go:291: PERF_IO_SUMMARY {"bytes_per_persist":3355033.475,"clients":40,"elapsed_seconds":2.047793187,"emitted_to_net_file_growth_ratio":51221.88511450381,"final_file_bytes":3355686,"history":20000,"initial_file_bytes":3350446,"net_file_growth_bytes":5240,"persist_calls":80,"persist_per_request":1,"persist_per_second":39.06644504330993,"proc_io_available":true,"ratio_denominator":"net snapshot file growth, not logical mutation bytes","snapshot_emitted_bytes":268402678,"wchar_delta":268402678,"write_bytes_delta":268603392,"write_bytes_per_second":131167245.65018295}
    perfdiag_test.go:292: PERF_SUMMARY {"audit_count":20080,"clients":40,"elapsed_seconds":2.047793187,"failures":0,"goroutines_after":3,"goroutines_before":43,"goroutines_delta":-40,"heap_after_bytes":13979248,"heap_before_bytes":7525408,"heap_delta_bytes":6453840,"history":20000,"max_ms":1049.326409,"numgc_delta":53,"p50_ms":963.602667,"p95_ms":1048.69069,"p99_ms":1049.326409,"pause_delta_ns":1256997,"polls":2,"rate_requests_per_second":39.06644504330993,"requests":80,"snapshot_bytes":3355686,"successes":80,"totalalloc_delta_bytes":409026744}
--- PASS: TestPerfHTTPActiveHistoryMatrix (5.11s)
    --- PASS: TestPerfHTTPActiveHistoryMatrix/history_1000/clients_20 (0.06s)
    --- PASS: TestPerfHTTPActiveHistoryMatrix/history_1000/clients_40 (0.18s)
    --- PASS: TestPerfHTTPActiveHistoryMatrix/history_10000/clients_20 (0.55s)
    --- PASS: TestPerfHTTPActiveHistoryMatrix/history_10000/clients_40 (1.11s)
    --- PASS: TestPerfHTTPActiveHistoryMatrix/history_20000/clients_20 (1.06s)
    --- PASS: TestPerfHTTPActiveHistoryMatrix/history_20000/clients_40 (2.15s)
PASS
